feature,coefficient
great,4.623975216013119
excellent,3.9856985841627703
the best,3.005354462409321
wonderful,2.982814979421857
best,2.9060468082965505
loved,2.8609028952914564
well,2.7699673900761907
and,2.6886292382804684
perfect,2.492412653870155
amazing,2.4373882191331773
it,2.4151408592946835
love,2.2351858739145847
brilliant,2.200387749466382
favorite,2.156120003583345
very,2.092981230751437
today,2.0172008235112533
also,1.9946399336520466
job,1.9797846464230577
enjoyed,1.9394016934614595
highly,1.919111574536528
fun,1.911993990894014
beautiful,1.901020330185211
enjoy,1.8875133514909808
superb,1.7993608849365745
it is,1.7805862561439092
heart,1.7519449406909864
this is,1.7496351236912613
especially,1.7338441596762506
still,1.7191454093545309
definitely,1.683342334461239
you,1.6765397294829962
one of,1.6609130831030827
fantastic,1.6504881118580121
enjoyable,1.6503078936490245
liked,1.6348671232441816
classic,1.6323258821582614
life,1.632206045285948
very well,1.5642962081815128
simple,1.5589829565537818
my favorite,1.5093022118066137
series,1.501827092913279
both,1.484580800499223
is great,1.4843660052893064
times,1.478279858513933
always,1.476322508499015
true,1.4663512504600953
makes,1.4631856396415366
good,1.4534554768035035
world,1.40849515205846
his,1.395815184119335
touching,1.3836557756856271
may,1.3763900264679023
must see,1.3478740378695657
is,1.346567426979205
wonderfully,1.3363777200250937
very good,1.3342783528246234
as the,1.3246728102729466
perfectly,1.3048931600512481
performance,1.3007054564606777
different,1.2978304421848676
nice,1.2893814635526464
an excellent,1.2854733625295194
shows,1.274351113176968
the two,1.2663297981144215
loved this,1.2479888841688338
incredible,1.2415250675003944
years,1.2373106511622367
powerful,1.2341098906886587
sometimes,1.2321737550853187
will,1.223317193591461
performances,1.22304244780094
human,1.210513037239491
moving,1.2005438711042429
him,1.1986040240683775
recommended,1.1984002076102858
some of,1.1898229656236943
noir,1.1831412271677884
masterpiece,1.1788983831015847
refreshing,1.169131660501177
often,1.1591642410834382
although,1.1577010251575308
and well,1.1544645523869832
10 10,1.143512859609262
is excellent,1.1399293049792818
funniest,1.1381882526523037
on dvd,1.1362808330318535
unique,1.1347615180029849
bit,1.1302517584642184
realistic,1.129728641616742
more,1.1201629171017018
stewart,1.1101794368108806
solid,1.1091963570102317
loved it,1.0931501295422401
atmosphere,1.0870086352172175
nature,1.0822938335102577
fine,1.0799278066296683
each,1.078654469528068
day,1.076029533342613
and how,1.0744961414703507
beautifully,1.0744837669329517
is must,1.0726261843954092
beauty,1.0676092696723345
entertaining,1.0651105390822568
highly recommended,1.0640472394315796
first time,1.0599719060874169
young,1.0577953545568548
well worth,1.0554110724310706
when,1.0510236976301184
of the,1.0498381266639458
good as,1.0477210405756985
fascinating,1.041995642262724
many,1.0315864114646671
not only,1.0142455825089416
just as,1.0116921530316163
may not,1.0099262170182943
seen,1.0059170790463436
highly recommend,0.9997119078354054
recommend,0.9990879781654151
played,0.9984050515806427
strong,0.9977495352890914
love this,0.99765256418274
hilarious,0.9919810149266792
my,0.9914628044725567
copy,0.9898218781130134
the funniest,0.989076948277155
you will,0.9865056197159456
delightful,0.9860617221811567
watch it,0.9857012111861407
the right,0.98486295312449
everyone,0.9846331613454383
episode,0.9802380632506952
arthur,0.9755794888849144
plenty of,0.9735559968311626
as,0.9673608163873798
rare,0.966688247022738
at times,0.9662747114550687
the way,0.9616477457424762
lives,0.9614156701832228
which is,0.957340047864445
was great,0.9536411162891412
genius,0.9536099305157937
soundtrack,0.9457738977334523
is wonderful,0.9448324210554816
definitely worth,0.9447244987454935
romantic,0.9406907383896556
think,0.9394212328114172
10,0.9350881562881522
smith,0.9308430243127694
enjoyed it,0.9259822030791666
language,0.9256345134350769
powell,0.9200705214173605
other,0.9149026131174752
when was,0.9110646482122411
family,0.9042766821067715
sweet,0.9041826525516066
easy,0.8997481065958324
greatest,0.8962914215446582
most,0.8961032200600149
surprised,0.8895445238988571
tony,0.8893017480598975
vhs,0.8866824794581151
at the,0.8843021892705346
is an,0.884099211803161
complex,0.8836904590485812
very funny,0.8832412307681596
jack,0.8806625253681152
well done,0.8785619043524925
to the,0.8783361664018605
see,0.8782429944014062
the show,0.8751657979988533
us,0.8733385661894284
better than,0.8693683504468697
believable,0.8672652126135747
gem,0.86682596070097
terrific,0.864328066876307
bourne,0.8626296284521924
glad,0.8600166122367998
ride,0.8591244087737661
tears,0.8581645577276353
liked it,0.8575309565991908
future,0.8567600997478786
what makes,0.8564989499513183
own,0.8562567962678926
freedom,0.8547431014229545
ago,0.8544896975487836
plenty,0.8536393840305634
history,0.8536388985531325
reality,0.8519751989050436
subtle,0.8492532843138493
with the,0.8485908260363286
great job,0.8443534400339441
saw this,0.8419350543246183
awesome,0.8390221815913743
outstanding,0.8388069736504502
though,0.8378230759532662
surprisingly,0.8336070682507544
knew,0.8317129230511912
modesty,0.831031857665734
friendship,0.8279517782449133
is also,0.8250849017170533
captures,0.8246695697832667
enjoyed this,0.824577025315512
while,0.8232533177532895
works,0.8208918648837509
is perfect,0.8156074917296671
must,0.8150065194089009
so well,0.8149188205987143
finest,0.8144051536547586
well written,0.8132832126031891
it still,0.8118645012190694
think the,0.8116386499402483
gives,0.810591859274206
emotions,0.8089015652640067
is one,0.8079132464316308
unusual,0.8044754135670938
journey,0.8040463202563641
10 out,0.8031336864490437
loved the,0.8026898751734208
our,0.8025582825528893
oscar,0.7951675491629175
gandhi,0.7943013564605859
fabulous,0.7942630078325619
appreciated,0.7910816983534719
appreciate,0.7897722124877493
intense,0.7887951363563153
and it,0.7849524995343153
harry,0.7846077925111064
love the,0.7840887662287519
this episode,0.7829536098334936
its,0.779508122557299
truly,0.7783564392878264
came,0.7776492891963398
the,0.772454073803333
father,0.7717930745768457
kelly,0.7672511807149238
small,0.7662721436067533
of its,0.765979059125388
portrayal,0.764855726034353
drew,0.7646560917183434
think it,0.7636983664533078
top,0.7629055323625811
now,0.7625000956965152
the greatest,0.7595116994472143
worth,0.7590085739393576
jackie,0.7568158158294742
available,0.7562395665156295
underrated,0.7550291353281359
even though,0.7543754313585777
the day,0.7531667375896242
nancy,0.7527542425807608
type,0.7487764294323296
knowing,0.7471255335034883
film and,0.7465143099005033
sees,0.7460153471660453
war,0.7411704082783679
throughout,0.7401867714325753
cry,0.7390349141926811
what it,0.7378481184968126
good job,0.7362836218197414
victoria,0.7339139278141019
memories,0.7336669294121971
you don,0.7312578900955438
impressed,0.7309522187108182
quiet,0.7307831897898331
unlike,0.7246657401105794
studio,0.7244024635983013
ramones,0.7228709662282806
at first,0.7198682350598546
see it,0.7186351220265967
overall,0.7168553427937412
allen,0.7162317727013792
men,0.7156201383641347
terrifying,0.7132593856590256
stunning,0.713035821026013
the more,0.7114705190497196
same time,0.7114532579739677
favourite,0.7103006937120635
recommend it,0.7097048905842311
subtitles,0.7086861625289267
delivers,0.70638996943134
some great,0.7043125117799148
herself,0.70244718961295
feel good,0.7012177689333171
first saw,0.6988647586147283
episodes,0.6976098424637829
as good,0.6972980622035613
edie,0.696559030848977
in,0.6959149783156727
age,0.6950703107921895
an amazing,0.6922292625439099
roles,0.6920532646380317
castle,0.691389228473786
game,0.6906897433724086
to come,0.6869497234323405
live,0.6867762720055461
certainly,0.6866500725114558
these two,0.6861877605345549
can be,0.6836744009498269
season,0.6827941210265105
is good,0.6827266916354603
performance as,0.6812527358487784
viewing,0.6785466293298376
have to,0.6785327583584312
as much,0.6772853771021039
plays,0.6770262159229798
interested,0.6769683587499368
award,0.6767966931709072
flawless,0.6755311578634395
thought,0.6752518420457333
it to,0.6742303416565256
welles,0.6729701045911933
entertaining and,0.6715464351997316
to all,0.6714316662533791
very entertaining,0.6707716463879101
things,0.6707374388410855
great movie,0.6706673430728995
comments,0.6688830738472265
humor,0.6667216302617109
brothers,0.6664689133496112
remarkable,0.6663161875885306
impact,0.6643328668669127
right,0.6637281602163445
experience,0.6631814776769493
in way,0.6613321574972457
films of,0.6609213305140407
spock,0.6608575571174774
ned,0.6599263021388297
and is,0.6582102218817131
master,0.6577524606043805
come,0.6577311298940728
really like,0.6525868989823616
chinese,0.6521779625943279
dream,0.6517832045124561
carrey,0.6507431874599316
pretty good,0.648025917028142
up to,0.6442765108456685
show,0.6442332831957401
personally,0.643165158280331
provides,0.641933336543212
quite,0.6414537028299746
than most,0.6401974464922136
barbara,0.6375300476641624
tragic,0.6371501822367364
dvd,0.6363089414099729
11,0.6361512261604922
they don,0.6358827723313943
very enjoyable,0.6357495712974708
winning,0.6351250359066526
portrayal of,0.635060800954391
kolchak,0.6344761014345581
happy,0.633860015398763
pleasantly surprised,0.6338081153204888
so much,0.6334548539716619
is amazing,0.6333200816162317
worlds,0.6332606636271698
marie,0.6310811289691683
such as,0.6307756400160861
extraordinary,0.6307733965704612
is movie,0.6278859618656495
should see,0.6276711367587718
of our,0.627167884069578
true to,0.6267915415846483
what they,0.6263018389769603
together,0.6247780522572096
film festival,0.6238620636717924
best film,0.6237184640666239
matthau,0.6232552923306524
time it,0.6230072130654879
court,0.6220699228702148
her,0.6218172749154205
change,0.6211972635961949
spectacular,0.6211661234112272
it again,0.6209468344178335
deeply,0.6192836463636636
as he,0.6188613608632223
khouri,0.6184101183565712
friends,0.6178152310132128
their,0.6167901288882491
elvira,0.6167720259726986
apartment,0.6166828949232925
danny,0.6164848350921373
supporting,0.616403306119348
good and,0.616341932337887
jackson,0.6152634289978004
story of,0.6150963446010267
breathtaking,0.614894501682238
compelling,0.6145862377888324
best movie,0.6139751903492744
surprisingly good,0.6133703605804524
adventure,0.6132976539140145
mclaglen,0.6131377091477561
see for,0.6127500675947547
interested in,0.6124324420226271
city,0.6118291982290064
has,0.6116511402125212
great film,0.6116026545233201
type of,0.6109787659423773
haunting,0.6108271500961396
magnificent,0.6105972282198253
childhood,0.6084310955614988
andrew,0.6083740861002185
film of,0.6083736286235978
cinema,0.6078159733521362
deeper,0.6077972592091471
attention,0.6068042638858061
fido,0.6065565436662029
it great,0.6059785896493717
ideal,0.6052189409981428
until,0.6050506369087248
best of,0.6049556873616135
copy of,0.6036673311843199
society,0.6033740409794696
witty,0.6005724176487253
sense of,0.5988754681752532
yet,0.5985794572502902
the new,0.5984275122380633
real,0.5983223616424694
so good,0.5961023309889139
worth seeing,0.5957077350574209
familiar,0.5952073244134461
of humor,0.5948098539455865
part of,0.5932980050132051
and enjoy,0.5915496843802023
not be,0.5911177784005751
kurosawa,0.5910273718994086
relate,0.5909008593816799
who,0.5903515943660824
todd,0.5902505014142772
played by,0.5886011244478198
polanski,0.5882539060355775
liked this,0.5870527876825262
back,0.5870527662719212
great to,0.5863586233807583
as well,0.5854896253545955
andrews,0.5852641078285774
lovely,0.5850584594530217
film you,0.5847205224774513
really liked,0.5832053804716698
comedy,0.5826277350168636
score,0.581898881482663
pilot,0.5817049364952606
did great,0.5815539669312656
my only,0.5811474813481535
rain,0.5802896422915137
but think,0.5778778628251363
enjoy it,0.5777278096718217
the series,0.577575609887876
pleasantly,0.5774609220415773
and the,0.5773328233402568
the blob,0.5770545279471971
mildred,0.577015777012353
even better,0.5763639235953735
normal,0.5760858691491295
the finest,0.575966606424312
marvelous,0.5757722992009341
it now,0.5757391469582865
relationships,0.5730394782810989
brian,0.5728343011531957
movie you,0.572612081990512
era,0.5723863973722761
sky,0.5717759632384911
lot,0.5705247890264364
for everyone,0.5700638359184865
blob,0.5699989569189134
animation,0.5692251095310373
makes the,0.5692135001123115
it came,0.5688506638357903
shown,0.5683459303383174
relationship,0.5680523925563976
well acted,0.5667174133612901
is worth,0.5648261531999708
is beautiful,0.564537470421984
of course,0.5645293798707803
was very,0.5645164143502859
watch,0.5644885781871162
film that,0.563804788963457
those who,0.5635630069537463
funny and,0.5632752317066071
role,0.5629242807177868
holds,0.5628676608599597
captures the,0.5628447745554687
shines,0.5621383403643008
stone,0.561699389433646
dreams,0.5616281658609423
portraying,0.561155344583204
movie for,0.5604953736729549
it has,0.5602916872822636
moved,0.5593608614174018
well made,0.558196741843318
won,0.5577623726359532
lincoln,0.5557214439424971
those,0.5552953896533978
stand up,0.5541161199087429
able to,0.5535568882613839
impressive,0.5531330333098091
festival,0.5530564729639649
is brilliant,0.5528175191127618
perfection,0.5527435099255786
superbly,0.5517102063461027
bill,0.5513591905181469
bond,0.5510956997104666
find,0.5495050165520299
loving,0.5492871010020839
daniel,0.5490712139833941
unexpected,0.5490480965187894
his best,0.5479119754511879
wish,0.5476148546427761
dentist,0.547438396436939
not seen,0.5472222436551156
desire,0.5457084609018676
easily,0.5453891467345198
well as,0.5453479747403853
and have,0.5451914263758064
thank,0.5441532076609777
british,0.5439559395905696
noticed,0.5434692118012744
the ultimate,0.543123197149254
when first,0.5423998594680827
tend to,0.5418203497891011
than any,0.5417918134553531
dirty harry,0.5402710283088245
young man,0.5396727383279697
twisted,0.5392763834512679
swim,0.5384487143441525
children,0.5380983315039496
sensitive,0.5377201309795318
seen the,0.5376904501898349
for all,0.5364118334217318
natural,0.5363790081090664
deal,0.5363039819180728
real people,0.5354899534730908
tend,0.53510315177188
is funny,0.5343979340099119
back to,0.5337973545817586
jake,0.533507225342803
enjoy this,0.5334017323888709
understand why,0.5324860203112918
memorable,0.5315468934902361
flavia,0.5299525536361102
details,0.5293464772349553
of their,0.5291036652513083
stands,0.5283811031349164
the heart,0.5281516398606876
the overall,0.5280676305139589
essential,0.5279839524585842
of what,0.5264850952590254
sandra,0.5256608771396163
excellent and,0.525019621088247
months,0.5249249255714982
biko,0.5249190170718104
miss,0.5248672730825474
saw it,0.5235663702796095
in its,0.5234377473442882
up the,0.5220888962407784
seen this,0.5218758213012278
realism,0.5217713090144779
use of,0.5211512286237133
will enjoy,0.520159246028774
these days,0.5200288367817468
davies,0.5197867473600282
lily,0.5197562533235882
holly,0.5196776197966387
him and,0.5195151789626701
michael,0.5188042729031404
may be,0.51862650337565
later,0.5181781958554182
it was,0.5158313082945208
you like,0.5150313141289539
raines,0.5146852845395231
to win,0.513790570589523
finding,0.5137029769498979
is my,0.5133631604317663
of human,0.5129879205359617
emma,0.5129622917171155
his own,0.5128705535353622
creates,0.5122208123211507
time,0.5115439902678002
somewhat,0.5112420022834798
without being,0.5098926773931778
world of,0.5095375965584973
splendid,0.5087952416747592
relate to,0.5084217820813658
nancy drew,0.5079970224611312
your heart,0.5073777568605814
not perfect,0.5073401013469613
true story,0.5072354906068358
many of,0.5070539043429798
boys,0.5067616885490631
be disappointed,0.5056969754132998
political,0.5056708055837051
he can,0.505530352507358
portrait,0.50494374346095
david,0.5048131375360406
good movie,0.5043086869348794
is film,0.5032946802673351
brings,0.5031989868437463
pegg,0.5018779983825493
come out,0.5013974985281205
was amazing,0.5008183027973228
keep,0.5007321413687826
winner,0.5002536437424951
purple,0.5002193380999126
hooked,0.5002161490600512
moments,0.5002118052052956
length,0.4999139955586896
police,0.4995155024587002
of laughs,0.4993574076332531
deal with,0.49934759196073575
century,0.4988753482215414
thought it,0.4984718658151995
dirty,0.49777665761957757
to my,0.4976419161018271
max,0.49764064766852656
all of,0.49760499605855874
fighting,0.4973808270768789
and while,0.49656715965622583
is very,0.4949597572358172
first rate,0.4945287283707305
and funny,0.49436192927257794
movie with,0.4942485877270596
unforgettable,0.49420380778869516
the american,0.49411535800831863
great as,0.49402228702984274
be so,0.49396486298621384
exceptional,0.49356274186945354
tremendous,0.4931552009400291
ways,0.4928967312560814
movie about,0.4925851165138337
tale,0.492376863410661
nina,0.49222449092966764
england,0.49157368226935505
each other,0.4915650924232115
excellent the,0.49100053478921846
understand,0.4909835856057554
tsui,0.4908300440592917
disagree,0.49028535884770946
others,0.48992824270678914
think about,0.4895110675672072
saw,0.4891558580815961
would love,0.4890439448724885
top notch,0.48884633614195594
but it,0.4876060294257682
superhero,0.4875885713571186
the edge,0.4875251749219095
scoop,0.4869932241693029
charming,0.486862624360295
mature,0.4866594488313848
warm,0.486515731090129
that has,0.48646939210734474
iran,0.48624848454408925
edge of,0.48540728966902463
enjoyed the,0.485334492062756
would recommend,0.48443461151141065
got to,0.48425997013355954
like the,0.48422333296206327
if you,0.4841555504794864
musical,0.48364651165439615
bernsen,0.48348578613554316
thank you,0.4832442251791139
knows,0.4827281585359795
goldsworthy,0.48262433020769685
my favourite,0.4822278529580633
sides,0.48181140931992644
harilal,0.4816695966218025
it shows,0.481604174599579
spinal tap,0.48156482022926217
elmer,0.48115985061044064
certain,0.4810283095163193
ensemble,0.4808912692314002
included,0.4801653372369811
all time,0.4798565233649285
is definitely,0.47981613379007815
lewis,0.47876168399465335
jump,0.47873627457736706
to see,0.47863144959284193
burns,0.4775873837705943
even if,0.4775015213897922
and does,0.47702114756114117
mixed,0.47674028407478036
abc,0.4766865300242692
and in,0.47644126010389976
is real,0.47603432732196377
humor and,0.47542485331620965
showed,0.47538995390141614
panahi,0.47531639470933523
edge,0.47507078112237106
day and,0.4746392409977892
erotic,0.4746364933341953
look forward,0.4744393756648641
work,0.47437479889895373
the ramones,0.47429546973179
sharp,0.474069806722684
drama,0.4732622951797918
to enjoy,0.47259695104667265
the dark,0.4722191676566887
jimmy,0.47221688522768646
is lot,0.47211196151968493
of us,0.4716192370660186
movie and,0.4715437419028809
color,0.47039014458080336
drake,0.47032215955589035
kung fu,0.4701723205421259
iranian,0.47008269146107196
russell,0.4697841236621966
return,0.4693166025450527
bridge,0.4690590515568921
don miss,0.4689102643446408
released on,0.46832432074570396
touched,0.46829682104461434
discovered,0.46802923059414614
years ago,0.4679758809285516
the kind,0.46793507903193854
to live,0.467924597677057
favorites,0.4678432855817306
was excellent,0.46744898133241364
time in,0.46737366754927023
good the,0.46721883933259006
lot to,0.46721787468080833
was an,0.46712580211948207
macy,0.4669590661276669
dance,0.4665201251391335
everyday,0.4664167447555557
film noir,0.4656206915538972
win,0.4653016772134646
fight,0.46498410226872905
masterson,0.4644532943878068
was also,0.46433654732148105
prince,0.4643302321816562
week,0.46395757828219425
surprised me,0.4638447719070902
not like,0.4638189407482861
in black,0.4627472247132888
fun and,0.46269473034067216
lovable,0.4625712625518792
intelligent,0.4623889001736629
job of,0.46206087159956566
it also,0.4619799097398995
is superb,0.4619721452126266
ever since,0.4615568658768217
but who,0.4614383653178467
albeit,0.46118830408295663
treat,0.461060559231623
ahead,0.4609920395503684
the events,0.46074240228525365
who can,0.4607257657036883
othello,0.4604634224557898
hollywood,0.46039144708965607
check it,0.4603853597280948
brilliantly,0.45949110058942616
chief,0.45912025472976503
from their,0.45904171936940685
sox,0.4587347252050885
what we,0.45803359604368726
sadness,0.4580050537412549
ruth,0.45709879447882923
slow but,0.45673101387851983
are very,0.45661330839766123
crime,0.45636955106520305
it worth,0.45608880147614334
johansson,0.45570801856927373
surprises,0.4557041684371031
any other,0.45543327758473556
inspiring,0.4551494765618042
marty,0.45502639830672376
some very,0.45499352418555306
and must,0.4549920795357238
awards,0.4548559757946734
soccer,0.45464062350575984
beginning to,0.4545672451876028
adds to,0.45454031239735576
this game,0.45401462670806075
seat,0.4536396471924932
charm,0.4528771735649747
surprising,0.4528450657008355
the fight,0.4527049868934643
you should,0.4525515119264278
very interesting,0.4523491388260186
diana,0.4519176071187361
man,0.4518917272319857
spring,0.45184815951295043
sunday,0.4515332320579714
nevertheless,0.45147589198323923
spinal,0.4508578258655585
jean,0.45077470417830634
average,0.4505293299155256
perfect and,0.4502397018155698
mystery,0.4491899475764211
liked the,0.4491811793512428
emotionally,0.4487934844276653
my heart,0.44862137302880406
packed,0.44860777808817087
character and,0.4485399842448472
kung,0.44849129271560684
mine,0.4484230327716228
on vhs,0.44824988024763407
action,0.4480641385029499
is fantastic,0.4479888499112483
hartley,0.44781220401517363
frank,0.4475391974326152
as child,0.44749214607115334
that will,0.4465960194961472
really good,0.44606816937759247
fun movie,0.44597468515968913
be made,0.44555872347107833
also very,0.4455031942899604
natali,0.4449925139358412
killers,0.44488216662543956
brave,0.4445808938833647
fun the,0.4445491032593278
murder,0.4444687186743264
troubled,0.44436502827949625
tales,0.444009800414108
learned,0.44384448460088793
comedies,0.44361879547043537
emotion,0.4435554802614835
present,0.4435193494422221
michael jackson,0.4432384313761887
and of,0.4425908915264422
quite well,0.44197334838686314
to life,0.44156408475615955
much more,0.44123029806002956
the boys,0.44094548737785455
brosnan,0.44021696304669944
easy to,0.44021554750300756
is what,0.4398494003838828
miller,0.43982707682573413
pleasure,0.4394835248991865
gundam,0.43931792117888324
showing,0.4386170139164873
touching and,0.43797933143411205
wait to,0.43782931147040427
seen it,0.43766642600730044
timeless,0.43751005712818386
with that,0.4375031280662637
place,0.43704979390787857
follow,0.43687951991404217
carell,0.4359775152679638
vengeance,0.43580570921491335
dark,0.4354637273210118
excellent as,0.43474993063307205
some things,0.43462245195446825
explicit,0.4344879731621334
cried,0.43418553628544826
american,0.4338133867455185
heart and,0.43326176258847887
was perfect,0.43272482433393206
ago and,0.4326939601179616
their lives,0.43249863910248754
gerard,0.43216738505808877
shop,0.43178860430403765
show was,0.4310232749876443
astaire,0.43037402366629796
thanks,0.4300668735454666
of young,0.4298775039141018
harris,0.429577393122434
chamberlain,0.42946816844873176
of today,0.42922497926194764
always be,0.4292132390246133
makes it,0.42908290000225574
is bit,0.4288674002271214
comedy and,0.4287896281168273
great performances,0.42779631878596014
mysteries,0.42777586238429527
grim,0.4269507831154627
opposite,0.4269490430820014
is well,0.4269119100298281
excellently,0.42677728105621576
gentle,0.4266448680311635
that can,0.42658554402065646
eleven,0.4258198870787403
hidden,0.4258169612088924
up in,0.42580431091168464
of work,0.4257913002818409
relax,0.42566138503277784
innocent,0.42540913760360244
surreal,0.42535905205910424
critical,0.4253249345656546
james stewart,0.4251555759653238
necessary,0.42510494628822826
to know,0.42491382796431115
ralph,0.42473294949763957
carla,0.42444557698870583
to keep,0.4244315784475642
is little,0.42442620600730696
this wonderful,0.42433508861708397
able,0.42421498560149073
time when,0.4241235553744107
gypo,0.42406898614446903
authentic,0.42390444255245885
definitely recommend,0.42382486063221414
driven,0.4230548945145659
throughout the,0.4225170992347461
magical,0.42185365427919586
for that,0.4214831401469435
from beginning,0.4213476366450647
of you,0.4210494272298104
sidney,0.42104336860241387
was pleasantly,0.42101936431767917
woo,0.4209284171773113
can watch,0.4206344790197603
be seen,0.420330607021317
created,0.41983267134043467
we can,0.4189647352688431
as his,0.41874379351174196
chan,0.4181871258069129
cinderella,0.41804133704464824
notch,0.4180197231346293
by all,0.4179050190712936
brother,0.4177767028474181
cast is,0.41740395694170207
makes for,0.4172603159591898
rukh,0.4172272690476798
posey,0.41717688272463305
blown,0.41695770937336224
scared,0.41664536349467934
know the,0.4165251399654544
love to,0.41576839471800286
paced,0.41525921183143244
jerry,0.41517875515253694
pieces,0.4151742396668655
fate,0.4142512916980872
eyes,0.41420593773718173
perfect in,0.413847937053799
is fun,0.41342636302724717
feelings,0.41340436499428523
darius,0.41335722686479787
the fighting,0.41331246471491817
you ll,0.41277264816855946
and everyone,0.412706847790375
chavez,0.4125643435201081
here in,0.41245355555558727
succeeds,0.41216498303634996
capote,0.4120066823450884
up for,0.41188685189280205
documentary,0.4118296043722925
together and,0.41161197404962824
different from,0.4113302213967407
dickens,0.4110914582268146
willing,0.41095478757625026
70,0.4109390368826045
twists,0.4109236093262932
will always,0.41073282667932554
because you,0.4099941042376049
travel,0.4098953098743913
really enjoyed,0.4094829685837315
caught,0.4094159819254263
always been,0.4090307268593112
little,0.4089598386933025
music,0.40893088775977376
ruby,0.4088590920059526
and my,0.40870353802717074
humour,0.4086856149675267
it really,0.4085623804722983
sequence,0.408151076154193
in love,0.40808500432299294
view of,0.4080211515461981
heard,0.4079299446839189
fell in,0.40789182217339437
harsh,0.407782343928843
like about,0.4077380690200752
enjoyable film,0.4076090157561541
shown on,0.40754819070239623
we,0.4074393049734632
ages,0.40730798601039425
maybe not,0.40694469188468013
not think,0.40667740732744617
traditional,0.4066137358204605
timing,0.40657550990114794
chess,0.4064836105536064
guilt,0.40618027779252036
with me,0.4060372519133321
keeps,0.40584193601222807
deathtrap,0.4056042676193264
have always,0.4052696727045361
with,0.40507582171232087
it every,0.4050654226000029
fast paced,0.40504409394664237
vivid,0.4049144364261409
south africa,0.40485017979326626
recommend this,0.40466933954002576
and at,0.4042587423313577
the details,0.4041482645088617
have not,0.40398261943435126
checking,0.403740922505432
10 for,0.40306174345267265
and will,0.4030508962394105
vance,0.40283790807049574
terms,0.4027284909992999
strength,0.402541553738752
of her,0.4024443390333613
choices,0.4023855413270064
boxing,0.40233660315260006
excellent job,0.4022865582402457
not want,0.40195594785866695
nicely,0.40194115731229796
explores,0.40175193061681247
alison,0.4015381136021707
for children,0.40150756904132395
battle,0.40113072629869784
is such,0.4010861199901354
and recommend,0.4010419126093558
grand,0.4010166808821881
importance,0.40096721629207843
know what,0.40060400297341414
draws,0.40029913503334597
who cares,0.3999594886198049
gene,0.3998019413733697
interaction,0.3987987112725664
moves,0.39846600201030474
can wait,0.3982067173127674
mccoy,0.39773006945065087
turned out,0.3971111934944218
me laugh,0.39702104626073226
versions,0.3966072590136494
for those,0.3965187454419652
worth look,0.3962996541584729
justice,0.39619086811324206
expecting,0.3961630941893439
williams,0.3961260538176453
predictable but,0.39596514360612695
feel,0.3959506327722669
favorite movies,0.3956847530283192
ustinov,0.3956300717762694
mgm,0.39557356530750903
finds,0.39517920960182285
cleverly,0.3951170733507374
nowadays,0.3950595139298431
fashioned,0.3950467308796541
the next,0.39494015286132533
has everything,0.39492659041043376
the chance,0.39471798225722665
is classic,0.3939402937281445
that many,0.39380273935402876
learn,0.39379766944772254
balance,0.39371610088795533
pike,0.3936496909608391
steals,0.39364141701910865
satisfying,0.39317256073607887
joy,0.3930387533942465
paul,0.39291092166109615
think you,0.39285467997263335
supernatural,0.39256897651815337
who plays,0.3924236722512645
glad that,0.3922098069522688
for themselves,0.39191967286969176
felt that,0.3917774361404482
ka,0.3916417452254854
detail,0.3915735031813724
above average,0.3914097510973135
delight,0.39133151996880944
to anyone,0.39131143141535474
on video,0.39122995823961115
lucas,0.39100950015477276
in to,0.3909304470245096
very believable,0.39064730924752294
it 10,0.390627258538909
adele,0.3906117834613355
trek,0.3906025301169874
who had,0.3905220551841604
is quite,0.39051878800636125
days,0.39009163176972667
rules,0.38995193944942275
see and,0.38980983443511547
thief,0.38959659321111434
so don,0.3895730112150646
hark,0.3895488137604225
without,0.3895197213928204
romantic comedies,0.38946974311204413
pace,0.3892866604712848
sequences,0.38890007167381047
manages,0.38865647333108533
beauty and,0.3884750233730019
don want,0.38842784021884424
shows how,0.3883452508964435
really makes,0.38819854074920973
shown in,0.38813910177980165
this series,0.38798946756551694
families,0.38789592982824433
ben,0.3878266227467796
received,0.38751832460683405
media,0.38741275589508123
that his,0.38734065784907623
nominated,0.38712738595959245
cinema in,0.3869880037089265
pulls,0.38695961489595015
respect,0.3869273785871426
by any,0.38659478624949867
cerebral,0.386457519193646
bit too,0.38623126223911675
little film,0.3860551736242319
bill and,0.3859328496241179
tragedy,0.38575157905472807
satire,0.38570270285028824
view,0.38560148666515076
dixon,0.3851981085466212
everyone should,0.3848886484452771
from his,0.3847743055967859
of fun,0.38463771891307885
thumbs up,0.3844136249268975
spot,0.3842979421357726
first episode,0.3839526435245662
kennedy,0.3837333178532152
of life,0.3835738076445674
disappoint,0.3834324330603031
ladies,0.3830191319695001
course,0.382950868182298
my daughter,0.3829286613031905
the atmosphere,0.3828652723686924
her own,0.3826088540053531
how good,0.38233577259472556
remember,0.3822713956027954
are no,0.3822104433881064
makes this,0.38209414685814663
with his,0.38200485463295214
zero day,0.3819387808828465
not just,0.3819353091720403
to his,0.38193411116061193
range of,0.3817391303831428
their characters,0.38086533168374964
don like,0.38082446839804396
was born,0.3806778232198997
light,0.3803427322205469
it will,0.3803342221431995
week and,0.38021592048202235
themes,0.3801285505260959
never really,0.3800982884089926
terms of,0.3800501691627999
proves,0.3799173524251137
pecker,0.3799081025533928
affect,0.3798797844253173
the supporting,0.3798289772582147
more movies,0.37962238724399455
characters and,0.3794899620197326
corny,0.37940602311935273
joseph,0.3792413964209815
job in,0.3791267028974863
just the,0.37892492709900094
rose,0.3787742848534243
with great,0.37875327144561166
excellent movie,0.37811506727319494
of action,0.3779807544753464
story,0.3779395444070043
buffalo,0.37791915075312466
the future,0.37783228322895507
road,0.3777256104708458
superb and,0.37761805875688115
the usual,0.37720421463501735
wendigo,0.37688575308082256
escape,0.37638302041205074
and found,0.37624908402937113
sentimental,0.3762265852446658
stanley,0.376203553044707
also good,0.3757800365909563
nation,0.3756710098511468
in paris,0.3754274902636452
and white,0.3751281929212267
is the,0.3748462563949672
back then,0.374725898789825
go through,0.37468677645404413
gauri,0.37456545353995147
hoffman,0.3745388023914882
at his,0.3745196671486083
gritty,0.3741462624949524
that ve,0.3739703681285519
darker,0.37396313794312275
to end,0.37391874326712804
facing,0.3738177069774615
actresses,0.3738038355304181
julia,0.3735905477101831
dealing with,0.37346867693992236
profound,0.37320291535689254
segment,0.3731196827712525
davis,0.3729059888150592
in my,0.3728626815550593
fontaine,0.3723083910997201
christina,0.3722990380555189
heaven,0.37225362636582493
beautiful and,0.372182418155119
simon,0.3721305531313938
to appreciate,0.3718620300770563
lonely,0.3716566129578759
in terms,0.3715043525211327
lucky,0.3714741224381764
musicians,0.3714646460878471
mexico,0.37113707741010016
find it,0.3711304150360898
movies so,0.37094232838498725
appropriate,0.3706898216434518
cassidy,0.3706461084909861
kurt,0.37042326007557713
captured,0.3701857890000742
just great,0.37007748572620924
gorgeous,0.3700334275955976
message,0.369989444732013
and entertaining,0.36923104640075993
italy,0.36906869840714324
been in,0.36841349622419256
laughing,0.3683594292053469
plays the,0.3683393646690294
heard of,0.3683242901002374
most people,0.3683060270610114
people of,0.3681434302598694
perfect as,0.367718544651231
william,0.36770838039781517
this year,0.36750772769965184
wonderful film,0.3675006756438121
philo,0.3671611810459308
ultimate,0.3670718283418039
be just,0.3668915298458891
going to,0.36669051441342027
steals the,0.3665267144825938
games,0.3663967186112006
great acting,0.36592298023549374
you who,0.3658351554193101
any movie,0.3656212045616228
is true,0.36561904434772863
everything,0.36555005727131445
find the,0.3654172960921875
independent film,0.3654042164851906
thrilled,0.3651650628944974
all ages,0.36500509735263753
lynch,0.36490396057351165
was number,0.36476742999299033
south park,0.3647326062169053
elements,0.36394300563692317
zu,0.36371489242749333
joy to,0.36344382139399417
yes it,0.3633895165571173
zorro,0.3632563294586274
close,0.3631905781880021
ol,0.36316976219270586
interesting and,0.36296523108577816
halloween,0.3628525110627877
contribution,0.36283094099388963
kriemhild,0.36265878477533964
homes,0.36261192198356285
kidman,0.36260839326644007
minor,0.362406660160714
many ways,0.3623938427384025
paulie,0.36231797764366086
themselves,0.3623128007215119
though not,0.362136206612338
late,0.36199678332102186
are many,0.36184469952771026
the young,0.3617840145791595
edith,0.3617564211815632
sarandon,0.36172031552693423
superior,0.36167303013713825
felix,0.36138379525444925
even more,0.3612655724300642
bakshi,0.36122758905773145
relationship with,0.36081627662959875
criminal,0.3607716591788704
there will,0.36075685672632724
of mine,0.360742868299116
companion,0.3606728146744042
has never,0.36066933993159855
as these,0.3605627169846454
buy it,0.36040278638888756
favorite of,0.3601755849776293
don expect,0.3601275917773497
the battle,0.36003408047362595
film still,0.35996819641688843
me,0.3599671221046701
shows us,0.3598865469061612
number,0.3598743836278329
since,0.3598582568307582
is and,0.35918516879979184
eddie,0.3591070248779141
adult,0.35880818584526886
information,0.35864119006032874
can enjoy,0.35854348980316475
of his,0.3582759451001024
hickock,0.3582548527210498
story with,0.35822264848713237
wells,0.3579598018285054
visual,0.35785293508752114
surfing,0.3578440220829476
genuine,0.35762680981092415
willing to,0.3574334662422746
success,0.35722519448203516
sophisticated,0.35707286107682423
does good,0.35705642571052776
film does,0.35678913325503014
all in,0.3567712537687256
you and,0.35661164544840374
of high,0.3565673484769209
best films,0.3562962218175485
expect,0.356241930563598
planet,0.3560922731939218
daring,0.3560870636443634
dvd and,0.3556592305870175
how people,0.355630055510279
although this,0.35560769626894567
tends,0.3555309453847112
just right,0.3554815466017272
comic,0.35544668359507015
colorful,0.3551575431529863
lemmon,0.35508300460037884
waves,0.3548739118655824
with enough,0.35466032491832344
excellent film,0.354645547680115
never been,0.35455744678216927
widowed,0.3543848354215255
austen,0.35431195391672604
deals,0.3540075531690204
the river,0.35378411784926694
pleasure of,0.35342987059497655
was little,0.35329587828244247
extremely well,0.3531497873601796
is probably,0.35293713207649574
modern,0.35254263947390024
was superb,0.352298734276681
it very,0.35224705358126157
twists and,0.35212134805361217
pure,0.3521105232997084
unfolds,0.3519561463270473
for you,0.35190813679119576
you haven,0.3514652731843834
the human,0.35122444376504447
watched it,0.351020638367378
maria,0.3508960319939244
as it,0.3507748064015103
how they,0.3507698099802852
holmes,0.3506459806032156
believable and,0.3505390865816225
be missed,0.3502612995761147
has good,0.35015015734305643
direct,0.35013248673506703
stays,0.35010004276071655
spain,0.3499396728978305
and to,0.34966921940156465
genre,0.34966874313475893
red sox,0.3496487305004752
an enjoyable,0.34932724328508996
hope,0.34925842363927295
is rare,0.34921512167781027
it an,0.3490267269451565
nicole,0.34902447257637886
sullivan,0.34883159666761376
was made,0.3487734317382787
is incredible,0.348441405337406
muppet,0.3483444200298385
jim carrey,0.34802833687913315
jr,0.347941162407982
happiness,0.34782455359805303
the character,0.34780984438776763
din,0.3473255063454533
blown away,0.34728603786195983
environment,0.34715438708227536
it about,0.3465073141632217
the life,0.34648106700713416
year,0.34634902038825116
olivier,0.3460857716170168
gets to,0.3459599725017956
and they,0.3454157365442433
is hilarious,0.34506148857153474
victor,0.3449090275565547
is wonderfully,0.3445767980897453
thriller,0.34446530098752537
fresh,0.3444172744894282
love story,0.3443333478837597
rock,0.3439360578463307
great and,0.343919974903607
achieves,0.34376802923470623
genuinely,0.34341737426276936
had the,0.34339911968840214
love with,0.3433586924781953
puts,0.3432459708391113
came to,0.342790976024164
effective,0.34251455444880863
pay attention,0.342513707166296
film not,0.3424541314153347
and very,0.34226556681192605
did an,0.34220425763265133
traveling,0.34208130977587
older,0.3420759159486383
kinnear,0.3420246774088941
touches,0.3419941449538791
first and,0.34198333373562695
forbidden,0.3418035277559912
fans,0.34170552986965613
this little,0.3416702305688263
corruption,0.3415278129183972
town,0.3413460201171342
gable,0.3412602992641449
colors,0.34095626525267847
marvel,0.3408787599589509
released,0.34086270608565156
it worked,0.3408077524314557
wonderful movie,0.3406111150452965
the beautiful,0.3404794227035176
the tension,0.3404570461843039
von,0.3404302811256621
film ever,0.340383169214977
you know,0.3403497169826078
expressions,0.3403360937651152
damon,0.34025049002897123
not too,0.34016358252346285
melbourne,0.34014076405381904
helped,0.3401264530458291
independent,0.34003363674088927
bravo,0.3393566464186598
around the,0.33919084033068053
short time,0.3391282719226697
way of,0.3389800523013252
important,0.33885241405286576
amazing the,0.3388335524234635
an incredible,0.33874011150231265
keep it,0.338317850812082
very first,0.3382930885810188
lights,0.3381056584539496
indeed,0.33808455776877533
catch,0.33785695173810776
detract,0.33782887538707956
her brother,0.33768161925729034
back in,0.3375639279915544
accurate,0.33755367503351513
fantasy,0.3374766163038788
setting,0.3371083530388166
was brilliant,0.33692448458662816
famous,0.3369126635477059
to which,0.33668865299979484
to survive,0.3366716888273393
the light,0.336570533486444
my parents,0.3363648605676902
highly entertaining,0.3362810702289382
bitter,0.3360524104957843
and excellent,0.33574808588235033
do think,0.33539553950208134
kline,0.33538469013269323
tight,0.33498438239350115
then you,0.3349670227353688
shame that,0.3348765341497707
right on,0.33486638775916083
great fun,0.3346397518015393
survive,0.33463158352608763
friend,0.33460772376645914
branagh,0.33440423729291363
is truly,0.3344011059597792
the game,0.3342743449102524
crafted,0.3342189440151086
the dog,0.3342164455625947
years in,0.3341572111965165
and ted,0.33399108951941786
fonda,0.3339901641881628
in our,0.3338586361996099
in mind,0.3338112501983967
surprise,0.3336213861425204
it actually,0.33360040012670733
sabrina,0.3335851264318717
and probably,0.33356411277899056
this on,0.33352497521577223
your face,0.3335222494417767
cannon,0.33321205396600756
but still,0.33307561751332526
helps,0.3330198658639253
parts that,0.3329348162226409
it this,0.3325505089694559
moment of,0.3323142930502029
the years,0.33219508648841395
work in,0.33204488931282566
and also,0.3319655579911087
were great,0.33151532127221767
thoughts,0.33148515313864096
all good,0.3314750463293809
old school,0.3314566970370267
the importance,0.33145246655385024
duchovny,0.33115631592170547
simmons,0.3311480140182669
fuller,0.33102990506237645
impressed with,0.3309686424798289
relation,0.3309060995591549
palance,0.3308844352762565
most movies,0.33086226914185146
kazan,0.33084213117503236
drummer,0.33079757610739624
stories and,0.3306836479871403
eyes off,0.33052390306701807
tenant,0.3304241899187694
occasions,0.3303571283192527
richard,0.33028364645495917
myrtle,0.33026523488160153
real and,0.33015065599613735
revolution,0.33012436719471544
perfect but,0.3301010574115493
suspect,0.3300794858411248
cinematography,0.3300131499196777
is still,0.32999271804814606
comedy about,0.32996681510632464
comfortable,0.3298698499418805
queen,0.32984514068546994
it or,0.3297536384573207
thought out,0.3297126040585485
clark,0.3296966947560407
communication,0.3296683880618551
absolutely loved,0.3294201190391377
my top,0.3292765643724519
regular,0.3292473581414152
checking out,0.32893808824318826
finally,0.3289176900998759
heartbreaking,0.32891613354168486
not about,0.32870862697994635
why this,0.32864286058747444
and long,0.3283990132791527
film,0.32834095272794056
and enjoyable,0.3282925563504492
though was,0.32799511333369136
it lot,0.3278202540147262
ask for,0.3277971760281228
excellent acting,0.32779698054091144
sharing,0.3274938781282314
baseball,0.3274477523673378
forever,0.32740012850781364
drive in,0.32732004494613437
friendship and,0.3272899924179939
the pleasure,0.3271162782166132
scene is,0.32701294460722313
complicated,0.3269823014507733
judd,0.32691461204187344
performed,0.3268863844647468
darren,0.32674278137437224
my opinion,0.3265624884310213
showing the,0.32647010546591104
your attention,0.3263696281152337
and you,0.32616051705219884
howard,0.3261320245871689
criticism,0.32607119318625966
is really,0.3260463734404485
jimmy stewart,0.3260141848025868
very real,0.32592262519823934
romantic comedy,0.32563564631429326
those of,0.32552593582336964
release,0.32542845549612703
controversial,0.32524926309164315
roman,0.3251172834203981
will find,0.3250862939301311
as we,0.32505150252259724
especially the,0.3246142504410914
adds,0.32460159256487553
astonishing,0.32459547455063864
jackman,0.3245354600402377
manages to,0.324417815099247
overlooked,0.32435902284308404
elderly,0.3243161102213912
caused,0.32415533811065095
philo vance,0.32382222318729326
negative,0.3237259115388035
especially for,0.32365352080747245
shannon,0.3236513014189668
well executed,0.3236173151201374
flaw,0.3234019521972084
peters,0.323381546801814
antonioni,0.3230626282851928
as young,0.3229480263838586
class,0.3228326155413568
is better,0.3225581334874926
che,0.3224728589458599
mainstream,0.32225574879976665
appreciate it,0.3221222554476987
faithful to,0.3219028025498057
moved by,0.32189891268352894
wodehouse,0.32189069836079165
perfectly cast,0.32175656271357167
son,0.3216149465118972
thinking about,0.3213610682150264
still love,0.32130088523121275
innocence,0.3211832234807082
you watch,0.32109696754596856
sinatra,0.32085687780860406
the past,0.32073911034160335
vincenzo,0.3206320265828183
eyes of,0.3205955163422171
is on,0.32057818715594727
delightfully,0.3205617451397809
understanding,0.32042631547116107
of modern,0.32035938684575516
complain,0.3202281690275618
sir,0.32008040303971536
are what,0.320068678103843
pictures,0.32001606695445184
film as,0.31987219882063717
little bit,0.31981013210975356
movie that,0.3197961437182583
performances of,0.31976488341851483
bands,0.3197410872454281
sings,0.31971469809559744
importance of,0.3195042127539142
walsh,0.3190689654628686
put out,0.3190301460910014
go wrong,0.3190183847083994
movie like,0.3189904174697773
glued,0.31898167547036343
the episode,0.31895451719452156
visuals,0.3189320106948216
trier,0.3188893233690519
identify with,0.3188589328819417
the city,0.3187123759936402
film worth,0.3186293364213227
for more,0.31820076710468104
subjects,0.31819080701388647
foremost,0.31806846934568034
deniro,0.3177704220466818
eerie,0.31769174610815687
imagination,0.3172143210554791
wish that,0.31714415835078885
this great,0.3169873885553735
novak,0.3166900610699718
stand,0.3166068319941086
the costumes,0.3164202753404779
dustin,0.3163556384917871
record,0.315966918634512
origins,0.3155653295606496
wave,0.31535226688587487
much as,0.3152712954982115
beginning,0.31522511687446736
looks at,0.3152172212378538
lot of,0.3151470482760681
racism,0.31514630000812793
dressed to,0.3150009622410391
time favorite,0.31498967767822067
powers,0.3148817595315127
takes you,0.314803076588139
of reality,0.3146669955489494
english subtitles,0.31465158576276553
consequences,0.31457567787615337
each of,0.3144374124849955
this world,0.31429123584305063
but have,0.3142849040254383
winter,0.31414760475405135
navy,0.31407873090473876
would highly,0.3139253906757117
disney,0.313846506230565
language and,0.3138234914096083
stadium,0.3137493516335962
the lights,0.3136749890015804
of emotions,0.31352837769259684
and live,0.31339449447253126
sharon,0.31337818989831706
events,0.31315679489156184
this show,0.3131374437875783
live in,0.3125379267143698
beautiful film,0.3125329913205484
carrie,0.31249386317705197
film in,0.3123534451198058
gripping,0.3123111676267965
and hope,0.31228805506826984
domino,0.3119619230807492
loy,0.3119244330882303
cecil,0.31192074072871284
us and,0.31187612353955785
witty and,0.31175703579743985
right time,0.31162969894010273
turns in,0.3114966368717459
extras,0.3113210876027807
an easy,0.31131508513732936
the elements,0.31120658668801704
movie has,0.31112606210456534
neighbors,0.3110590319408165
needs,0.3109351257263186
sisters,0.3107401751054261
ballroom,0.3106713941538965
light hearted,0.310633973008302
has great,0.3103694759372255
took me,0.31036656475186375
remember it,0.31016197737010087
ann,0.3099103362247326
simple story,0.30987441235049984
academy award,0.3096839507570128
tom,0.3095303618319092
uplifting,0.30951909415561535
the 60,0.30950355932485457
we all,0.30948597617455276
what has,0.3092138135099544
she doesn,0.3090440325392524
of art,0.3089733758739531
the less,0.30896649368435525
kurt russell,0.30882474971358875
it one,0.3084526765106333
one more,0.3083503744223707
performances by,0.30831454735664365
to find,0.30828462751423946
river,0.3082436799278721
fishburne,0.3081929432402917
over and,0.3081915489906453
william powell,0.30804109679843594
con,0.3080102895878182
many years,0.3080090268148546
an oscar,0.3075648603029515
broke,0.30749146223457785
the subtitles,0.3072777789464675
convincingly,0.3068863488469904
controlled,0.30680968039900397
portrayals,0.3067771363972511
purple rain,0.30665797438455744
tells,0.3066273716916434
smooth,0.30633137332947424
shows that,0.3063045872709635
gone,0.3062227904972457
is terrific,0.30611947090832625
laugh and,0.30581809019049644
21,0.3056656412500797
quaid,0.3054649824292968
but like,0.305422850985807
technique,0.30539790842430675
clever,0.30538452593799875
campbell,0.305307505115804
deep,0.3052616605235287
fans of,0.3051952278724447
could watch,0.30507375341526605
my all,0.30503084249092643
orleans,0.3049720119077272
the emotional,0.3049508398625192
in and,0.30478598664580464
at school,0.3044176043358441
and think,0.3044035792123479
sharon stone,0.30439641117112054
the color,0.3043894428589617
miyazaki,0.3043775900288972
paramount,0.3043189845535573
the typical,0.3042242411480579
young boy,0.3040838989680382
dealing,0.30403400547158776
beautiful the,0.3039351034581186
told,0.3036449305511597
emotions and,0.3035884898362636
who loves,0.3035332663546388
fantastic and,0.30349481905222525
the west,0.3034137398942374
hits,0.3033048988603065
along the,0.303186679289439
divorce,0.30310109735546403
missed,0.3027997616198387
well cast,0.3027184178593929
bugs,0.30269592721483124
that still,0.30247432966581395
dancer,0.3022451257692815
with many,0.3021657166412974
sit back,0.30213235035562025
till the,0.3021240443054147
and liked,0.3020200687513233
watching for,0.3019954568695272
matt,0.3019391994319291
about that,0.3018888624527861
rural,0.3015795448261248
between the,0.3015593573277033
have fun,0.30144649479949315
rights,0.3012905247780976
spielberg,0.30128773660898966
lesser,0.3010777694191395
see more,0.30084942522126956
old fashioned,0.30077180196775266
treats,0.3006659647972165
so was,0.30056075974504487
handsome,0.3003758978021446
turkish,0.3003402261445753
world that,0.3003090494504276
the eyes,0.300254576689957
attitudes,0.3001758594544196
bake,0.2998814020229768
of different,0.2996684448182185
haven seen,0.2996661203859053
has taken,0.2996401359684663
germany,0.29963919281625767
used,0.2993493647443929
to spend,0.299286134148447
every day,0.2992751124923127
appreciation,0.2991542830394778
system,0.2985328905070654
facial,0.2985319685413785
kitty,0.2984884761347571
bonus,0.29847583489152063
kent,0.2983863024833877
show us,0.2983148152803024
high,0.2983143988576589
to catch,0.2983077708952974
not have,0.2982652495952514
musicals,0.29783101201325635
masterful,0.29765259051254767
elegant,0.29761161246888546
mode,0.2974398997186338
adapted,0.29728745085454256
as one,0.2972746664115363
nature of,0.29726565922805426
muppets,0.2971671508502452
the pilot,0.29707489795851455
your seat,0.2970354893886179
seen by,0.29685216114071467
judy,0.29667098761899535
berlin,0.2966695663954947
see that,0.2966165589372166
though it,0.2966158403632371
memories of,0.29659010485805415
captivating,0.29657258367259387
the better,0.2963483456272296
facial expressions,0.29629520411028015
new orleans,0.29624844363073766
cal,0.29624756773527233
guys and,0.2961560966239563
the late,0.2960829609096586
affection,0.29606904932758454
deserved,0.2960625264565652
chills,0.2960465537363013
quote,0.2957022995278703
the chase,0.29569500876435023
bound,0.29565474702744143
see her,0.2956538596633556
the cell,0.2955784295768909
september,0.2955692789971801
showed the,0.2955187513315911
series was,0.2954876778782047
gives us,0.2954132761672969
black and,0.29531887951550734
detract from,0.2952684619187091
many times,0.2952177730509401
outcome,0.295106934031357
the villains,0.2949944260056934
about two,0.2948586041263988
and sometimes,0.2944695151358281
frank sinatra,0.2943503345077103
the short,0.29431960748202757
for very,0.29431245822428703
friendly,0.29426166952395605
team,0.2939889842975781
faithful,0.2939496769813131
to deal,0.2939268508731642
ladder,0.2938825319436336
understand it,0.29382527436619077
give you,0.29364790664449747
life and,0.29355335353953105
forget,0.29346444977540914
northam,0.2930780129593549
lumet,0.29297286323928334
dustin hoffman,0.29296693629277004
identify,0.29288458554953994
cable,0.29277449524880705
hysterical,0.29271789922504354
all have,0.29260076994267076
ordered,0.2925617189996877
mouse,0.2923114147605637
one where,0.29217930085438876
marion davies,0.2921034772027341
many more,0.2920993727951434
but she,0.2920444720527309
movie of,0.2919621492441007
animated,0.29196082641646154
this movie,0.2919341400768734
makes his,0.29192030321945317
around them,0.291615111449326
jackie chan,0.2915538566751875
picture,0.2914377445608189
believe the,0.2913788506810765
slight,0.29137049431987294
is different,0.29134282598178346
realities,0.2912676678971933
it wonderful,0.29120907347253167
tear,0.29098805378010756
this documentary,0.290942314065265
pleased,0.2909052253673335
established,0.2908319378088736
continues to,0.2907983138054824
where you,0.29078052388436576
identity,0.2907520559994413
of lost,0.2904083161613069
the colonel,0.29039613904958644
once again,0.29037680086591283
recognition,0.29030965362941724
fleet,0.2903086848439884
atmosphere and,0.2902472615258641
is first,0.29022240713208897
california,0.29017006113544686
world cup,0.28995219120836985
fay grim,0.28972819349075246
sport,0.28969546800987095
range,0.28965262321802576
harlow,0.2896397849462223
at once,0.28962355907320725
you won,0.28953796562034817
must say,0.28937638354719397
doesn matter,0.2892820025568847
the amazing,0.289227473691811
amazing and,0.2891358446570516
when we,0.2889705322856734
grow,0.28878579845680635
an awesome,0.28877477934623647
visually,0.28875063240245663
voight,0.2884810826463715
thin man,0.2882105359207719
shocked,0.28819593603585264
listen,0.2880758130840177
in india,0.2879451799855601
ira,0.28793884875497167
movie may,0.2879312465838299
knightley,0.28788090722871384
coming,0.2878627036174459
influenced,0.28784594519917345
portrait of,0.28767807182035604
providing,0.2875036295081195
comic book,0.28740327241481434
smiling,0.2873940513057111
coaster,0.2873632572675462
is certainly,0.2873016654743279
description,0.28728789033158814
complex and,0.28723167641886627
the states,0.28716958957750144
the academy,0.28712458809752434
riveting,0.28706768151356826
power of,0.28700905687271705
focus on,0.2870009205620844
fame,0.2869595397032412
feinstone,0.28684709044632645
rea,0.2867432651188697
for best,0.2865743984563977
greatly,0.28643652111347423
to share,0.28643611156934545
was played,0.2859186712950298
some years,0.28591475701421926
again,0.28586767510283073
sissy,0.2857789388653129
victor mclaglen,0.28575304851147487
it far,0.2856006049232408
be done,0.2855380068217872
through in,0.28538318434843724
known for,0.28537778345929204
boxer,0.2853469162375483
rob roy,0.28534588103926883
not for,0.28531792088716357
films like,0.2852775271090434
for kids,0.2852764986151911
his work,0.2851326969462047
gotten,0.2850483306028526
pre,0.28502432464165983
worked,0.28501182759310184
aunts,0.2849581620820584
book but,0.28472084212059334
preminger,0.28463961428693846
discovery,0.2845726213574115
was on,0.2845652769893348
momentum,0.2845120472581753
the use,0.284495817410329
what,0.28441997617715353
chilling,0.284263929240314
would watch,0.2842390746440413
backgrounds,0.28423327837699236
daria,0.2842127246729809
experiences,0.2840284714116337
spot on,0.2840127961114103
the language,0.2837311999171293
influence,0.2836644656829287
hope to,0.2836620028652199
integrity,0.28362181465617836
are excellent,0.28350966148040196
daughter of,0.28346313096315373
stronger,0.28343957877320664
homer,0.28339799741813126
the time,0.28332361152538493
fears,0.2832680644117891
the very,0.2831068860202372
budgets,0.28309717180782673
but to,0.2829769851130969
past,0.28295172922315154
undoubtedly,0.28288590753235904
can remember,0.2828372592533372
christy,0.2826531907464036
appreciate the,0.2825090671344981
films that,0.28250361268463775
was wonderful,0.2824010743316588
pleasant,0.2822198046532519
times but,0.28219984323417846
jane,0.2821550648660685
see the,0.28202681291507836
this day,0.2820163155571868
career and,0.28194648487562546
the war,0.2819106189528198
my name,0.28188145016735505
feeling of,0.28177493560866956
kenneth branagh,0.28175135654921374
online,0.2816394230647219
it try,0.28151728410892124
who takes,0.2814699884581274
rachel,0.28146480386379524
violent,0.28144806130359784
great for,0.28141053943058253
everything is,0.2813249110963906
prisoners,0.28131078649694724
brilliant and,0.2811552075338513
to cover,0.28114458318905344
2001,0.28111774259281475
hughes,0.28106566588445897
an entertaining,0.2808553814230919
the different,0.28083721052326194
will make,0.2807793740802504
dev,0.28074437771387295
showdown,0.28063201193557
on true,0.28062912100507087
include,0.2805142217623002
and exciting,0.28048128819612067
movie without,0.2804466078655751
secretary,0.2804261799064638
personally think,0.28016358626395704
the rain,0.28015565084390154
divine,0.28007649582937444
is solid,0.28005490620219
knowledge of,0.27996042895096984
watching the,0.27988414242062926
the sexual,0.27984805880534425
imaginative,0.2798350779637563
you liked,0.27983470884818124
lives of,0.27983233006971026
knew what,0.2797118728674249
man in,0.2795940954509567
training,0.2795672693377292
all kinds,0.2795137836089245
disabled,0.27940847127700047
contract,0.2792499615145086
perhaps,0.27920246474188365
viewer,0.27904250426546895
in cold,0.2789525905336241
goodman,0.27893522966401246
here is,0.2789263405871663
become,0.2789197625900708
return to,0.2789174537142803
you could,0.2788976004553551
the 1st,0.2788946602484399
clean,0.2788348752578121
and gives,0.27882707726818146
joan,0.2787967435876839
many movies,0.27875530418038486
spy,0.27872459326040455
in many,0.2785909445186295
william macy,0.27855276633650555
simple and,0.278547240596773
myth,0.2784527323974996
made that,0.27841166559698394
filled,0.27837248040303864
should watch,0.278357553554389
are now,0.27830568970058045
familiar with,0.27829050156624435
roots,0.2781024476435214
is in,0.27801436747016695
you enjoy,0.27793427821909067
bad thing,0.2778879697068917
downey,0.27778609589911657
your average,0.2776306784637525
than what,0.27762076736754826
this very,0.277493846314283
ran,0.27747636167650375
action packed,0.27744283656237406
have seen,0.277294490255009
the comments,0.2771990485496502
unlike most,0.2770288318134009
niece,0.27699375541944987
was still,0.27691640605792334
hawke,0.2769037875419063
walter,0.2768070987931938
bruce,0.2767320109086903
von trier,0.27662658182992816
drama and,0.27651805573612825
angle,0.2764292443775294
dennis quaid,0.27635728843650914
contrast,0.276330572216541
torn,0.2763180189960559
shows the,0.27629974006243263
only seen,0.2761144680962018
survival,0.2760721107076244
movie to,0.2760448410250484
new,0.2760008116591412
than many,0.2759148806162901
revealing,0.2758783738803244
rings,0.27575603896020007
this genre,0.275720891257907
addition to,0.27569690173218114
my favorites,0.2755301226213394
the soundtrack,0.2753176783986294
makes up,0.2750081250524959
trust,0.2747638454182873
entertaining the,0.274732718394482
ll love,0.27463710699573063
movie didn,0.27439790709965367
covers,0.27427998542381965
re in,0.2742227004135065
are far,0.274148546349755
likable and,0.27412299626468345
of series,0.27400542335175854
catching,0.2739743024475221
work of,0.273880465659179
retired,0.2738423742303328
to perfection,0.27369376783933186
to an,0.27368753935749734
tess,0.2736171529725313
father in,0.2735947876132269
with other,0.2735305554688853
the beauty,0.2735036323584022
usual,0.2732872654777696
and loved,0.27327673110132117
mesmerizing,0.27326650922815654
muni,0.27317791079791864
and turns,0.27317652374185475
damn,0.2730342956442716
mice,0.2730234530313808
is of,0.27293208747659975
subplots,0.27290858490960157
this type,0.2728446146180872
adorable,0.27278600749744625
knows that,0.2726969710109973
are well,0.2725706990490597
really great,0.27254529982527986
french,0.27247697332026666
that keeps,0.272388047022261
thus,0.27237599246854965
learns,0.2722901518982199
in all,0.27217126764193084
reality show,0.2720412893370075
garbo,0.27203920502515044
washington,0.2720371229409082
the later,0.27197739968835566
beat,0.27187635303148844
have it,0.27183156659916463
building,0.27182632016649155
for little,0.27171251042750827
the theme,0.2716794336045378
charlie,0.2714495097138726
almost,0.27109282379677857
triumph,0.27097758829583385
the students,0.2709016794597218
hayworth,0.27089068009553957
the man,0.2708772772412636
your eyes,0.27086687708412754
critics,0.2707324523269895
costumes and,0.27064416305288513
dreams and,0.27057458800570683
unseen,0.27056645129070434
haunted,0.27027131908377877
hanzo,0.2700993992252575
love it,0.27006960599944585
great in,0.2700677684212522
the 60s,0.27006532512264153
message of,0.26995006402076976
impact on,0.26970513625855863
enjoyable and,0.2696550233132009
this good,0.26963004695797044
rhythm,0.2695710383281598
you the,0.26954927657043126
he,0.2694445188406935
knocked,0.2694226531316898
gunga,0.26941359801080206
masterpiece of,0.26936611291503304
blake,0.2692904275467354
this picture,0.2692137657724708
which makes,0.26898000479861056
and re,0.26891258564207215
combines,0.2687162473366325
now it,0.2687130244268497
the while,0.2687006200012722
home,0.2686922554306311
about to,0.26866116424398356
audience in,0.2685863024659959
enjoy the,0.2685720593971992
different and,0.26853813157750184
trip,0.2684318691647219
all about,0.2682647972619633
way with,0.26824622325743713
both films,0.2682220723166193
demille,0.2681660674384967
nolte,0.2679273252199945
time saw,0.26784814580338523
may seem,0.2678112447875619
she will,0.2677844399083056
the men,0.2676341093190825
miss this,0.2675467026061299
movie also,0.26745926414379667
quirky,0.2674345616311358
once,0.26733154067045106
ve watched,0.2671511051162372
ultimatum,0.26715065287936746
depicts,0.26711287129263755
kept me,0.26708290785324573
things that,0.26708140444018375
psychological,0.26700819117000313
melvyn,0.26699565846489015
they still,0.26685649742786666
out loud,0.2667517308775666
great performance,0.26663580057374214
18th,0.2665951751083239
international film,0.2665591375320969
cold blood,0.2665278056200883
or her,0.26651139157264075
is highly,0.26645375889317
was filmed,0.2664348836983327
rodriguez,0.2664270634893555
to admit,0.26631500406406483
sirk,0.26628609235210227
buying,0.266280320990688
characters but,0.26615246151582445
superman,0.2660180867899617
radio,0.26598167226014274
we need,0.265979548196541
and are,0.2658729454483356
it movie,0.26584327032380056
hit,0.2656821531186572
after he,0.26560053084344165
laugh out,0.2655561182726771
film actually,0.26548233975173424
end which,0.26534370960792675
images,0.26519926970823654
focused,0.2649672713593487
lust,0.26496409259959297
the nazis,0.2649513681143761
done,0.26485756440228675
against,0.2646853556632416
and laugh,0.2646422424207169
slowly,0.26437668181995616
holds up,0.2643537416296103
luck,0.26434066734283973
life with,0.26426882709095184
sober,0.26415344749690883
very much,0.2641254640926156
way that,0.2640906560262965
moving and,0.2639846910703059
henry fool,0.2639124458795105
the radio,0.26389441838139693
has it,0.26369528714655044
unique and,0.2636402564287766
the possibility,0.2636384097523517
demands,0.26360667108437535
cole,0.26352964824549197
dances,0.26327503821541354
must watch,0.26320623378621755
streets of,0.2631750217172989
meets,0.2630128372494908
the negative,0.26296511117148513
representation,0.2629616111405701
made the,0.2628932111626121
the lives,0.26288412508719466
continues,0.2628238918744928
are great,0.2626565570200154
areas,0.26248796834565014
gave it,0.26244565055522007
the four,0.26237608032321136
seen as,0.2623486524414641
trouble with,0.2623459034470121
vanilla,0.2622975491026486
in mexico,0.26227587700519367
the former,0.26224268782341853
come along,0.26221620941321366
especially if,0.2622037966198869
deserves,0.2622003910824921
astounding,0.26215642451982174
performance of,0.26199944604782055
took place,0.26193738064323513
well together,0.26193595731018576
men who,0.2618947185370625
have become,0.2618749025966324
who has,0.2618711469862306
poignant,0.26177816861531145
people can,0.26168572999185413
deliverance,0.261667601053256
jeremy,0.26152115350146327
story it,0.2615080640219571
has come,0.2614981745156764
characters as,0.2614913332442799
and believable,0.26129081832449735
television,0.26118746931396736
chaos,0.26117717117434697
keeps you,0.26097457821926223
subway,0.26097085510951146
some have,0.26087629082025776
life but,0.2607397694653375
check this,0.2606718494351816
clutter,0.2606603220474768
boiled,0.2606049761150243
but hey,0.260598332693753
life of,0.2605446302066971
with their,0.26051753979153613
for his,0.26050868006590316
succeeds in,0.26041768276661836
collar,0.2603521998957843
boss,0.26027935589338724
watch movies,0.2601110277745731
griffith,0.2600250612402656
be put,0.25996034719237016
cares,0.25983286975580544
thumbs,0.259802431686061
forget that,0.25978291078557464
and even,0.2597812692521443
scene on,0.2596354928871399
ever made,0.25959794037522604
japanese,0.2595917970804959
marriage,0.2595645752638924
years after,0.2594593638883733
makes me,0.2594515849114129
few movies,0.25945028200348697
tells the,0.2594078577987709
complaints,0.25938951726960097
rocks,0.2592018353524756
the animals,0.2590048800220972
programs,0.25897416844362786
the italian,0.25891194086851993
events that,0.2589116322756601
give away,0.25887286956611666
rounded,0.25887250007336715
particular,0.2588614389313943
get it,0.25881783506438305
take on,0.2586756663527251
doesn like,0.25867156347038156
one night,0.25865830841562515
make you,0.2586056862617103
hard boiled,0.25859293051043936
best work,0.25858786521492816
optimistic,0.25850766295627065
provided,0.25839586467845344
blew,0.25824964022386415
the viewer,0.2580977690893796
technicolor,0.2579214496293792
and best,0.25792106362771283
with plenty,0.2579152124597501
five years,0.2578490067394768
bet,0.2578050086768086
like that,0.2577734591465603
lead characters,0.2577525407214743
final scene,0.25773843062416824
sequence is,0.25769889453128225
olympia,0.25763887612842473
mann,0.2575700108655286
is strong,0.25755840394571333
coming out,0.2574654064351628
the few,0.25743737709152137
go see,0.2573145838118684
made me,0.25725357635976565
artist,0.2571300298953763
bette,0.2570844754369903
someday,0.2570457916271357
portuguese,0.2569506585771281
the words,0.25690213646386495
hedy,0.2567674278348213
wonderful as,0.25670060502764597
sent,0.25666535242701866
they probably,0.2566522870178369
cats,0.2565655399145161
pushing,0.256374979301163
notably,0.2563286745440022
have an,0.25632722143338704
higher,0.2563149121720462
portrayed,0.2559626933762028
not take,0.2559234258202322
was meant,0.25578963762962764
ella,0.2557322057289275
only does,0.2556600234924961
hole,0.2556445474338919
midnight,0.25564073966542034
fay,0.2555243047965631
aunt,0.2555099545288345
will definitely,0.25548530720789564
the nature,0.25529091329187964
recall,0.2552609299674007
to expect,0.2552450061788816
along,0.25460752668084075
bruce lee,0.25455435118187575
adrian,0.2545014894200593
narrator,0.2544466950542339
out in,0.25415318884610155
fine film,0.2541219268559277
happy ending,0.25410849128248664
indie,0.2540954832996963
side to,0.25404965694881465
growing,0.25401712036206714
is always,0.2539805788903961
once you,0.25394343245678264
here to,0.2538991951846671
ricky,0.25386495775508444
him the,0.25385958942537296
because this,0.25381987895654434
2005,0.25376762794848456
magic,0.2537149725095413
transformation,0.2536846588908553
who turns,0.25344568146193197
jail,0.25319113444035174
who is,0.252976919571863
tends to,0.2528881144937184
song,0.2528880427192089
loneliness,0.25288787189828904
around him,0.2528726515049704
to him,0.25273962167961733
miike,0.25258705030250106
is perfectly,0.2525538265139858
been more,0.2525488187976452
more about,0.25245111650379887
it with,0.252398800082935
row,0.2523790685193784
involving the,0.2523661796700229
my book,0.25235335535002285
as there,0.25234172297408497
way and,0.25225454823281795
beauty of,0.25219930935999707
60,0.25215838333050145
elephant,0.25207811084331117
alvin,0.2518065985703769
to you,0.25173882643105017
page,0.25157822954602277
town of,0.2515273363033588
the law,0.2514800309020367
differently,0.251423030862332
best known,0.2513334057527983
follows,0.2512306071672566
one has,0.2511054466273333
jodie,0.25106133082138027
diverse,0.25076848586114797
isn the,0.2506364695049016
charm and,0.25056111906239203
is outstanding,0.2505031730700258
per,0.25039909720529535
one film,0.2501404218889087
and touching,0.25011784670907544
to both,0.2500934109723514
liners,0.25006520744660626
one liners,0.25006520744660626
hyde,0.2500596269385513
bach,0.24992177431587426
pathos,0.2499082255479351
epic,0.24988927888981086
referred,0.24978998517069287
the drama,0.2497574862924391
dress,0.2496299611219223
best movies,0.24957823528237003
events and,0.24952002811066337
in england,0.24949918426583317
dee,0.2494539104071045
who ever,0.24936175194093602
immediately,0.2493081805800955
parker posey,0.24910078325390927
not trying,0.2490776246026578
colours,0.2489969973793539
invention,0.24899348243199687
option,0.24887137666908676
from all,0.24881821159768933
the century,0.24876542113949876
are people,0.24864528678748654
him into,0.2485417186470993
this short,0.24845907204362544
arrives,0.24840799096558497
moved to,0.24828779763344364
me on,0.24822819517585049
kudos,0.24814691894417007
denis,0.2481252756788972
welcome,0.24802444874116278
rock roll,0.24795843896850234
soft,0.24782943726020862
definitely one,0.24773888307024036
admit,0.24773033770146036
fritz,0.24769554822125858
suitable for,0.24767159521205787
search,0.2475666442734486
john ford,0.24732088945340658
tale that,0.2472137894129689
still good,0.2471606917020594
movies like,0.24703973711103386
over acting,0.24696219170446962
aftermath,0.24685419147487989
wish it,0.2467751168164882
and wonderful,0.24668750597047318
the sidewalk,0.246667700133532
it something,0.24662120466654286
the perfect,0.24656362886718333
gunga din,0.2465217186840496
kirk,0.24651924128248856
refuses,0.2464674173535159
downey jr,0.24639443028890315
situations,0.24637602400025124
hope they,0.24624747903136915
stars and,0.24617443633704864
murders,0.2461602350965695
tierney,0.24602795237680117
the political,0.24599007519668054
this isn,0.24597273651946944
supporting cast,0.24596265441979775
emotional,0.2459147778658301
daughters,0.24574741230512032
the earlier,0.2456543115813979
but one,0.24559027638049777
jazz,0.24558094916114082
movie when,0.2454878068889554
than his,0.24543834443248283
course it,0.2453807583208265
hank,0.24536169787386242
and simple,0.24497276915024355
deals with,0.244678126224388
care of,0.24467515900384887
first class,0.24457492982266443
the silent,0.2444370885063242
has all,0.24439459451710024
suffer from,0.24436738199631464
two,0.244252931035424
alone,0.2441330452147631
people have,0.2439945202516706
testament,0.2439867755759433
respective,0.2439554697239116
well directed,0.24392689276574697
redemption,0.24388233206521853
in doing,0.2437953532223413
notice,0.2437035839489025
movie this,0.24369469303063945
whom he,0.24363609918725598
love and,0.2435886102782473
stance,0.24345608061939064
so the,0.2433302771442882
hilarity,0.2433125995073196
for any,0.24313944143049063
interrupted,0.24311517506649608
bittersweet,0.2430946498833109
can relate,0.24302648592563994
the classic,0.24279236898204867
flight,0.2427754766367509
quite the,0.2427538924767614
each character,0.24259445069359425
detail and,0.24258581105866003
brazil,0.2425524360648596
sometime,0.24255100856144163
sutherland,0.24252758148879813
makes you,0.24249140199139552
classical,0.24248099287950572
etc it,0.24239295889937895
steve carell,0.24234983730889373
trilogy,0.24234474511589407
which will,0.24221390889307157
awe,0.2421580519963598
is for,0.24214839315767728
thriller that,0.24214664258265223
to understand,0.2419980917918533
of things,0.24188736240648867
the sort,0.24182887349213733
we want,0.2417684897241662
performances from,0.24176504427964363
visconti,0.24173792195731675
ratso,0.24166216529780965
zabriskie,0.2416487346743501
glorious,0.24155850276182445
and foremost,0.24143496216988825
look at,0.24131462906201057
celebration,0.2411518015627995
boy who,0.2410288277852882
film for,0.2410197002016819
award winning,0.24101686782729145
is driven,0.24091739366114923
movie very,0.24078012441499336
the death,0.24066832474340108
reunion,0.2406288713607782
are also,0.24056425589791075
factory,0.24053865059010687
sondra,0.24052963748928569
it bit,0.2404975267308225
show off,0.24049250858766258
temple,0.24040784749314711
spirit,0.24040303342783512
greek,0.24026060450338912
heartfelt,0.24007848530892542
confrontation,0.2399896792366616
wash,0.23982977367458772
the killers,0.2397206646722859
he is,0.2396841386103775
actions of,0.2395784074765105
the other,0.23957505593232473
movie will,0.23933303104299755
clerk,0.23918533829229674
and intelligent,0.23914273920551954
the attention,0.23911536854553891
or at,0.23902320539876779
the studio,0.23898010279538698
that makes,0.2388398074396475
well that,0.2387833000949768
episode is,0.23867817357455692
winters,0.23854485114188834
enjoy watching,0.2385178784502183
am glad,0.23847198132437356
that only,0.23839514398355363
paxton,0.23820362601100453
influenced by,0.23818350512489597
of war,0.23811877938956147
they do,0.23809937009415674
was impressed,0.23803739522636427
manager,0.2380015008186994
arrested,0.23787770202779387
the message,0.23769620975802888
comes out,0.2376878630103996
sweet and,0.23768586008113293
as always,0.2376607444522366
was beautiful,0.23764134693784653
fun film,0.23757156336806604
he took,0.23744996045714634
zabriskie point,0.23734458196803826
hero and,0.23728222173400948
14,0.23726272107792173
melvyn douglas,0.23722556379463997
the opposite,0.23721165699638577
very moving,0.23715814707743957
mum,0.23702995966545157
score of,0.23696862925457515
more of,0.23695474343482295
never be,0.23685594331002485
to seeing,0.23672616013642184
get what,0.23667161929059227
explosions,0.2366413034697942
very nice,0.23651607549540296
murphy,0.23650857611393614
conventional,0.2365031604609203
but very,0.23623718055341084
who would,0.23608169075683028
or two,0.2360469737300057
performances in,0.23602934345641993
studios,0.23593654139474027
and he,0.2359248069720063
just like,0.23592470787341135
difference,0.2359011010205223
are made,0.23585695998745423
father son,0.2356515073311496
carol,0.23559617313809716
young woman,0.235548393355333
living,0.23548196985221692
small town,0.2354754104595966
cuba,0.23546933830815214
on television,0.23543091101698574
precise,0.23540535510869123
anime,0.23531926666250566
movie shows,0.2352166160216678
roof,0.2351624363208948
complete the,0.2350985897517219
widow,0.23496024882237662
stewart and,0.23482832390547825
shadow,0.2348166575052378
good story,0.23481250226253134
ironic,0.2347400917863443
as when,0.2346779200989881
because it,0.23455998067303388
gives you,0.2345160163210961
deliberate,0.23449615632672877
entertainment and,0.23431208860874256
accurately,0.23426095482301568
me up,0.234167718127572
movies such,0.23414489398379895
awareness,0.23414291055338862
my memory,0.23410859784923518
title of,0.2340766211995205
theatrical,0.23407511572452436
par with,0.2340492296111693
comedy in,0.23394932602468388
game is,0.23394788117020254
shows like,0.23394217839611556
its best,0.23391078068558674
bsg,0.23386803372621184
tale of,0.23379263961495944
final,0.23376863535390605
daily,0.23358434826883595
rapid,0.2335566551150965
jeremy northam,0.23340886992265192
movie 10,0.23332438930538127
is easy,0.23325402220620997
chance,0.23320269561031431
haven,0.233175217007996
it made,0.2331214419687427
the three,0.23305702037337359
what if,0.23302560852046636
midnight cowboy,0.23298612883172312
disagree with,0.23294279633939907
filmed,0.23293901744142442
along with,0.23277939270024253
and different,0.2327636048074785
to them,0.23271276753796052
him so,0.23264922413151973
alexander,0.232640707762173
garfield,0.23261968492048488
usa,0.23258366284905832
reaction to,0.2325550780263364
this masterpiece,0.2325470802794805
judged,0.23245040688582314
simplicity,0.23244282799777094
the performance,0.23239377453459034
shanghai,0.23232195147197693
the roles,0.23219452682092345
resident,0.2321103564188388
like his,0.23200358820522693
were very,0.2318056955812776
buy,0.2317972813319786
bend,0.23176834690624637
the king,0.23175525987965526
when her,0.23173570362715085
interestingly,0.23172286159138383
very realistic,0.2316706966095995
very impressed,0.23150358549825406
grew,0.23142325216325982
put off,0.23136410614299044
candle,0.23131385607340685
consistently,0.23129781135664254
is by,0.23127359222980082
flying,0.23125666734545672
scorsese,0.23121414110184574
the rings,0.23114822223205955
instinct,0.23112030021052923
will get,0.23110669041831522
movie on,0.2310714533477962
in few,0.23106500532995677
erik,0.23105752839011381
not bad,0.230953406591657
it before,0.23079444942484276
whole family,0.23057157124818284
know of,0.23056974430120705
wider,0.23051925196551185
off with,0.230489677705762
require,0.2304663508141003
man who,0.23032117633644877
and enjoyed,0.23028985406168256
moments the,0.23028954401038051
tape,0.2302566913926651
it isn,0.23024925139382277
she and,0.2302131276126565
the consequences,0.23012573295239344
cast was,0.230116590141741
never got,0.2300687778557521
marion,0.23006651519036805
april,0.2299669788017035
close to,0.2297691173162574
think and,0.22974242146170087
but if,0.22974146228958048
watched the,0.22940761710265448
to get,0.2293373756047844
mel,0.22931744562326342
he makes,0.22929643228017338
performances were,0.2292565498857887
seeing this,0.2292284605566339
is why,0.22913137184682575
above,0.22892363970526486
them even,0.22886119993748244
flynn,0.22883211199937378
soylent green,0.22879131272898345
be enjoyed,0.22877135049212446
com,0.22877098043382585
eric,0.22872584583388897
and their,0.22868389757869703
work and,0.22865454594839651
the dentist,0.2286232184556386
off by,0.228576847975766
to those,0.22841084103805936
obsession,0.22839741301575478
an impressive,0.22839334731136363
own right,0.22833160993020474
on tv,0.22831186348780214
who needs,0.22822998179005152
expert,0.22821855438841285
dramas,0.22817511475978505
individual,0.2280370568643383
it well,0.2279576279212064
executed,0.2279302762932076
done it,0.22789517623255773
stark,0.22778359450987937
al pacino,0.22765959210375963
for each,0.22760268683811047
this also,0.22744821844615873
had already,0.22732082409044096
world the,0.22726476351606184
the emotions,0.22719932238208995
gangster,0.22719375206257605
she also,0.22716831404779866
hitting,0.2270849892312916
series to,0.22707441176462612
her performance,0.22706161224906676
best performances,0.22698226701659535
country,0.2269264661326248
look to,0.2268378389277586
hilarious and,0.22680255319924977
he may,0.2267836480591973
festival and,0.2266983987451073
similarities,0.2266687572236198
rate,0.22666240895353654
upcoming,0.22665870185686737
destination,0.22656821734569285
states,0.22655076950485953
could you,0.22654210264161306
assigned,0.22647261728571622
adam,0.22645629285970714
been shown,0.22628463377929217
that what,0.2262486378268096
but also,0.22622102412434386
effective as,0.226163735675579
the hole,0.22614908190401073
most important,0.22612159054495107
so to,0.22608050658869402
10 stars,0.22602450045038
the strength,0.22599816207349346
parts,0.22592441614585876
phillips,0.22589836715948083
it after,0.2258928587367718
inhabitants,0.2258459309724379
horror film,0.22573408366092323
as she,0.22569691528758506
three of,0.2255890901053917
especially in,0.22556285108116314
quinn,0.22550339530824326
deal of,0.22542539027730968
people just,0.2253213008073591
not quite,0.2252448359222142
his home,0.2252099196114063
out on,0.225084044773742
tad,0.22496113026721887
the ride,0.22490513599736173
in that,0.22481977885770896
was first,0.2247399197422434
dudley moore,0.22473814821019414
used to,0.22470487096244937
so real,0.22461690434014803
the flying,0.22458425721971717
standard of,0.22451341851067882
urban,0.22451200970876137
point is,0.2245103504667582
the ladies,0.22450806029004078
some way,0.22448707911188617
what you,0.2244744214646328
the murders,0.22443881711617997
widescreen,0.22442090537218687
viewings,0.22433076375059618
it does,0.22432032027228918
father and,0.2243140843676721
touch,0.22415532635022267
malone,0.22414727134126874
or perhaps,0.22403378495985285
knows how,0.2239338243253557
sidewalk,0.22386544504294437
wanting,0.2237705795131719
the beginning,0.22376453548563946
worth watch,0.22370577498149727
friends and,0.22345777561684932
several of,0.223397202908137
variety,0.22334280516284444
it more,0.22332210023756924
parrot,0.22330930579856928
and realistic,0.22329309433250377
overtones,0.22326050476856352
was certainly,0.22324712613081388
lawyer,0.2231289840247406
kevin kline,0.22308119685482433
suburban,0.2230438087017982
the credit,0.2229980572832591
white and,0.22292236015025185
and memorable,0.22291734187447482
paradise,0.22288689964715205
now and,0.22288056092892047
lifestyle,0.22282729151262762
have known,0.22274125669458053
pitt,0.22272443184707627
fit the,0.22268488994047073
compare,0.22264210156204897
show it,0.22261444245025924
yet it,0.22257224836585496
the role,0.22254033630632059
didn expect,0.2225391138484956
older sister,0.2225062313073667
of age,0.22245363396708276
2nd,0.2222126707657441
cut to,0.222199461211567
france,0.2221730853107645
rarely,0.22202067864139896
answers,0.22198703798941521
anyone in,0.22193276162624714
after having,0.22188940112573882
delivery of,0.22185822114044743
probably one,0.22185032957342787
music score,0.22184748933084444
both are,0.221831231861924
from her,0.22181572214969117
film could,0.22178921728855608
martial,0.22172613865883983
nifty,0.22168619195523087
and really,0.22166733308233608
inside,0.22158120931966668
take the,0.22156503633586844
flair,0.22156307903624498
and character,0.22147746028991921
mario,0.22144877542397573
no need,0.22135059336006196
very different,0.22111312172401762
barry,0.2210257280722959
exactly what,0.22081968521315115
my mind,0.22073658754976
that in,0.2206913361681437
what will,0.22057315544129982
who just,0.22053592236075836
my kids,0.2205117649129132
events of,0.2204591585046221
when she,0.22043225173648096
earlier,0.22031384515694896
of most,0.22031272106088884
man is,0.22030188078149524
mountain,0.22025746282762557
as love,0.22023614690829715
the power,0.22018713744645374
showing us,0.22018258061416907
and strong,0.22018163356759615
caroline,0.22012121003046492
an eye,0.22009379552472644
screen and,0.220086626197112
director for,0.22008498562159404
ve always,0.22002905067620726
election,0.21992219490708714
frontier,0.21989554187522178
for us,0.21987359657039332
arkin,0.2197325414108413
simple but,0.21953064722017432
iv,0.21943131480591874
puts in,0.21938752310138362
vintage,0.21937657833424148
zizek,0.21924171583060062
stories,0.21921342719392597
in cinema,0.21909861912999978
having an,0.21905311520544238
wilson,0.21892151275034727
irony,0.21884450771582703
great the,0.21881315438738655
thought provoking,0.21878604585802586
laurence,0.21871283978029846
at its,0.21861691777959175
movie is,0.2185942272262681
comfort,0.2185395774363349
and often,0.2184831627650104
posters,0.21842832141075605
karloff,0.21840408170156214
irene,0.21824295139396802
ll be,0.2181976722894191
that must,0.218090079375089
police officer,0.21806248708453155
as that,0.21802572961534208
story this,0.2179841643065702
larger,0.21791506725600152
well in,0.2178088192823305
well with,0.217777627303631
he sees,0.21773445393754934
stack,0.2174247171672791
creative,0.2173922147865261
clearly,0.21736020270930742
tom cruise,0.21729396493556216
escape from,0.21726331887738848
they meet,0.21724917882644249
make the,0.2170858459962468
and full,0.21706689270332866
crossing,0.21706551450449477
released the,0.21703599336707624
any means,0.2170303600914213
originally,0.2170154090545845
actors who,0.2169338845423406
richardson,0.21692611651851948
counter,0.21690062456610013
the legend,0.21675871400023053
and takes,0.21674051730668467
are real,0.21673893512735895
some may,0.2166716590797436
it set,0.2166016009122858
same old,0.21658954828489302
there for,0.21634686458068805
warmth,0.21624442584812656
orson,0.2162180783077719
gothic,0.2162130090889715
backed,0.21620449517288207
growing up,0.2160875623232398
several,0.21606308897306722
bits and,0.21593993671367528
1936,0.21592756816685824
anybody,0.21590931965699448
is long,0.21580420124418903
the protagonists,0.2157078645568707
jacques,0.21570003340164107
atlantis,0.21566498847261
boyer,0.21566353368534202
like this,0.21564420935594847
herself in,0.21554492172014492
boy and,0.21544437076158754
chang,0.2152327660887462
because of,0.21522657607143933
which are,0.21519408391333106
robert downey,0.21516217453103917
performances the,0.21511430071806223
movie but,0.2150247676772656
at any,0.2149767643467253
aired,0.21474953321945664
horror films,0.2147164364870627
classy,0.21470423790066775
rate it,0.21463676806898752
drawn,0.21462767474357952
the small,0.21453804153548095
doubt that,0.21449166836719388
to reveal,0.2143669204917188
lasting,0.214311386627861
packed with,0.2142703199634237
princess,0.21423963447769082
spoiling,0.21416485825979212
and movie,0.21415400219710284
benefits,0.21412572692075502
it little,0.214026072494115
job as,0.2140182747764085
is because,0.2139696783030305
young men,0.21392486176342224
freed,0.21389836767764667
actress who,0.21386564244684017
realistic and,0.21383175929700846
jewel,0.21382906820426695
on cable,0.21382185729169798
introduction to,0.21380439315808347
begun,0.21378207122863904
one that,0.21356278103320697
are there,0.21355823251306433
with bunch,0.21345849524870805
reading,0.21345267407669885
de niro,0.21343724814577403
niro,0.21343724814577403
referred to,0.2134246416782816
of family,0.2134050253165826
the revolution,0.2133777204429556
sing,0.2133737476597212
be shown,0.2133538799946299
zane,0.21327874344887576
ha,0.21322571159085096
vulnerable,0.21309903287281248
enjoyed watching,0.21308000543617228
like most,0.2130515179873727
work is,0.21300745616598998
thought that,0.2129426018993976
who like,0.21280487013112778
really about,0.2127771581230111
an out,0.2126300657712606
for tv,0.21262264264931763
not the,0.21251710078749483
sheets,0.21247671375705124
million,0.21243962486101575
spoil it,0.2124044022160866
they went,0.21238881667889148
12,0.21237583073500257
kilmer,0.21233453646128922
capital,0.212268729777813
glad to,0.21223390196542952
hints,0.2122153462688205
sends,0.21218322195020012
suspected,0.21203782926184442
stood,0.2119579714540007
these guys,0.21177587799827924
initially,0.21165541849610955
some ways,0.21164242593403582
layers,0.21162286194762292
fassbinder,0.21148539055843216
uses the,0.21147872855262725
etc,0.21141440714876852
delicate,0.21141077303535222
attended,0.21140467346460223
dark and,0.21136641224978212
cup,0.21124082537722222
tower,0.21118201581338353
of society,0.21107177802929808
is equally,0.21106168454079044
have with,0.21104334337873532
will ever,0.21099294236892593
with as,0.21092322914268632
essence,0.21090783378062572
complaint,0.2109054468870764
each scene,0.21081040259495873
applause,0.2107869445204434
despair,0.21067718439817648
scrooge,0.21065382046166642
screening,0.2106298861892588
like many,0.2104128488903354
and action,0.21040221076466162
november,0.2103595577430715
new jersey,0.2103420506146088
that you,0.21026827460592085
gene kelly,0.21024455372917752
role she,0.21020986383083717
they seem,0.21020251981230326
whoopi,0.21015772819814874
suspense and,0.21012871124411567
much for,0.210063393814295
diary,0.21004022138017503
glover,0.21002149524146507
right place,0.2100210261992921
expecting the,0.21000663091007934
watch movie,0.20997642697717395
the incredible,0.20996012056031446
around to,0.20994267639164038
together the,0.20992907502444585
our world,0.20991825329593888
braveheart,0.20985553757860193
her it,0.2098476248268046
he finds,0.20979156544080704
family movie,0.20969033336420861
the relationship,0.2096513608285291
smile,0.20963264498544745
principle,0.20963140118830964
some scenes,0.20959218528812312
just enjoy,0.20958586202829127
core,0.20958302201395784
treasure,0.20954105725269925
complain about,0.20954016105213483
protagonists,0.20943943262838927
becoming,0.20943856156605267
does great,0.20943123113028894
doesn get,0.20940245464396282
means that,0.20936798513983057
the experience,0.20936580398298496
all times,0.2092139078966722
time we,0.20902103972906982
intriguing,0.20893920383117784
acceptance,0.20890921703121723
prize,0.20885226114558592
deserving,0.20884298756813902
as have,0.20883937156211835
ton,0.20880012681550883
other comments,0.2087565197812241
exciting,0.20870602385055503
safe,0.20866838115637043
tap,0.20866460827043962
length of,0.2086536741804581
and roll,0.20864733074671765
big budget,0.20862363793321273
it time,0.20861564291041226
and definitely,0.20861001578913857
let them,0.2085687127015934
you must,0.20853024061287775
metaphor,0.20851707520553067
great deal,0.20848751659563186
nails,0.20843701973262957
the slow,0.2084040596502588
weeks,0.20840285036218148
both sides,0.20836031099552246
gielgud,0.2083068195910374
creep,0.2083021962399204
pan,0.2081816635529965
to your,0.20817628978934238
jules,0.20814802305222543
winchester,0.20808259061127582
just enough,0.20804048805130163
purchase,0.20801272557747524
philip,0.20793618638796788
streets,0.2078464008314717
was totally,0.20783509277013704
finds her,0.20777576738714695
corbett,0.2077535152453347
watch and,0.20766558456385628
visions,0.2075544707469847
hamilton,0.20749386108147236
is far,0.20744501478340588
reminds,0.20741453323658235
in both,0.20737001821624587
nuanced,0.2073523726700333
as many,0.2073380336738791
rewarded,0.20725787942823948
help her,0.2072498050219267
hall,0.20724522585725438
ahead of,0.2070675013445594
that time,0.2070657667044819
series is,0.20705005210204894
the apartment,0.20703544694895298
dvd of,0.2070191924413078
of new,0.20701490837956898
depiction,0.20700378743703526
film again,0.20696424384647
sarah silverman,0.20684987407238026
investigation,0.20673289731351605
to detail,0.20667909719997582
alexandre,0.20667399411483092
really loved,0.2066714216212941
right and,0.20665154143990067
plots,0.2066377316199142
good it,0.20657226257152875
in general,0.2065482821857574
since this,0.20653973467036205
is its,0.20653045475105097
subtly,0.20647358607948074
graduate,0.20642993364748402
playing with,0.20640961463020327
went through,0.20635463095287188
is both,0.2063350429341799
agent,0.20631742548818896
colonel,0.20630031663507806
out why,0.20623496519086018
seldom,0.20622379812606434
actually very,0.20621000501203562
thrillers,0.2062009915109557
makes us,0.20611753412413847
the themes,0.20609217562283402
however was,0.2060883265818413
is beautifully,0.20604214054065026
the one,0.20600548123977427
precisely,0.20597412578535093
into their,0.2058904624330157
ace,0.2058888543691004
movies which,0.20587646830135037
instant,0.20587060748533245
basic instinct,0.20582000091534328
and especially,0.2056084588246
combine,0.20560662119513393
the innocent,0.20553285215470296
society and,0.2055312437719227
will be,0.2054931913951637
the mystery,0.20544433311982802
helping,0.2053939896389445
the killing,0.20531918283587278
unknown,0.20520046585748825
anger,0.2050202420338449
possibility,0.2049421313849884
initial,0.20494055825572677
comedic,0.20493034699730714
youth,0.2049182531842557
searching,0.2047860609503476
drives,0.204642964590878
dukakis,0.20463858525292464
instantly,0.20457406556184335
well thought,0.20450332793400666
containing,0.20404690614632207
spoil,0.20397263705651197
credit for,0.20389906687921705
the sport,0.20387239477625774
didn like,0.20384645234227594
with nice,0.20383465717146668
futuristic,0.20376932473556406
and moving,0.20372614006593306
culture,0.20371380662073152
who tries,0.20370948265299807
brilliant as,0.20352981055749486
he knows,0.20351022899040622
the garden,0.20348088114265492
the final,0.20345177889568564
for what,0.2033521460736428
connected,0.20331556855375962
attitude,0.20325782076775634
frightening,0.20323991546074474
not really,0.20319027811146953
suspense,0.2031343291314388
humanity,0.20303220466410898
plot as,0.2030138998728747
movies is,0.20300461612175755
not without,0.2029053419210435
being too,0.20286148383626307
mayor,0.20284565530999862
unusually,0.2027752899396318
love for,0.20273741559159275
them like,0.20272140703030167
been released,0.20272064718547755
sure to,0.20246954662643943
1958,0.20244639653678945
is top,0.20244280433184994
development of,0.202429322898054
errol,0.20241789691765819
duo,0.20237484447256732
reflection,0.20236398466686445
and fun,0.20230686521630606
were also,0.20225124925805577
she,0.20224541199435914
trail,0.20222917413192648
this man,0.20220062690146137
he discovers,0.2020667175739645
thoughtful,0.2020558471199218
human being,0.20199453620237168
painter,0.20194800234372673
who may,0.20189640029095396
start to,0.20174661644954373
in little,0.20170355624685352
of love,0.2016702934032022
contains,0.2016644657261805
adaptation of,0.2015812803345281
add,0.20146897720822593
to time,0.20142365949198524
voyager,0.20131912224327167
dilemma,0.20129502229227486
the potential,0.2012925758554091
few years,0.20125343166381687
feel for,0.20112423874803742
one another,0.20111836882035178
lion king,0.20110573101156579
in particular,0.20110030119419586
his relationship,0.20107281995485596
andy,0.20105662784545603
actually had,0.2009059967743868
and eventually,0.20079845889605646
them at,0.2007365680894955
jedi,0.200700648809313
it left,0.20069259970741082
very easy,0.20068426531209368
moves along,0.20053614300778563
hiding,0.20051574166090536
the spanish,0.2004801435907517
every way,0.2004317087072504
this happens,0.2003813725746272
grown,0.20037848581862647
to let,0.20032150100213159
in horror,0.2003070118230304
intelligent and,0.20030402985882578
developed,0.20026243491596696
cher,0.20021871881166975
beginning of,0.20017590868841914
all around,0.20011768168997612
coppola,0.20006767823607682
ones,0.19997297537477474
than ever,0.1999508240437894
however there,0.1999305534424475
from new,0.19988493694628426
marcus,0.1998720344431056
where they,0.19985441812112725
on location,0.1998479475658693
bow,0.19981144911347648
and evil,0.19974515760898504
digital,0.19970869458377496
laputa,0.1997037843419848
superior to,0.1996914766994501
lola,0.19966674725219793
explore,0.19966003966783408
as ever,0.19963507319358034
never forget,0.19956496480065455
favorite movie,0.19949513618056489
being that,0.19949295128532696
there should,0.1994886522222893
val,0.19946833297326275
quotes,0.19944291672026582
the heroes,0.19939893989652824
scene with,0.19925042039774704
intensity,0.1992342076768724
team of,0.19914402000578751
the journey,0.1991361027083586
cheer,0.19913207491369175
thanks to,0.19912319601222706
been called,0.1991126405572598
the shows,0.19895100794881596
and those,0.19894950208073056
feel the,0.19888654336862877
good acting,0.1988803273803997
do but,0.19879293828907105
it but,0.19878068304664417
stores,0.19867560503667972
stanwyck,0.19858538916702861
is powerful,0.1984947372944575
the story,0.19842172422649176
good at,0.19839181629747268
walter matthau,0.19839172953225975
the relationships,0.19837184763327462
evans,0.19837072741710324
is more,0.1983466733323014
respect and,0.19831668093729451
his brother,0.1981347530911219
is often,0.19804683344858937
falling in,0.19781241854898887
was based,0.19780523685578674
michelle,0.19780467806462057
it go,0.19776724830124415
perry,0.19775133773398587
which they,0.19773896802305085
were really,0.19770119017770274
lunch,0.1975573493518677
be too,0.19754549901201607
ensemble cast,0.1975440112179828
buff,0.1975323810305235
dead end,0.19742584614179542
will love,0.19736983786307805
and original,0.1972630873313443
came out,0.19723454703617543
rita,0.1972300332237561
owner,0.1970947819724328
last year,0.19701282884984347
lex,0.1969255572920954
totally different,0.19686197942156822
strength of,0.1967892893395782
village,0.19677617443120976
be more,0.196749554590779
hasn,0.19661158103830942
nominated for,0.19652662249671027
in hollywood,0.19649261715641622
low key,0.1964685599515149
out and,0.19640220637110586
jon voight,0.19639871167841635
word of,0.1963615718678234
while not,0.19635966719048537
the novel,0.19634699600662847
themselves as,0.19627854425004657
to some,0.19622728445350554
didn know,0.19620296706219503
each time,0.1962016257075791
du,0.19612801443690867
dawson,0.19610679184714513
talks about,0.19610269337630357
comedy with,0.19608890717779076
across the,0.19605882646658213
verbal,0.19602584771490095
short of,0.19599979087816763
us who,0.19596568864267294
cult classic,0.19589330411097503
threatens,0.19587863360879423
is seen,0.19585283653428928
the horse,0.19577403122962847
the land,0.1957517882574267
jack lemmon,0.19574009193971895
lord,0.1956657017936046
killer in,0.19566438890236781
dorothy malone,0.1956376348058298
done and,0.19559874686924533
marisa,0.19558482201452082
later on,0.19554160954986222
limitations,0.1955293016825496
figures,0.19551734893911762
live the,0.19550904290037666
me it,0.1953978311391301
fit,0.19536283066808824
but would,0.19536125755456665
wings,0.19535598519812328
of disney,0.19533323106286826
rob,0.195286160404746
finish,0.19528232791040656
there and,0.1952464517388076
he played,0.19511615598265628
would find,0.19510529935583903
stunts,0.1950763914512494
the animation,0.19492929148484345
discovers,0.19488772284260258
celebration of,0.19486541209507424
finally got,0.19477394553004967
history and,0.19473177767558814
allowing,0.19467541516068976
madness,0.19463643805200695
is simple,0.1946347488164841
and if,0.19452981559903873
jane austen,0.19434713712387547
before in,0.19434113456369823
one else,0.194244805383272
dick,0.19421459964515872
ticket,0.19389897259953326
live with,0.19388107766940524
stellar,0.19384916167015112
dudley,0.19384138273637974
columbia,0.1938050466292399
come to,0.19378801931097284
be taken,0.19373749313155264
you love,0.19369815725288714
words,0.19367678357359483
reveals,0.1935890368686397
fiancée,0.19358254042687753
flawed,0.19353690440068763
satisfied,0.1935256352039918
the modern,0.19344125019340902
shades of,0.1934274014662592
da,0.19340579328107083
to use,0.19339766122596413
we follow,0.19335888787830405
knock,0.19335562145932833
that gives,0.19330851447571926
hilarious the,0.19330664748488519
waitress,0.19317091724997568
secretly,0.1931104532178249
takes,0.19299483938286888
tell her,0.19293381680440863
spade,0.19290591657824588
show for,0.19290051626822266
happen,0.19289840013695858
craven,0.19285777689151712
it certainly,0.1928039734574735
two men,0.19279743741054226
right at,0.19278994377098166
pierce,0.19274674946632928
any case,0.192744975212329
feat,0.19266913757256926
star trek,0.192613358311556
agree,0.19260791287517012
joined,0.1924769474969502
made on,0.19241792655553258
masses,0.19239792389770333
used as,0.19222545855728068
1986,0.19221969442393333
movie at,0.19221194896720864
accused of,0.19220964749686137
story which,0.19218737304027372
main reason,0.19218218151142916
in more,0.19211267022875253
come and,0.1921074311918388
american in,0.1920025383492569
enormous,0.19196218731667633
grabs,0.19194968757461278
in some,0.19193609949052112
and see,0.19192619954723406
trend,0.19189729201484979
vega,0.1918342495700322
60s,0.19171005682334685
do it,0.19169636101070509
since they,0.19167933619168193
the sheriff,0.19167355548525702
remembered,0.19166482552713165
some viewers,0.19165626046389925
cope,0.19161530543270755
an even,0.19158792309243383
quite simply,0.19157717618976028
good there,0.19155202454542902
are probably,0.1914986918383223
clan,0.19144887297802718
that liked,0.19144672519179284
anyway this,0.19131972077414477
production was,0.19127998026865717
most beautiful,0.1911206221970527
realm,0.19111432564894607
height,0.1911081004373499
first but,0.19105940395523924
odyssey,0.19102891597519897
and made,0.19099904167743884
it even,0.1909072655626909
off her,0.19079903939228643
it works,0.19076606752586528
to help,0.1907642691300009
cattle,0.19070582757265309
to complete,0.19061380561850133
did it,0.19060376063566134
to try,0.1904566213270699
it and,0.19041643394366584
the crowd,0.1903920016624709
taken the,0.19039023876416528
my father,0.19038592006390304
iraq,0.19035349136292926
the all,0.19032680899558035
very close,0.19021795372251862
the history,0.1901630046303846
are actually,0.19004720829639504
ups,0.18996004212589357
reveal,0.189904901025821
comes to,0.18988034718561594
just because,0.18982251130559957
do in,0.18974652777179749
kris,0.1895856019940366
lovers,0.18950511345872825
europa,0.18949451963649933
what more,0.1894548161694213
whether they,0.18919309784268962
emotional and,0.1891600650125253
me so,0.18913852519238072
seasons,0.18913766739564533
serious,0.1891136154353151
of magic,0.18908674539684506
so can,0.1890587046768639
film we,0.18903078094974501
definite,0.18902251012640503
of in,0.1890045133903905
absorbed,0.18890485775927449
opinion,0.1888251429366587
and still,0.18881707400095302
we would,0.1888055582054674
wasn that,0.18880437674771539
the brilliant,0.18878680714480345
much in,0.18876126293439446
chris rock,0.1886644920140983
sublime,0.18862298051842108
is masterpiece,0.18846539481047697
shakespeare,0.18845417629846636
it says,0.1884435510861503
vonnegut,0.18843966098759962
fact that,0.18840074317908018
and love,0.18816032193947832
difference between,0.18809693057055415
would definitely,0.18807695160208007
stuck in,0.18806581658552676
to read,0.1880625003754703
got it,0.18800126275665072
nothing is,0.18793826424167445
landscape,0.18791057976556205
in new,0.1878775969154906
again and,0.18787062521468
movie based,0.1878579966289149
scalise,0.18757763114464907
musical numbers,0.1875739413570653
out it,0.1875494624775309
order,0.1875451470027293
silent,0.1874760444395706
joey,0.18746233070702636
horrors,0.1874599265464498
to and,0.18744234115664501
phenomenal,0.18737738157196104
pfeiffer,0.1873410815689333
the worlds,0.18716842781899548
describe the,0.1870698106181221
more realistic,0.18705434867811432
also quite,0.18704328031925851
more but,0.1869977444227141
our lives,0.18692770829187527
debut,0.18687221832435988
one must,0.1867909272682981
although some,0.18667662653131406
seen before,0.18667180042602666
job at,0.18662343487844693
that everyone,0.18648543380942398
more then,0.18630684377508283
performance the,0.18628490039880058
to feel,0.18617154402885758
of stars,0.18616556545175522
hope it,0.18615743559337544
dashing,0.18612041325970088
caprica,0.18610287266112555
form,0.1860733323662081
startling,0.18592497003874348
ll find,0.18587101232300107
villains,0.1858341050365109
this role,0.1858236727674068
are all,0.18581138146492915
all involved,0.1857881976921085
evil and,0.18568863102897915
themselves and,0.18550562640084037
it that,0.1854867224063271
hunt,0.18544807441707298
this up,0.18543131888653375
fu,0.18538709436073184
watch on,0.1853690587314223
but an,0.18536385457146437
film where,0.18533710973105338
believable as,0.18531408518964557
difficulties,0.1852850745449981
dark side,0.18520837304071489
monica,0.18513856736077883
casual,0.18512662042445785
wang,0.1850667645583948
back with,0.18476355950058926
they are,0.1847253304595888
together they,0.18458406779735761
of men,0.18446647232376512
are both,0.18444967534038692
amazed,0.18437076772614946
features the,0.18432272679324466
authenticity,0.1843175342035466
on film,0.18430866602187074
the year,0.18428211360466815
conductor,0.1840537585531428
police and,0.18403900663254252
ending to,0.1840359539443129
ready to,0.18403362705815396
trigger,0.18393401024337847
disease,0.18391532658624435
love that,0.18387140977065955
while some,0.18384455936496932
better but,0.18377557891208962
first was,0.1836538501720678
lover,0.1836100657764594
live on,0.18355596046123987
australian,0.18352818249760974
raymond,0.18352380623531284
in real,0.18342381279501868
to us,0.18340525063615865
pierce brosnan,0.18339355172679475
too the,0.18332804857456964
to other,0.1833252578904151
you wouldn,0.18318953890957246
fi,0.18313480438457122
can never,0.18308497019090791
situation,0.1830678620305151
taped,0.18302381945653082
hearted,0.1829425377033216
another great,0.18292609101149235
bound to,0.18284849933265765
long time,0.18279524093421765
war is,0.18279379852680108
choice but,0.18256642724205613
lightweight,0.18252590998845983
disappointed that,0.18252286875907398
off this,0.18244087398041794
life for,0.18238140216569723
1983,0.18237095920011462
over again,0.18234675792518337
japan,0.18230674978346975
the british,0.182267309046922
men of,0.18224591083223088
the japanese,0.1821758912886272
evening,0.18212192281058062
walt,0.18209835242292935
out for,0.18206703612585884
times when,0.1820318116990838
don be,0.18200124636973927
the mind,0.1819847445594716
reality and,0.181981436302949
the always,0.18197880855364168
films and,0.1819516441917535
was nice,0.18189267077344753
haunted by,0.18188076524570498
the long,0.1818655140254249
to but,0.18182249950939008
surprised to,0.18180357438001563
wise,0.18173971784012286
the wonderful,0.18171868988850645
roll,0.18163447237902927
by their,0.18156528610534012
great music,0.1814952162434782
symbolism,0.18141468538883287
that comes,0.1813440364909681
native,0.18126612413481744
oldest,0.18126125162981035
means,0.18125864576363937
hook,0.1811642534660867
especially from,0.1811588915728261
won give,0.18113362296765903
of acting,0.1811023688240741
task,0.1810527844335078
two guys,0.18097444701937418
remember seeing,0.18091396655468953
put in,0.18090134754279208
yarn,0.1808913316511858
to become,0.18080867114736407
metal,0.18075555603980503
considering the,0.18059745871110763
bizarre and,0.1804548342151985
vision of,0.18025976200372545
the theaters,0.18019994128736194
than she,0.1801660066383826
score by,0.1800682628017422
made it,0.18003918134946917
as is,0.18000019807509754
as both,0.17994315029359642
the group,0.1798590650907064
can really,0.17984725211596977
by how,0.17981972951603706
wrenching,0.1797661792146055
made with,0.17965091216737827
mood and,0.17948296394871263
listening,0.17940813031317263
the tone,0.1793488285903247
about his,0.1793338115054147
insight into,0.17924823161148506
that make,0.1791693708642346
his career,0.1790594196763176
world and,0.1790377402084664
while in,0.17899811856339667
was something,0.17897026240693767
cousin,0.17894527064481178
this first,0.17871447090824763
transition,0.17865548216973046
there were,0.17855611717048836
catch it,0.17851793593700654
ethan hawke,0.17844453002169744
are looking,0.17843065540296701
has done,0.17841474339001956
movies that,0.1783811698476251
films with,0.1783694735221724
not know,0.17836869547506323
didn really,0.17833099370739908
complaining,0.1783090154381629
this was,0.17823439505562783
does an,0.17822281296108258
an older,0.1781299682281007
the third,0.17808950422999953
german,0.1780794576022578
difficult,0.17807070440572412
leo,0.17806861546618427
plan to,0.17803114640164014
june,0.17794024787586274
doesn take,0.17793595534721296
describing,0.17790061584830694
keen,0.17780870667626547
mystery and,0.17779151799579368
and suspense,0.17770326045084678
it good,0.17769258398691024
was lucky,0.17767869291576477
mood,0.1776737836280699
and unique,0.1776587076538697
vividly,0.1776564974611381
dramatic and,0.17758361612190068
ebert,0.17754872105828
like in,0.17754492923684692
she plays,0.17754082728297882
unhappy,0.17747196845489888
revelation,0.1773969070956706
part it,0.17727776136905546
brooklyn,0.1772733207093642
psychiatrist,0.17726909251881973
beaten,0.1771054757825735
gave me,0.17698914733263418
what great,0.17698281758145187
committed,0.17685159022109245
and heart,0.17679560646358836
not what,0.17674903324193192
kate and,0.17669694139569078
the performances,0.17666626669404867
you ask,0.1766131148578865
not great,0.17660604195344956
which had,0.17656460758932235
out if,0.17652484456708176
the shooting,0.1765042914693457
the fact,0.1764869260220669
relief,0.17647419260496436
the challenge,0.17635954826757624
just how,0.1763019499744737
the traditional,0.17628616431637179
intrigue,0.17619504458547286
ground,0.17612128688812803
sci fi,0.17611020634541807
successful,0.17610120210851177
ford,0.17603970155592466
with lots,0.1760390550580929
wilder,0.175977731572966
nice and,0.17596014519306574
would put,0.17587717654453194
she not,0.17583228959604882
family of,0.17577484763178805
have got,0.17576228112177858
informer,0.17572947676237022
with you,0.1755476338156777
other the,0.1754728212501449
parties,0.17544055265420025
endearing,0.17531572382232072
she just,0.17529230972988022
new york,0.17527112533690578
to tears,0.17526895590426922
happened in,0.17516218732899505
has its,0.1751555593364263
his eyes,0.1751367215715434
who could,0.17512621581840057
it shame,0.17510630429663762
admired,0.17505489371350907
stranger,0.17503356649337648
of friends,0.1750126605617815
enter,0.17490567814564226
remember that,0.17489525843987283
before watching,0.17479422440052161
in history,0.17477066284933793
worms,0.1747678253489527
portraying the,0.17476316142717008
crazy,0.17473588395266387
orson welles,0.17473024642793938
ability to,0.1747164981000961
they wanted,0.17465524886874367
but for,0.1746488282840449
enter the,0.17464742755238424
consider,0.17455850557071137
well and,0.17451967703659202
monologue,0.1745190059619207
by many,0.17447993179339522
funny lines,0.1744788904061663
movie although,0.17438226589144984
to hate,0.1743816834987168
the stars,0.17435580551532817
and watching,0.174251287521284
government,0.17421401354852142
people are,0.17418859384472998
today but,0.17418577561509704
marriage and,0.17418353037619394
film she,0.17416746833043611
you may,0.17403483552204013
northern,0.17401738345066733
ingenious,0.174012885388773
these men,0.17393855440616562
translated,0.1739176500427747
the early,0.17391100421865466
an adventure,0.17388029247940073
moto,0.17386813559976946
you hate,0.17370090930442478
the boat,0.1736467735064614
she finds,0.17361626431626667
senses,0.1735837888517525
on here,0.17353777058638742
breaking,0.17353191681811397
years it,0.17344760040022117
when compared,0.17343873886645114
the length,0.17341595007764157
mol,0.17333335440227599
open mind,0.17329999283096748
fruit,0.17325504555571963
charming and,0.1732018059067263
other shows,0.1731847004150377
make this,0.17312221925054525
much on,0.17307887069214342
finds that,0.1730014306356894
since then,0.17299997456760796
descent,0.17299257085473832
recommended for,0.1729799409810129
an unexpected,0.17292195388169143
proved to,0.17289098559118551
unexpectedly,0.17288772988958445
remembers,0.17284732238879266
calm,0.17276250236172458
fagin,0.17273908648673744
deliciously,0.17272631232502283
paintings,0.17269948326349538
this point,0.17269687178829857
marine,0.17269003675678107
avoids,0.17267430931341363
the adult,0.17261447547268088
genre and,0.17254773346361457
web,0.17250987199496387
years to,0.17250057244107503
regret it,0.17249792197710476
because that,0.17248976217503686
shares,0.1724645620057023
searching for,0.17245977290426806
why they,0.1724411304506583
bully,0.17242083891568438
was well,0.1724029897200045
ginger,0.17232243168479394
he tries,0.17227179622300234
good old,0.17220699954031937
mixed with,0.17215319477620086
good time,0.17215194318262472
it can,0.17205334119113253
clint,0.1720439146747611
no doubt,0.17201977783900782
just love,0.17192721381861856
if anyone,0.17185241282698557
against the,0.17181581431829512
affected,0.17180120314755293
effortlessly,0.17163909657451734
policemen,0.1714525551744449
would rate,0.1712668559854069
revolves around,0.17122823814466065
provoking,0.17113655634076697
in later,0.17110224545817268
sang,0.17106048363846985
own way,0.17105698187880183
cant,0.17101416780932757
remains,0.17097899189959975
said this,0.17096609342235847
michael douglas,0.17094628393184982
the superb,0.17094338528978842
but rather,0.1708787320387749
movie my,0.1708362249987249
explosion,0.17072269250977806
them have,0.1707156092569525
bad at,0.17069369532154424
raises,0.17068281910370614
two movies,0.17068251181420335
sidney lumet,0.1705642269806347
secrets,0.17052467293317847
interpretation,0.17050167485892553
known,0.17047564497863257
who falls,0.17044126844940932
friends who,0.17042719576991253
it kind,0.17030481444239903
moody,0.17027825358797055
blend,0.17016769204003016
establish,0.17016274816289678
it out,0.1701624037453997
actions,0.17011217488950087
moments and,0.17011171559142949
adventures,0.17009446985403023
that never,0.17008205478031344
them in,0.1699962003229138
you on,0.1699808079802756
find his,0.16997510738682747
in america,0.16996044369583224
anyone that,0.16994987967639139
scenarios,0.16992504354449292
nights,0.16984717898316132
performances and,0.16976078753856913
meet,0.1697348620017334
ritter,0.1697115373722295
really only,0.16970031754980927
that both,0.16968098633193618
suspenseful,0.1696807069018037
not get,0.16955378822534362
yourself and,0.16949416407577195
levels,0.1694590428373748
for my,0.16944415875000868
who also,0.16940610277135773
jack nicholson,0.16937783447266094
proves that,0.16932079692240445
world where,0.16931364025985846
the running,0.16930083297643703
ambiance,0.16928615624980003
the master,0.16926216063636798
is especially,0.16921247260828598
strange and,0.16919252175594782
ingredients,0.16917958323608234
restored,0.16910959971869222
it definitely,0.16896753077162105
one with,0.16893119570582013
and sweet,0.16887643554523224
night and,0.16884904297718045
to this,0.168839777988029
made of,0.1687312018444253
he ll,0.16871800294010966
the mental,0.16865248556924634
pay for,0.1686379578208131
the recent,0.16863774842963009
has given,0.16862713835445595
of very,0.16860456120697612
donald,0.16848209004361947
buster,0.16847928659028596
ton of,0.1684374923230639
and here,0.1682982894126477
homage to,0.16826441043599238
most popular,0.16823335177661827
miss it,0.16819929941492323
sports,0.16817535118615837
can keep,0.16811078202688717
the humour,0.1681061305611761
took,0.16809864214583303
seedy,0.16800277206347047
where he,0.16799785728254304
both movies,0.16798074572293653
devotion,0.16795115718043682
role in,0.1679281473430044
faults,0.16791879601681953
grew up,0.1678585976659599
enhanced,0.16785583168388485
it needs,0.16779759416484333
their relationship,0.1677161796145888
something is,0.1676295048255224
overs,0.1676058138975469
why can,0.16755997950309995
although the,0.16743445911201202
missions,0.16743208111933988
melancholy,0.16741888937027055
ecstasy,0.16741158312935958
many things,0.16739807843560006
brought,0.16738994491406498
horse,0.1673428119160442
to remember,0.1673196649436185
that most,0.16727058156782393
find yourself,0.16724303367523669
not completely,0.16709729720044283
movie really,0.16708635820803291
this may,0.16707757008161908
find that,0.16703018901133668
revolves,0.166973400866708
the rather,0.1669376744914402
entire family,0.16690979698157482
part,0.16683077020435302
depiction of,0.16679300330898633
was nominated,0.1667806116244887
thurman,0.16673569393691434
witnesses,0.1667131310962248
make more,0.16667455730942107
thought of,0.166647664713596
an unusual,0.1666273575061644
not so,0.1666188096952002
the college,0.16660865724889065
the white,0.16649912722447793
the images,0.16649287824594025
anchors,0.16647301564552874
polar,0.16646937840325318
christie,0.16646381514413844
investigate,0.16644161097275867
layered,0.1664120680634609
bettie,0.1664094167554673
the leads,0.1663326916226565
taker,0.16630968856311026
opening,0.16625408687772844
dana,0.16620197145934335
same way,0.16608939485852542
my first,0.1660792115215485
goods,0.16607372393495845
fred astaire,0.16606882183489638
patient,0.16605579749899738
ken,0.1659925777833427
burnt,0.1659672673512329
the owner,0.16592097918140505
milverton,0.16589056677178915
builds,0.16588847423013672
his friend,0.16584368623971324
the individual,0.1658343377995901
saga,0.16574974151056832
the art,0.1657062444086171
but ll,0.16570130860350624
to explain,0.16554376735524753
lol,0.16550490491239642
cost,0.16544829451195936
along and,0.16537139785662994
mixture of,0.16537081324462108
the universe,0.16535475027150973
today and,0.1653528430233248
wake up,0.16533596705701883
censors,0.16526654947029265
imagination and,0.16524625262920417
of great,0.16520511785996428
for many,0.16515846360813669
movement,0.16513219858178796
has an,0.16511750179903656
style that,0.1650472779419323
mainly,0.16497175563388916
this really,0.16495341377493647
bought the,0.1649222545120164
the piece,0.1649074333100283
acting by,0.16486070359405455
robin williams,0.1648320051375057
for change,0.16482961643202365
apartheid,0.16481797987398197
the corner,0.16481044064551323
now but,0.1648027626834923
doing so,0.16468888606619736
the wendigo,0.16465149528722361
and about,0.16464638896147082
while there,0.16463208668988372
he doesn,0.16463083400407522
website,0.16460627966567062
also had,0.1645010622642285
man was,0.1644999632015487
spirit of,0.1644930053185703
when one,0.1644029412321741
commercials,0.16428140942635905
reunite,0.1642062091834803
match,0.1641490261257446
seen to,0.1641232451326486
and dancing,0.16404053218613432
what follows,0.16399686999508276
atmosphere the,0.16397683688715575
better for,0.16396700859860233
owner of,0.16392217842669138
much the,0.16385902325770826
earl,0.16384615053573415
who doesn,0.16363829518412426
neatly,0.1636007500351206
barbra,0.16356322476819013
also starring,0.16353145640113342
will probably,0.16349445744651303
that doesn,0.16348489362597282
credit,0.1634615494658962
suggest you,0.16345667378666628
mastroianni,0.1634480945607938
psychologically,0.16336297202357916
through their,0.16336293189708945
attention to,0.16334629189622815
life it,0.16316340184768569
sho,0.16313522934574728
as any,0.16313227307336214
buy this,0.16306090776773538
attorney,0.16297664706196993
tool,0.16297315546139782
mistress,0.16292756002838246
movie it,0.162894243779113
house is,0.16282547799828717
nephew,0.16281630585377782
rule,0.16279462015108284
mean the,0.16278926276009228
restrained,0.1627802070553449
rendered,0.16271457808743545
things about,0.1626804422904825
is nearly,0.16266471499437288
one hell,0.16263476176436714
condition,0.16262051663810134
pete,0.16259965313562147
of real,0.16257825486990457
impressive and,0.16256133934344016
rock hudson,0.16253335630466015
academy,0.16250572252294762
through out,0.16248562167121725
unpredictable,0.16248421607587776
steele,0.16247132108456808
the thief,0.1623624978413729
away by,0.1623587374756478
hit man,0.16231560291086566
exploration of,0.16230019651608935
looking for,0.16225149770636757
eight,0.16225123679707068
enchanting,0.1622479363511313
see on,0.16216232571779698
deny,0.1621076403491431
royal,0.16202109906189752
spine,0.162008007016835
woody,0.1619655664404136
smoke,0.16192675723170785
meaning of,0.1619250454653439
moreover,0.1619224352485166
sexy,0.1618871891256764
rock and,0.1618300508567033
format,0.16182364056188406
roles the,0.1618093863818167
on more,0.16178970443395338
with her,0.16174968997878839
above all,0.16173100469902382
songs,0.16171111480168743
of who,0.16170990439771357
in your,0.16168014853141457
me by,0.16162504697727323
andre,0.16161690495094502
crosses,0.16157311450258918
say this,0.16151685626569007
bombed,0.16149972888526945
after it,0.1614444393828174
or just,0.16143644382628708
film its,0.1614197281765585
versions of,0.16139771939687814
the locations,0.16136411397401593
say that,0.16136162077369318
not of,0.16133440726549197
reason why,0.16132591084912967
and ends,0.16129906464009064
source of,0.16128819918605017
1990,0.161265848567486
often the,0.16126419369801973
songs are,0.1612152038801062
see how,0.16113066409585367
for and,0.16112587741744125
was right,0.16111336468463222
side,0.16110827506738046
teach,0.16109005643886323
story about,0.16108917922602073
be it,0.16108320476583554
of evil,0.16107058482963224
the famous,0.16097789445244173
by accident,0.16089255016656961
too but,0.16088052698265037
rabbit,0.16082891684294953
massacre,0.1607599565076108
least for,0.16069407638066674
voice overs,0.16068393986790033
of john,0.1606410675425216
how well,0.16063060007110513
24,0.16060191504829746
the top,0.16053700937863735
reaching,0.16052983538057336
shine,0.16051003843946074
remarkably,0.16044138273608743
love her,0.16042717483726188
located,0.16039560799234978
away from,0.16035291924861256
she been,0.16031166329679736
bud,0.16030199578250512
was kind,0.1602969793184384
one but,0.1602469712031703
harriet,0.16024453684933665
also thought,0.16017441407331812
while we,0.16008967198254254
walker,0.16006039210904896
ritchie,0.16002979150506838
who knew,0.15997813147537762
of hope,0.159958843665371
actors in,0.15995339478064094
release it,0.1599324684611966
jet,0.15992976874319542
nor is,0.15988545629813428
key,0.1598702836542527
travis,0.15981693100053568
as of,0.15977906136184805
october,0.15973705240271538
very convincing,0.15972668961955278
inspirational,0.15970791458901687
in his,0.1597010995827354
she sees,0.15965594588707666
entertaining movie,0.15961485334058337
is almost,0.15961121926693905
with good,0.1596087697897844
tv movies,0.1595355747544432
an actual,0.15953498434482186
whole new,0.15948119186066023
is pure,0.15946881326182522
description of,0.15943531330856872
typical,0.15941421084166935
films as,0.15930117154991202
wont,0.15928636905097643
pit,0.1592525844585828
numerous,0.15923885161529627
dimension,0.15917717321692973
likely to,0.1591727162367246
he goes,0.15915380079837774
an almost,0.15913142365926247
sand,0.15910669203533517
to how,0.15902626837986816
mountains,0.15900193019627587
give it,0.15896010816579015
funny movie,0.15895769543925412
her friends,0.15894338035531544
korean,0.15893744945908925
was released,0.1587826344102056
but they,0.15877914263128745
she decides,0.15877814966190118
number of,0.15874764953130885
angles,0.15874322927070708
hopefully,0.15871759144112524
degree,0.15869935641955177
eva,0.15867556294246846
the focus,0.15866910784034827
his next,0.15865659976693672
norman,0.15865438122908856
skin,0.1585754303883635
the cost,0.15852319351324223
problem of,0.15847150057314396
between her,0.1584400765153426
achievement,0.1584330868112398
will not,0.1584107672822497
seen him,0.1583860749939207
do good,0.15835840238530488
handle,0.15834477213979942
boston,0.1583051923838328
never seen,0.15821051494114005
shot the,0.15809886764547246
tense,0.15803809356719153
cushing,0.15803517591345534
having just,0.15801460971189693
wrap,0.15798876039419743
music it,0.1579036909613179
herbert,0.15786661206303618
office,0.1578501895780419
fawcett,0.1578476763106307
the part,0.15780577777707536
and work,0.15777320625118937
second part,0.15776974898024407
bettie page,0.1577677443782331
tender,0.15772047277235202
graphic,0.1577195416102566
in town,0.1576793883609051
leaders,0.15767083951649546
contrary,0.1576309755569375
got,0.15762517858762454
angel,0.15762061517755144
up against,0.15756292218141502
dont,0.15754302316788277
mirrors,0.1575402580722416
in part,0.1574420706225842
revolutionary,0.1574028832787276
into it,0.15738387303904264
the test,0.1573177746306921
role was,0.1572768715939291
will smith,0.1572361962673077
wacky,0.15722055672519766
the country,0.1572149479233756
was bit,0.15707330924343646
gets it,0.15703866857451593
this and,0.15703099830589842
dreaming,0.15700957682137454
separated,0.15699918523380163
fields,0.15696136929135238
share,0.15695812341830453
lines and,0.15689959585229954
of both,0.15684177432191612
exciting and,0.1568353954582424
disc,0.1567823770951798
reminded,0.15677305604569708
had me,0.1566931220314212
you feel,0.15664320883256827
because she,0.15661515560176742
to compare,0.15659696949685914
actors are,0.15659175386225352
effects and,0.1565823767075871
corporate,0.15649962475806045
and should,0.1564530654174249
sci,0.1564061084627874
thriller with,0.15637839554543514
so if,0.15636356451133088
rowlands,0.15635267164614133
finishing,0.1562851006298696
more films,0.1562776027778529
happens when,0.15622811996766092
knew the,0.15621318018390512
to happen,0.15617568193348122
goes to,0.1561497162915631
into my,0.15613664588090634
but thought,0.1561344271271232
1996,0.1561228903825935
very special,0.15611580463278718
nick,0.15611316506501693
yard,0.15610536151142732
witch,0.15608470697281526
of guy,0.15607935644078813
honest,0.15603094306330267
having read,0.15594428940121596
necessary to,0.15588892320793013
we know,0.1558809638205508
kenneth,0.15583471172439897
by having,0.15557448295978546
being able,0.1555392864562735
was real,0.1554976500324931
the sense,0.15548317371554876
to fully,0.15543503908166717
korea,0.15541643867130447
once and,0.15539046838142853
cities,0.1552760262495404
of beauty,0.15519921551749524
probably would,0.15513110926285759
world war,0.15503076857401743
to buy,0.15501326840639432
stage and,0.15488259928134512
kudos to,0.15488211001318986
of others,0.15484966297034258
reflected,0.1547377192678996
gate,0.1547371150981391
until the,0.15470024196254065
li,0.1546647762645472
escaped,0.15465585584242905
child,0.15460022203631668
terms with,0.1545922854386006
just watched,0.15455574072130487
he manages,0.1545482403369015
isolation,0.1545175940197893
holding,0.15448845357235358
it difficult,0.1544791976406604
of how,0.15447249586648393
widmark,0.15444238486739506
can get,0.15435721340832464
that come,0.1541819809799173
to view,0.15415519754406318
the treatment,0.1541319965665024
realize the,0.15408830061607667
at time,0.1540609866639216
learn from,0.15406004790832195
like you,0.15402809382669175
the comic,0.15399921169134376
dreams of,0.15394234624764028
the husband,0.15388642066020233
or have,0.15387201537799533
and plenty,0.15386992956386905
afternoon,0.153863091942549
fun it,0.1538588239927922
dvds,0.15382910179165565
arts,0.1537993467943521
the sky,0.15379763543920205
despite all,0.15376579634571583
cracking,0.15376436516702677
depression,0.15374583765286182
network,0.1536951932576125
gillian,0.15365845840426842
becomes more,0.15353821520077757
seeing,0.15353654863411675
one the,0.1534700285293117
capture,0.15341537790231055
because its,0.15341402652807812
way this,0.15338395610910732
short,0.15335042049149947
fourth,0.15330966975512875
maturity,0.15313742589824653
green,0.15310142902646706
occurs,0.1530769222382429
montana,0.1530020251257651
lang,0.152936819956558
accept,0.15293190395536202
know more,0.15287566796449983
death the,0.15282258423815567
constantly,0.15277698589045036
so ll,0.15274965841882432
film which,0.15273489742464194
you get,0.1526888006087976
ships,0.15267461665517254
carries,0.15266251760476385
unlike the,0.1526601176850685
document,0.1526291308482854
matter what,0.15250120731621977
it however,0.15246919518183272
more often,0.15246520878613684
role of,0.1522760858461939
is brought,0.1522596310240393
the outcome,0.15225770444181178
anywhere,0.15225145641661691
grinch,0.15223475181080987
music to,0.15220307939413402
obsessed with,0.15217987520062376
records,0.15215681024984468
in class,0.15212493538630406
which should,0.15209794646132221
division,0.15204450378452003
look out,0.15202913441649038
is from,0.15197845323293213
agatha,0.1519701373287239
for being,0.15190219384832124
gives the,0.1518992435049331
him from,0.15184959056889324
recording,0.15173598414139572
on saturday,0.15171363312278924
will the,0.15171321815514643
probably not,0.15162559356471292
began,0.15160988735715591
plus the,0.15146929542059662
lives are,0.15143510792492282
the 30,0.15141031864440335
why it,0.15138418587684005
came back,0.15133987872596896
found out,0.15131573887820818
bathroom,0.15131259347994147
american film,0.15128704056488798
flaws,0.15126214577288055
brings the,0.15124533888092026
the basement,0.15123274006001997
born in,0.15115979866423498
the impact,0.15109392664237548
sincere,0.15106968210838784
that same,0.15098046683990574
cultures,0.15096657460569082
current,0.1508457438689378
ruin the,0.15083964098004568
time travel,0.15079323462730151
grainy,0.1507708897969716
full moon,0.1507539833054083
and engaging,0.15074417930870576
least once,0.15074361604482067
suspects,0.15073772120887283
refuses to,0.15066460198617793
show with,0.1506217642392314
film this,0.15061092427960215
three times,0.1505598645058258
down for,0.15053914167291127
is awesome,0.1504829218697564
sunrise,0.15044715938910763
best one,0.15044446289522018
kissing,0.15039747612848467
his characters,0.15027854941464774
scares,0.15024231224437762
original but,0.15017306948524226
and saw,0.15014904199096996
that seem,0.15014635503721838
palma,0.1501340948933442
de palma,0.1501340948933442
did good,0.1501120545260476
on one,0.15002881283363467
drawn into,0.15001354300089553
most part,0.14991416979258015
or buy,0.14991173269816643
does in,0.1499040802071171
to name,0.14984097150989045
show to,0.14982457706093166
consider the,0.1497816241666839
cope with,0.14971249908895082
way the,0.14969705697113003
purchased,0.14968703594778637
the shining,0.14962814021035412
made but,0.14959119626737516
the phone,0.14956002331513227
barbara stanwyck,0.14952452581497752
likeable,0.14943077256119447
eastwood,0.14934916953877694
chance to,0.14932175801788178
errol flynn,0.14931079456378613
100,0.1492967028295991
presents,0.14927614911797996
all day,0.14923728260893926
the fine,0.14922112381770317
belushi,0.14919469313068942
be that,0.14919361058305003
hugo,0.14914700000530523
demonstrates,0.1491448217422281
unsettling,0.14908238788652262
rear,0.14905199046315104
it stands,0.1490249168115061
own life,0.14894484246383682
it ended,0.1488680770282893
was getting,0.14884792059684948
vision,0.14884533402747457
ranging,0.14882508209480347
there something,0.14879493616708786
it on,0.14877747081969134
all these,0.14877369552780254
surround,0.14875501223507728
is directed,0.1487185169086373
cry freedom,0.1485481335927229
it then,0.14851030825569933
wish they,0.14850122942828758
educational,0.148454628995254
brad pitt,0.14845006034187339
of these,0.14844436867575575
jersey,0.14842925684440123
do and,0.14838587359182379
interpretations,0.14837006653025867
reaches,0.14836127413063568
with lot,0.14835513982181756
is having,0.14834838698933628
as with,0.1483255831763174
us the,0.14829025408767144
and although,0.14828680668669753
threat,0.1482659126516138
techniques,0.14824663012303516
would come,0.14823470088915364
squad,0.14821077292721832
your head,0.14821025311696573
recognize,0.14814369922364057
einstein,0.14814337690065293
grasp,0.148133561523242
works on,0.14805002176290724
sf,0.148018819352881
rushed,0.14798963430487672
born,0.147965588934725
each one,0.14791387270281842
manipulated,0.14790569534768713
art and,0.1478982666365353
combined,0.14780630462268618
so for,0.14768626974338983
pokemon,0.1476230185279228
anything like,0.14761871401953466
in heaven,0.1476049497299928
can we,0.14759793958717182
shot of,0.1474847949006677
wrong with,0.14742627860235835
of gore,0.14742544607085067
asked to,0.14741212746146362
nathan,0.14736745451953578
more to,0.14736180531246948
disney movie,0.14731445520843384
the thin,0.14729686299884467
settle,0.1472545093529006
athletic,0.14720419470758747
neglected,0.14717472936306394
heroes,0.1471142577805742
is fairly,0.14705939053283948
nothing wrong,0.14700038009485775
martial arts,0.14699608121717025
universe,0.1469125458341221
sherry,0.1468898494216354
strongly recommend,0.1468877367042252
countries,0.14685417451629204
and let,0.14682979986097386
been said,0.146812763077572
seven,0.14678805687671287
an innocent,0.14674649279931087
with someone,0.1467337429788262
are often,0.14673317649174034
them this,0.14670799646465085
far the,0.14666927356076256
right up,0.14665336897699638
everywhere,0.14663214427729643
or when,0.14654044785660947
still there,0.1464993184202748
the ring,0.14648776634143568
in london,0.1464677976772153
styles,0.1464162270570343
to miss,0.14639822465694496
grey owl,0.1463794099236783
ago but,0.14629321066514067
multi,0.1462614523520364
for big,0.14623583078018623
which actually,0.14623323824842352
well the,0.1461979487034866
and everything,0.14618363879267884
compassionate,0.14616361805755043
after many,0.14610544586339738
actor that,0.14610255770726702
look into,0.1460277580113846
he needs,0.14594945044052393
so great,0.14590061847201852
the english,0.1458818715270179
enterprise,0.14588096693417255
he has,0.14580423501509038
granted,0.14572115080510525
heard about,0.14562622706937617
juliette,0.14558076994639813
scores,0.14557040358784776
and somewhat,0.1454529395263029
off the,0.145417453835811
is sometimes,0.14540853133076756
to check,0.14537178015502347
the blonde,0.14536407417190872
other people,0.14535414246868736
film 10,0.1453460431427694
be compared,0.14522550167671963
soon,0.14521039634432387
the segment,0.145056500881516
last night,0.14502686477047083
film isn,0.14502167568746918
lose,0.14499730798955224
it real,0.14493298443869979
him to,0.14482199279353344
very end,0.14475914715794394
already been,0.14475193507513107
amazon,0.14468062275337223
international,0.14466577819580984
customers,0.1446587966746722
and down,0.14465382411696937
parody of,0.14464894118627242
really got,0.1446361065684014
challenge,0.14457559800144304
be released,0.14452681662629316
on me,0.1444780348350832
made up,0.14445952716766886
change and,0.14444663674312835
keep the,0.14438008438204777
christine,0.14436647753725942
father figure,0.14433697736675188
ahead and,0.1443279388712769
palace,0.14432445449989176
than just,0.14426507901724955
struggle,0.14421067566412105
breath,0.14417351293992292
in cheek,0.1441626691659462
greatness,0.14414991082701814
and your,0.1441257595055334
introduction,0.14407663820039807
was completely,0.14402616095051426
essence of,0.14402343925592465
ensues,0.1439988889390343
stunningly,0.14399373019598496
story and,0.14396901518231559
necessity,0.1439163060497243
ending with,0.14389197393637934
sure you,0.1438179034620706
the reality,0.1437168301850096
can go,0.14368965865377673
window,0.1436579027264463
about him,0.14358472679501544
stay with,0.1435645726986286
go ahead,0.1434817543352334
legendary,0.1434811058029671
don worry,0.14347479096445725
again that,0.14343797694494778
moments that,0.1434373644529762
the hard,0.14343368490717548
the fun,0.1434278453068816
left in,0.14340931366261192
for them,0.14335892394755845
do so,0.14331207814244049
natured,0.14329943673543663
refuse,0.14329610632600726
anyone who,0.14321316080750177
great story,0.14320951495586937
overall this,0.14317486862861792
degree of,0.1431684415031283
just too,0.14313413446992201
in other,0.14304161726616718
vicious,0.14301406125816932
recommend to,0.14294222446402993
performing,0.14294129697098604
day lewis,0.14282134255447917
maintains,0.14275252576767905
its not,0.14275193167053843
know,0.1426985531892958
www,0.14262889260075526
for two,0.1426099470703004
here on,0.14258919169808087
doing it,0.14256102690668848
shelley,0.14252478988352082
for every,0.14244843345458597
rendition,0.14240851608166444
role for,0.14234212314742464
fairy tale,0.14232758533354192
his father,0.14232629873146133
next day,0.14230295639837845
by not,0.14219509377663742
have more,0.1421698112122442
aweigh,0.1421600191128594
anchors aweigh,0.1421600191128594
audience and,0.14211127433575999
also made,0.14210094436364734
her in,0.14209625386625155
of some,0.14209541478430632
historical,0.14207952130839618
father of,0.14204518762876164
to cope,0.14203449801439422
changed,0.14198523389033982
they start,0.14192462688552
was but,0.14181920169221188
majority,0.14181433391186685
would probably,0.14175206805545082
very high,0.14173068694174767
rooms,0.14172528591782993
chosen,0.1416776611254571
but of,0.1415913321312671
are to,0.14148126751129397
pressure,0.1414771442558381
drift,0.14145874977278572
so obviously,0.14142178540431488
story that,0.14138064609382708
you only,0.14135816629298611
gina,0.1412918629682714
pen,0.14124149693156884
sorts,0.14118060913959674
because had,0.1411221399802244
active,0.14111693113916216
dana andrews,0.14107738173255394
read and,0.14105645915696768
carrying,0.14098205802769065
like them,0.14097974938083851
the haunting,0.14092933706099212
pot,0.1408988490500955
addict,0.14085147848491414
mind,0.140846407403448
him or,0.1408174299245659
in by,0.14080934921089724
peace,0.14074241638167578
strong and,0.14073300217182838
running man,0.14071431447728874
action and,0.14067823079921027
my expectations,0.1406561859238776
to learn,0.14059215379350576
of two,0.1405342233452538
where there,0.14050556384537274
character with,0.14047606568957619
became,0.14046459005223313
labor,0.14041048044806123
compassion,0.14040795816490095
wwii,0.14025598080111837
delicious,0.14023679209152948
ever been,0.1401349217941112
involved with,0.14012244898845033
trained,0.14009773426676267
movie one,0.14009234788425348
knowledge,0.1400841713570678
felt,0.14002432453120386
from start,0.13997952506914524
even to,0.13997368711203265
came up,0.13993309538206483
the bourne,0.1397696346067657
combination of,0.13973918714805036
her and,0.13968926326556963
we meet,0.13966116469215945
convincing,0.13963659742883094
the gold,0.1396149612227047
comparisons,0.13961437256484976
are bit,0.13955197718211593
character of,0.13954167760683633
animated film,0.1395202985513184
his job,0.13946495390208583
wall,0.13942476468785336
not least,0.13929371101167654
caused by,0.1391838047941109
one for,0.1391763824501424
back and,0.13910343458300228
teachers,0.13905902549215926
nightmarish,0.13902867435765304
gentleman,0.13898015098526093
kinds of,0.13895352166472996
film without,0.1389171673262853
young lady,0.1389150815651043
the stuff,0.13890836483472493
back into,0.13889981797364676
lively,0.1388756830785989
at what,0.1388530398629886
with woman,0.1388394502958172
began to,0.13879631818940893
rank,0.13878790745467912
was surprised,0.13874705234977058
blues,0.1387219689371451
hart,0.13868313677671507
neat,0.1386653074498395
sid,0.1386053006218641
samantha,0.13859090047215297
hippies,0.1385672599289528
commitment,0.1385556515592494
do like,0.1385480102988164
effectively,0.1385268581039714
way it,0.13851729930944878
films by,0.13848288893312466
it over,0.13846666696873017
gangsters,0.13845964295684363
or bad,0.13836739385954072
houses,0.13836411699162812
perhaps this,0.13833101511160337
touch of,0.13832388140079843
actually pretty,0.13831239416884808
doom,0.13828862049260687
gooding,0.13821686512004386
away to,0.1381768718608977
that of,0.13816348754940258
corner,0.13805691578894513
perfect for,0.13797571448413434
it right,0.13796657350145894
by far,0.1379459111675548
as director,0.13794226385449518
weaknesses,0.13793874162173123
to being,0.13793226335230474
soylent,0.13792733820899122
that does,0.13788930959084228
the guys,0.1378186679430906
clearly not,0.13780795971594964
abrupt,0.13772514784084286
desk,0.1376960786172956
no other,0.13769342858365785
can find,0.13767028754012342
his boss,0.13763549657821764
only other,0.13760681064848798
hard and,0.13753858268676164
elements of,0.1375077556459937
movies,0.13744325892631112
added to,0.13734506495022109
the previews,0.13732258477511328
dialog is,0.13730803352483964
will see,0.13730802094868177
that everything,0.13730287825827125
buys,0.13729846021626613
little girl,0.1372774232443793
and her,0.1371600457804353
and believe,0.13715428828870507
as they,0.13714221283519307
owl,0.13714067299601687
hands on,0.1370692610265326
film about,0.13706722058058313
been told,0.137064094264392
art house,0.13704340345665947
the nazi,0.137031674018502
recent years,0.1369915608254888
protect,0.1368743204347824
is part,0.13681423425142764
vibrant,0.13669778553257236
primitive,0.13668037110206518
like her,0.13664421599075552
close ups,0.13662552117338744
bye,0.13650812653097902
but despite,0.13643937110251175
denzel washington,0.13643854231828553
is fine,0.13640200425324192
not let,0.13637156838937056
act as,0.1363609239689953
sexy and,0.13635771644743339
light and,0.13635350133437357
the genre,0.13632999889443312
the line,0.13630977224385968
mixture,0.13630403549170642
searched,0.13628293766422614
not being,0.13626886935563404
brando,0.13623515148813345
just another,0.13613315086639569
mind that,0.13612969279090514
seeing as,0.1361251840843361
reminded of,0.13612453124924537
the process,0.13610715098581222
the opportunity,0.13608951580900835
closer,0.1360705113448056
make things,0.1360422470052187
film made,0.13595540551361526
music the,0.13594865152407357
imho,0.13593176296267095
was fun,0.13584354085757908
remark,0.1358357242485068
tribute,0.13578824055911415
and absolutely,0.13578561056073712
las vegas,0.13572708004441503
most impressive,0.13566186687283344
an rating,0.1356412113710426
the gay,0.13559797231732315
maybe even,0.13556736070441205
assured,0.13554084685607198
high school,0.13539172449336556
force of,0.13533041726496736
places,0.13531817198025037
where we,0.13529720973244141
early,0.13527986827018268
the spirit,0.13527606920560434
furious,0.1352730437301792
accepts,0.13525981432371523
drunk and,0.1351805180901469
be able,0.1351650931169389
but overall,0.1351059347700516
one,0.1350973333717302
red,0.1349941014986316
murder and,0.13496893577494085
film doesn,0.13494123716911574
was not,0.13494005720089544
them both,0.13493781436376115
last scene,0.13493699923952762
dazzling,0.13493161702841533
his previous,0.13492000347314595
brutality,0.1348942687907548
very hard,0.13489336958016812
rough,0.1348652433819321
the sequence,0.1347719118879971
were no,0.13477052910167092
ones who,0.1347382107897809
and another,0.1346694944619237
arrival,0.13464899836882144
frame,0.13463944261154254
while he,0.13460928638222983
directed and,0.13457914280419653
once in,0.13451572920725086
the song,0.1343973330455571
it truly,0.13429725375682874
does so,0.13429077163280392
be bit,0.13426487289327607
have just,0.13425976972290002
communicate,0.1342571105957373
have very,0.13423568576264802
place to,0.13422793789561596
works well,0.13420809915525986
in law,0.13418463475182443
appears as,0.13415835805150858
alternative,0.13402959921973176
teaches,0.13396019762158273
on par,0.13389942886643896
told in,0.13388375877713854
and little,0.13385487218894412
release in,0.13377021150857668
obligatory,0.13375362577422162
haines,0.13370261440213022
the music,0.13369808337267794
castle in,0.1336571956843525
focuses on,0.13364618615886173
times and,0.13362474333073582
immediate,0.13362385349467268
about what,0.1336121892010519
for so,0.133513398602332
alike,0.1334704232440848
for yourself,0.13343778970125628
whether he,0.13343695705571945
troubles,0.1334355130717536
to decide,0.13327249235693145
though there,0.13321004475882608
who becomes,0.1331944747664656
put,0.13306305749881195
their respective,0.13304361720792462
one day,0.13302578057415756
was from,0.1330113211710264
love you,0.1330029639604918
the medium,0.13297039854516343
town to,0.13289330152087886
course is,0.13289028377192014
fear and,0.13281229548968407
detached,0.1327873254096476
creation,0.13277525515240776
seeking,0.13271905825687502
mean it,0.13268198231473552
taken to,0.13267413408316106
brit,0.13266994395905254
addition,0.13263737563100325
suits,0.13257277425266314
the australian,0.13254596644036643
gives an,0.13254256319362318
course the,0.13250543305133292
did have,0.132494732462452
it appears,0.1324674675770592
well shot,0.13243739783908776
voice and,0.13237903869484563
ever heard,0.13235933518553775
symbol,0.13232497338886748
with strong,0.1322546363525102
scene when,0.13218606084078796
little richard,0.13218096810292446
even in,0.13213945674813038
patrick,0.1321050464089131
box office,0.13208934202018363
anyhow,0.13204884468959321
was interesting,0.13204171521663272
to stand,0.13201428178788197
really can,0.13200114583368014
have loved,0.1319873570123813
day the,0.13197548240839416
offers,0.13196275764986812
countryside,0.13190265222910946
1934,0.13185025682352275
fictional,0.13183929964203142
movie ever,0.13176978681420262
who didn,0.13174828575714895
was how,0.13172820134719365
see is,0.1316913657492797
or the,0.1316537928113709
she never,0.1316465457642415
lost,0.1316199738024638
persons,0.13154407865224665
about but,0.1315407432844795
in couple,0.13146679066071854
help to,0.13144517981711779
battle of,0.13142106605872433
was put,0.13140653477335887
basic,0.1313941345291987
is getting,0.13136352006229565
for young,0.13136245182680453
paranoia,0.1313470420347958
with an,0.13133158453240776
watches,0.1313266237575541
breed,0.1312395411746854
in french,0.1312358060767719
of special,0.13117986308335386
gruesome,0.13116266456907993
as people,0.1311100778998141
and thus,0.13110155302266607
and for,0.13109316419804892
the animated,0.13107945943474944
more interested,0.13107838105626657
2004,0.13106753739764987
relations,0.13102724866522264
people around,0.13099321703959899
very dark,0.1309286442500641
happen to,0.13088222118476847
knowing what,0.1308655122463522
ask me,0.13082844175578287
robert duvall,0.13079445976608076
the five,0.1307876684222928
realm of,0.13074802857502463
to each,0.1306617705768129
brothers and,0.13061702615408313
screwed,0.13056257900555687
berkeley,0.13054930475061027
looking to,0.13053621895948492
will do,0.13052493204749904
who are,0.13046833344137726
we don,0.13042025121070924
to simply,0.13041692805951452
reverse,0.1303961981630434
bondage,0.13038801405473352
people will,0.13036365883061915
bought,0.13031924938407397
or less,0.13029302538869525
lesson,0.1302822796294548
soundtrack is,0.1302808151403035
hurt,0.1302682905018658
treatment of,0.13022943804581083
longing,0.1302269700709461
have won,0.13020679422950926
daytime,0.13018332761699267
glossy,0.1300901543809368
it they,0.13007131735335664
company of,0.13007007955900668
what to,0.13003776427048375
and doesn,0.13003678406860256
stated,0.1299600437283828
philosophical,0.12994375881755865
doubts,0.1299343291740354
but is,0.12990258652782666
power,0.12983323055079687
starred,0.12983111628268484
commented,0.1298084013514366
and respect,0.12979304334304562
rap,0.12978782565249936
is constantly,0.12978674665836507
more important,0.12975846916432332
and drama,0.1297445073822555
combination,0.1297318993766842
movie star,0.12966941601771384
the 2nd,0.12965496294806603
nice to,0.12964502429297328
best but,0.1296400954903325
rolled,0.1295155644887641
one which,0.12949127294403798
after reading,0.129477004752199
has that,0.12947167974303736
desires,0.12943909334669101
hits the,0.12938218217132647
toronto,0.12936083836089496
with your,0.12930075162527613
you from,0.12929247869305638
next,0.12928395436719795
years the,0.1292764790868366
80,0.12924843705962868
fan,0.12921316076179284
fight scenes,0.12920112206393009
and keep,0.1291814899259961
his way,0.12917248587694435
to play,0.12917148455914074
mutual,0.12900441565796641
although not,0.128991875461249
friends with,0.1289692559420051
one man,0.12896014299498004
so she,0.12893849762113038
change the,0.12889518733489763
charges,0.12887950133725803
enthusiasm,0.12885051984776427
believe it,0.12878526604264534
experimental,0.12875471206646927
traveled,0.12865522127532356
orchestra,0.12855436739873716
lost his,0.12854574189611315
fun with,0.12854264329561546
to beat,0.12843996173849503
romp,0.12841205086251278
one to,0.12840047771021554
tree,0.12838162532339106
just finished,0.1283221343350413
than in,0.1283029672761278
hitchcock,0.12829217700210296
and situations,0.12826728268637988
premiere,0.1281909177350466
than he,0.1281625205404909
mighty,0.12810878161773545
style and,0.12804993189602704
something they,0.12802247738774503
the struggle,0.12798160443713907
thriller the,0.12791907208931086
home with,0.12788642329339972
contemporary,0.12788482600423082
in lot,0.12780551304609827
only problem,0.12775848247846627
prime,0.12768413676656323
presenting,0.1276516618748118
remember watching,0.12764689047205818
you are,0.12764573832480303
among them,0.1275639669228177
whole time,0.1275143139883374
to her,0.12751340790163893
of other,0.1275106613814259
this woman,0.1274980301136035
that think,0.12749770745591163
is here,0.127478521654576
that little,0.12741497144942568
film think,0.12739393106909477
house in,0.12738797805078736
1959,0.1273383337884583
an amusing,0.12733675753548057
it it,0.1272826683661
city of,0.12726356195939184
is he,0.1272622451109712
you come,0.12723786146682814
gorgeous and,0.12714754114141627
okay the,0.12712120578523253
to finish,0.1270715812089076
great show,0.12701254399473466
accounts,0.127010876723671
step,0.12699987393433598
quite bit,0.12699190844801725
energetic,0.12697073335008174
people do,0.1269576259911462
make his,0.12694681232588295
seen so,0.12693030791335655
pacino,0.12687111400676707
her as,0.12684517654248043
to grow,0.12683811798414718
is like,0.1268256148027931
led by,0.12673461337069356
or in,0.12670785133284557
favorite character,0.12670151647705447
the pace,0.1266756139130847
shown to,0.12667221999209352
skills,0.12666009154855562
keeps the,0.1266572946732897
for while,0.12661880447660795
pickford,0.12658844646469328
everything in,0.1265838828263525
made you,0.12655757642308782
luckily,0.12655669203782974
album,0.12651355438877687
only this,0.12637810701564922
this too,0.1263640414718361
the grinch,0.12628182449245454
it pretty,0.12625383991033395
during one,0.12625307112705786
has so,0.12622286255151557
convicted,0.12621306201260604
and finds,0.12617806085721364
assure,0.12615097623566193
as great,0.1260899281722937
will come,0.12606180932757113
overdone,0.1259647171533165
to most,0.12588782600392887
galaxy,0.12583555293085305
understated,0.12580374518535042
was shown,0.12562136612803546
graphics,0.1256166255107024
wizard,0.12560338319499317
bring,0.1255985644902143
which have,0.12559483206426728
it goes,0.12556946136725888
magician,0.12551591556400205
through all,0.12551277682997364
anymore,0.12548931419258674
roles that,0.12542974355389006
loose,0.12540759637923374
times the,0.12540524212594945
watch them,0.125336363493318
occasion,0.12533167272290469
this part,0.1252468947916934
episode and,0.12520138654121263
didn get,0.12518724051551575
is told,0.12511969957400645
going back,0.12509674561664608
detroit,0.12507329933055542
in jail,0.12505625604629353
movies you,0.1250542229416341
love in,0.12504463627814175
sacrifice,0.12504214576611747
to hear,0.1250112576719606
mistakes,0.12492676228277656
loads,0.12491738154878056
contrary to,0.12491728611716578
day it,0.1248896115789047
worth the,0.12488910305221697
necessarily,0.12486886700771734
40 year,0.1248554984068686
think there,0.1248358626881378
too seriously,0.12482934519440082
think he,0.12479821096590427
agree that,0.12476590850722803
old man,0.12474348591834354
modest,0.12473739903354135
too often,0.12473719010632651
anyone can,0.12472121189478853
filled with,0.12471215256615932
staying,0.12470219377910427
will happen,0.12468750916365345
apologies,0.12468448114918329
is sent,0.1246790370184174
come across,0.12467422204855316
now on,0.12463617275964335
foul,0.12461216222497216
still has,0.12459644776331502
fellow,0.12449119777032298
see them,0.1244286993899562
brown,0.12440409075663746
fighting for,0.12434741865952344
gets the,0.12431594110032025
the woman,0.12426323654111558
accused,0.12417536408754903
to open,0.12413931824835375
the star,0.12413823020136214
existed,0.12412573003565379
jarring,0.12410476390055648
not movie,0.12409404865227447
the masses,0.12408811314245612
chris,0.12407561396761267
of everyone,0.1240204963179979
raw,0.12400132588993179
chronicles,0.12398413302002037
the bus,0.12391600620838542
owns,0.12391364631992097
that are,0.12390071173645782
room to,0.12389729635598717
the things,0.12380324303645479
on both,0.12380031144348301
scenery and,0.12378055092957362
and over,0.12374815891429576
as was,0.1237063933291482
glamorous,0.12370422768143864
for our,0.12368815261794955
focuses,0.12365925412409941
marc,0.12364197173840138
when watching,0.12357593172825383
be given,0.12353142111729198
yellow,0.1235237035943279
upstairs,0.12352234249014776
family film,0.12346224340667726
first,0.1233539800719966
of and,0.12326959279549439
that be,0.1232259660379869
leave you,0.12319421983239603
krishna,0.12318617093016342
tomei,0.12316484940913673
themselves to,0.12311712225182798
all at,0.12308392450078186
matter the,0.12302616232110751
be this,0.1230048591675147
very effective,0.12295915422922181
made in,0.12289327998347056
man named,0.12285241252709807
four,0.12282919374576515
sounding,0.12281825366361006
the simple,0.12280866353819125
the bathroom,0.12279870964678787
courage,0.12278724291952976
then watch,0.12278253261212566
way he,0.12275721471404723
cutter,0.12267659591321117
good that,0.12263416770631187
not many,0.12260244746193799
the actions,0.12260193212098684
how he,0.12259293876094217
reading the,0.1225904095842023
cast this,0.12258336367211682
performer,0.1225741468534081
long but,0.12254640597639672
point but,0.12254456108263874
are wonderful,0.12252408684193428
whoopi goldberg,0.1224834043077049
him as,0.1224721736795867
me back,0.12243967479398758
beckham,0.12232121217725771
romances,0.12230352245563335
considering that,0.12229946129911567
some fine,0.12229538331979974
senior,0.12229343926756707
specially,0.12218700543038666
call them,0.1221718212976033
his time,0.1221711775956789
fired,0.12216906922933346
up her,0.12216471547926934
better in,0.12216203952057102
king of,0.12215933248109138
won the,0.12214933804957294
had some,0.12209720286859302
write this,0.12208001893834074
course he,0.12204284468831202
all too,0.12203196206277338
share the,0.12198753966627883
files,0.12193350457269791
written and,0.12193344223064219
home in,0.12190371173848752
the board,0.12186885189076703
vincent,0.12186046613234781
sad and,0.12183253844542852
but good,0.12180933389827847
on two,0.1217238716039132
good one,0.12172291347410129
but once,0.12161655333914738
after his,0.1215183681704944
meek,0.12151815895961263
the girls,0.12151595181940819
worth it,0.12148748677220478
hardy,0.12145763809492333
realizes,0.12145658471808747
always the,0.12144622929337447
her mother,0.1214421744318186
just look,0.12137361323319341
cycle,0.12136841325955347
man of,0.12135660969379695
ready,0.12121759993681576
client,0.12119977795921835
action is,0.12108686581416786
behind,0.12105675160196804
jumping,0.12103981868803983
pace is,0.12103443982639181
seventies,0.12097039045920227
grayson,0.12087752160261143
or are,0.12087540146423559
focusing on,0.12086909717847459
remained,0.12086426198282851
the road,0.12085168047085398
lighting and,0.12084093423579215
and soul,0.1208185935768219
the nice,0.12081018509284684
the extent,0.12078063294456191
let go,0.1207304843727057
legacy,0.12072507474540381
hong,0.12070993564138664
injured,0.12063920410351012
show as,0.12063039477581321
the cinema,0.12062241878176588
tv series,0.12061122734933419
guess it,0.12056851426159448
just saw,0.12053285717014826
tarzan and,0.12052675377616444
one is,0.12050314831957838
spells,0.1204996390521009
suspect that,0.12047746341962236
conventions,0.12046628536935865
takes us,0.12039959564044596
laughs and,0.12036043319428257
engaging,0.12034686140139023
would like,0.12028112016962046
and early,0.12022026870996978
conveys,0.12019593873834997
can also,0.12018242717475593
pleasing,0.12017388158789206
depth of,0.12016350936673834
the usa,0.12011748801396618
animation and,0.12010706856622408
other things,0.12008263405107933
rendition of,0.1200825024420082
house and,0.12005656120122137
peoples,0.12001700818476375
nature and,0.12000267475522267
if not,0.11991416892107293
wind,0.11990381731353432
the chemistry,0.11988407608570029
attend,0.11987878030286621
sense it,0.11986436184128571
fox,0.11986215251973252
witness,0.11984375198568646
give this,0.11983517531422375
makes sense,0.1198151854502523
in not,0.11981233719480341
strongest,0.1197538085346047
death and,0.11960794221791864
of early,0.11960546436887937
sets up,0.11959843741292896
let us,0.11951239851081136
life the,0.11939059932438127
teenager,0.11938440324031928
have good,0.11938422114242302
swing,0.11937092656926691
to handle,0.11936843966709028
most importantly,0.1193101773295067
was fine,0.11930239689872942
to go,0.1193017546204288
it when,0.11925334893084168
of suspense,0.11923449238724193
be my,0.1192132540865317
comments that,0.11920729566879432
old virgin,0.11920185601424566
the dancing,0.11918926062425719
point the,0.11917572097903574
john gielgud,0.11913349390948033
caring,0.11912794604270055
grandmother,0.1191148553298549
anyway the,0.11911227560143844
made at,0.1190988957404057
savage,0.1190891719023955
get this,0.11905744875909448
sequences and,0.11899374891171209
blast,0.11897041400108087
with its,0.11895324297865097
neurotic,0.11894967650981175
imagined,0.11894694091257521
inmates,0.11891370485418888
to explore,0.11888584166926122
stands out,0.11886770528988955
1987,0.11882722155850121
homicide,0.11877239894097306
chasing,0.11870590177705095
locate,0.11863880779782962
though they,0.11862089069413459
it reminds,0.11857168096570625
petty,0.11851899056428572
getting into,0.11843443769817108
seem very,0.11842778085355445
you also,0.11842553162966182
kicked,0.11840136202220282
episodes are,0.11839778498720314
it you,0.11834424072024397
can have,0.11833232866142719
caron,0.11830440272674762
coming back,0.11829173480013558
creators,0.11824075314595792
parade,0.11817364405598722
the fans,0.11814152122938619
preferred,0.11813529809962692
still very,0.118096782312293
comment,0.11808752425841197
dancing,0.11801056995489677
him that,0.11791047123153907
shoulders,0.11788473183155927
but their,0.11786440809397282
off for,0.11786020155258431
yes this,0.11774113896795695
work it,0.11773964725541977
visceral,0.11769135448692077
slice,0.11766589447282602
ambitious,0.11766048186673257
still think,0.11760516828789587
exploit,0.11760002007101797
life she,0.11756983779832278
of humour,0.11754464292511603
job and,0.11753150635674695
get an,0.11753093086160145
works for,0.11751835568500343
said that,0.117413471174054
other characters,0.11739674153651812
the score,0.11738290878666638
gives it,0.11735853646775789
tongue in,0.11735178411508107
who you,0.11733848019724627
an idea,0.11728077124170459
climbing,0.11719860504200862
hunting,0.11717659263498804
of depth,0.11714039255311227
has lost,0.11712437631323408
have liked,0.11711303133460954
oscars,0.11710666849711669
between these,0.11709927960762584
to entertain,0.11706425765106147
prisoner,0.11701624670523106
nazis,0.1169970572049062
behold,0.11696937818444529
matters,0.11691035712893848
shootouts,0.11690914161277376
he takes,0.11689556039335124
degrees,0.11686282085542311
the rich,0.11684707303067324
special,0.11674563554085508
2006,0.11673166295787742
karen,0.11668244191816983
which she,0.11662749906462383
movies it,0.11662583979618892
film almost,0.11661491858606847
overwhelming,0.11659173656492301
greta,0.11658481224600159
colour,0.11658372700105328
and give,0.1165640057816015
he shows,0.11641569290641875
to meet,0.11638266005120336
amrita,0.11636540013207877
the depth,0.1163331276279381
house,0.11632647374491463
territory,0.11632634044472005
based,0.11632269723169772
didn seem,0.11631813136799704
exploding,0.11628024581903587
was that,0.11627882109992614
key to,0.11625224825850539
ending which,0.11624658441296645
smith and,0.11623889975991612
empire,0.11621633357494
climax of,0.11621601340818907
austin,0.11616087619801085
fascinated,0.11614015676153272
it means,0.1161377327151028
us to,0.11609845729173518
policy,0.11606262990393366
suspend,0.11605754940172298
and none,0.11602945724576752
to include,0.11600762204963184
all her,0.1159971966969283
the legendary,0.11599365810907111
ted,0.11599219578721512
wondering if,0.11598925662268288
secondary,0.11594934264245857
talking about,0.11592987474000344
longer,0.11591681160727171
to clear,0.11590228756516356
helpless,0.11584903239653917
mandy,0.1158459488351066
comics,0.11584127954563045
sentinel,0.11582483976197326
experience of,0.11580140433183828
written on,0.11579185025983854
is man,0.11575629485447177
emily,0.11574334887630931
pursuit,0.11567349239470572
immensely,0.11567246048837275
cbs,0.11564836022308572
homage,0.11563988533073094
or his,0.11546285750087527
coupled with,0.1154469591030352
picture of,0.1154354040661717
glass,0.11541474706422744
and would,0.11539860938722578
who were,0.11530986593343832
spotlight,0.11529582920027655
give them,0.11521241606171434
he falls,0.11520098535086695
which we,0.11512788359308353
up or,0.11512239655488464
good performances,0.1151184624666729
crippled,0.11510860267348552
had one,0.11510253941920785
face of,0.11509599923714457
construction,0.11509233666083704
elliott,0.11505430051371818
age and,0.11503974618370201
from some,0.1150030089751847
played with,0.11496431596337636
examples,0.11494640550826368
was kid,0.11493377520525452
which seems,0.11489002278063272
but soon,0.11475334471780876
bias,0.11471226018295964
quite few,0.11468345960330847
underworld,0.11468015610098609
they live,0.11467504626902071
for both,0.11466656523084963
the oldest,0.11464603641045566
somewhere in,0.11462927055405217
reflects,0.11460189708201597
one and,0.11455445968267595
of humanity,0.1145542502016859
the pre,0.1145005682765222
true love,0.11444543757346032
face the,0.11441852399644757
dalton,0.1144142178705321
decades,0.11433040247867732
it would,0.11432634517446236
me as,0.11432053336078503
any more,0.11427028235325387
area,0.11425464023616443
nyc,0.11423214856376526
which this,0.11417153452917628
the streets,0.114171355530557
for adults,0.11415558587364105
drove,0.114074395939308
marlene,0.11407201858107342
likely,0.11407074768657549
saying it,0.1140627804761344
gene tierney,0.11399142287023313
avoid the,0.11398733146356445
detective,0.11398082446679646
world with,0.11394453419713636
drunken,0.11392309862531615
first season,0.11384787118862286
masterfully,0.11378747630077092
time as,0.11378701952846598
today the,0.11378138395637254
to discover,0.11375851927128632
man he,0.11367507212256849
my collection,0.1136700422024013
lends,0.11364253293729597
denzel,0.11362859501641043
him is,0.11359943165619837
lend,0.1135589699381329
primary,0.11355503428716278
moments in,0.11354892827867955
filthy,0.1134645286966186
acting talent,0.11344127995644027
with little,0.11336798111396562
says he,0.11334412395583912
about everything,0.11333507253947323
if he,0.11332698428708184
the surface,0.1133253218305229
stiles,0.11327951749355634
time you,0.11325895723579689
films you,0.11323982408387491
now this,0.11315188870610517
did that,0.11311552542263424
an action,0.11298247521538715
name to,0.11298192537424738
react,0.1129777476519194
threatening,0.11296801565983643
imagery,0.11288338662915749
discover,0.11288250394712457
nuances,0.1128650842739497
she meets,0.11274984386091846
bread,0.11274258950420711
south,0.1127299303386337
he wants,0.11272513486474375
alamo,0.11264792430866809
maggie,0.11263452743988422
realizes that,0.11261658740234012
it my,0.11260161239558304
deep and,0.11256453829086097
came on,0.11255960101531419
the loss,0.11254524395712188
jenny,0.11254272692541686
thing with,0.11250936058082193
many great,0.11250917355555387
series it,0.11243994894954672
younger brother,0.11243955480746815
to heaven,0.11236179475053575
give some,0.1123481775911289
the absence,0.11232946041626642
an absolute,0.11232914324634811
helps to,0.11231514031433852
but because,0.11230923362196969
collect,0.1122936206854314
announced,0.11227841203947854
is surprisingly,0.11219438751729477
experiencing,0.112188364246977
imo,0.11218581236196315
his acting,0.11218327897738709
armor,0.1121378372219647
to love,0.11213470350625333
have gone,0.1121191970815156
shot at,0.11211040029732186
seems that,0.11209744644492213
pixar,0.11207033267750781
an independent,0.11204989876681237
wife is,0.112012664108338
grant,0.11193774991957547
mini series,0.11191980661288814
closer to,0.11184794273387977
the opening,0.11178778720680692
hasn been,0.11176013045540838
change in,0.11175450435805605
and romance,0.11174685481592742
for her,0.11174148797307915
she said,0.1116902573549101
performance in,0.1116836025363865
go into,0.11167049387827177
civilization,0.11166901269484665
emphasis on,0.1116625108111026
surprised by,0.11165843467101624
tell me,0.11164871074855257
escaping,0.11164307298139968
the current,0.11163363615826244
were being,0.11161994468265785
his movies,0.11159205220577018
makes him,0.11153649496551307
challenges,0.11140631905386887
fluff,0.11139055461820757
demeanor,0.11138464440054711
easier,0.11138194109786483
moment,0.11138155512533558
roller coaster,0.11137079708482789
giallo,0.11135349887522315
have lot,0.11129707992708092
in him,0.11126955715864448
first in,0.11120770479171904
ever see,0.11119701003323375
tricks,0.11116644287021168
reference,0.11116625157483377
film should,0.11111568535226049
he does,0.11106406117138407
feeling,0.11105304265534922
rebellious,0.11102231481898207
all out,0.1109880950765645
with so,0.11095007895539517
first part,0.1109225061141888
the wall,0.11089300222091496
plausible,0.11084907152234239
majority of,0.11083973692382841
basement,0.11083720248088359
roles and,0.11083610928245498
time to,0.11082785009760875
really had,0.11073735446545974
all sorts,0.11072728939491754
which were,0.11071551184258448
the 80,0.11069803698496017
ryan,0.11065300433673807
certainly the,0.11062697046259437
coupled,0.11057241766695508
hold of,0.11052549248979662
how we,0.11050564283352364
the lonely,0.11049226446186469
closet,0.11049199938586468
accepted,0.11044977354889547
warner brothers,0.11042208492989854
am going,0.11038661579688966
and big,0.1103045553880694
to mind,0.11029291870842603
his old,0.11028712707783161
achieve,0.11026673393356606
good guys,0.1102294277957309
noam,0.11019431241086511
you need,0.11017513755055007
and on,0.11016417302294933
it gives,0.1100997116318664
and bit,0.11001680758680683
people as,0.10999327236573524
kids and,0.10991135605026095
time they,0.10989832455343994
library,0.10987034817389142
lasts,0.10978695473212803
bogus,0.10976491839549872
sister and,0.10975703266893509
dark comedy,0.10974552929375667
kim,0.10974151408830622
the shape,0.10968249536951356
costumes,0.10965246786046823
hudson,0.10964745063101312
doing their,0.10961989346901531
later and,0.10959708791755765
the fantastic,0.10957433117725093
you believe,0.1095598669092996
book it,0.10950269736185246
eighties,0.10950022460784499
plot with,0.1094456801372845
better and,0.10944266391191146
other film,0.10942211221282422
pays,0.10937012692545531
sympathetic,0.10935863458027602
dozens,0.10935688042581626
focusing,0.10928234371096342
film making,0.10925226197623593
angles and,0.10919880595111478
which may,0.10917426542034497
visual effects,0.1091449299380445
enjoying,0.10914000556970475
break the,0.10913806938798214
hung,0.10907034960851675
the program,0.10906975102342888
agrees,0.10901489937007582
casino,0.10898515061369426
jolie,0.10896947088017991
last time,0.10896508035118789
is possibly,0.10886101649282139
act of,0.10884738689503164
played in,0.10882910616762127
no one,0.10882625860862429
tone,0.10881788094485693
that year,0.10878246815711684
now they,0.1087759938289889
they go,0.10868194521671898
reason it,0.1086751407833138
the romance,0.10867360525933374
in american,0.10859002290567696
fate of,0.10852438710304568
at her,0.10851640966775064
foreign,0.10840935062035327
one moment,0.10835412758803553
in italy,0.10832811403765628
response,0.10831683060336623
re going,0.10831269383246352
full length,0.10825371244136535
music which,0.10824596243603522
to break,0.1082414965485613
very strong,0.10818224197423322
about those,0.10816774813459767
an important,0.10815827088705267
before but,0.10810418331567394
novel but,0.10810313677909453
feature length,0.10810179601557905
thelma,0.10809617559981075
far from,0.10800033882420088
done in,0.1079888043411338
two actors,0.10796278285334727
arguably,0.10795710857859972
smaller,0.10791608437497971
them to,0.10787891784934282
comes into,0.10787148471306306
include the,0.10783431446053122
new life,0.10782645075227654
president,0.10780691956812168
loaded with,0.10775599646705172
charged,0.1077268675036732
the sweet,0.10770848029264689
about man,0.10770137698650475
the ancient,0.10768443111827651
saints,0.10767436989179362
played it,0.10760853142297645
what do,0.10756290101138015
was there,0.1075269567008171
these movies,0.10751812519624417
slaughter,0.10749102642379389
reward,0.10744891609542363
the age,0.10729639647171205
of light,0.10727626676648255
understands,0.1072759230567727
plot but,0.10725152914673164
yourself to,0.10723890239227275
given it,0.10723871392253487
buzz,0.10721527757317408
the songs,0.10721378551959915
the episodes,0.10720988951164151
some parts,0.10719454694105673
comes up,0.10718477638928266
neo,0.10718103427774572
had read,0.10717216922892277
the flashback,0.10708766230911025
glenn,0.10708586023838561
others the,0.10701057051047906
in world,0.1070067785131045
time frame,0.10695906406854708
potter,0.10689962311538423
someone to,0.10685644069053961
for someone,0.10683206728264309
toward,0.10680920391174423
the imagination,0.10675818724042353
the lovely,0.10673564324575556
likable,0.10672473791753964
movie he,0.10671971381995288
rage,0.1067106795538913
safely,0.10670820471052704
bars,0.10669410076903918
out her,0.10663899591830733
well be,0.10663270976671867
outside the,0.10659430622641682
carries the,0.10654171584611914
greedy,0.10650627777254533
nurse,0.10646142135805473
the van,0.10645766902051801
actually think,0.1064370467153149
the strange,0.10639983757051545
of water,0.10637352230135037
with young,0.10637207691680649
conveyed,0.10635293345425881
courage to,0.10632921297710704
fond,0.10631578426130016
ending but,0.10629833529252387
and james,0.10622560340776796
it funny,0.10620608288451766
meteor,0.10619646853875779
number one,0.10619337426266247
nine,0.10613986436383555
watson,0.10611652131610379
my personal,0.10609339352229939
but somehow,0.10607702522426579
exposure,0.10598753501078854
sure this,0.10598196396411481
was given,0.10592234684833239
separate,0.10588284446620685
the beast,0.10584074576601259
poster,0.10580834022578317
as in,0.10578560867856504
committing,0.10578006746339308
to that,0.10572168409891888
year of,0.10567507741766535
abusive,0.10564916818408708
better with,0.10564359943730184
better film,0.10560659637127166
spoof of,0.10554819794317366
others who,0.10551980987888679
pursuit of,0.10548352048611084
that this,0.10546057612041498
intimate,0.10544183804299558
of various,0.10540433200815387
well enough,0.10537158916904703
he came,0.10535617625785616
admitted,0.10535027437814284
so not,0.10532018046224519
noted,0.10527880285861496
convent,0.10526988330862128
persona,0.10525656173168375
the essence,0.10523018767102234
to jump,0.10519986560451051
kept the,0.1051997890280876
sterling,0.10519018371565318
guys,0.10515377548741775
its own,0.10512940160561178
gambling,0.10509262585345891
sitting on,0.10508336271317638
contrast to,0.10506390079411738
legend,0.10502280791907918
john carpenter,0.10500587276967722
sorts of,0.10498432434558749
destruction,0.1049660625405821
perspective,0.10479506144759616
movies out,0.10477888238223258
fun for,0.10473786974193083
voice acting,0.10457072954557647
if nothing,0.10456023622593137
inspired,0.1044890495261167
film makes,0.10446442908603386
centers around,0.10443850175927133
none the,0.10439692393158738
that ever,0.10436978902848541
one or,0.1043637722355394
they would,0.10435227835718015
and actresses,0.10434294178279396
only film,0.10432110920818366
of over,0.10424945013941263
believability,0.10424217518317319
to me,0.10417617835183618
future of,0.10413419670802283
characters of,0.1041304612561962
focused on,0.10412666244684983
and never,0.10403135079225395
achieved,0.10400360478811176
pounds,0.10391949176806878
was used,0.10386394946807812
crack,0.10384940880708236
becomes the,0.10384399017023872
vote is,0.10382125248190124
characters in,0.1038055828652612
fairy,0.10380475492751201
just say,0.10377472096393597
is indeed,0.10376350925659855
to appeal,0.10374724351095964
it makes,0.10369435723775951
push,0.10363955583965438
and am,0.10359024781985254
turner,0.10353564576820455
it easy,0.10353563830575603
thing as,0.10352490257688357
lived,0.10343005048717471
be married,0.1034244437288542
the weak,0.10341000502679382
rates,0.10336712816389912
booker,0.10334413583712092
dvd the,0.1033346516955597
in bad,0.10329280577424735
fills,0.10325695779253814
and because,0.10322693364575504
tell it,0.10321077355066181
everyday life,0.10316986427398454
again it,0.10314933124956327
to to,0.1031464539525864
minutes long,0.10308500937382992
not as,0.10308479560771454
be hard,0.10307184080232051
of times,0.10306599098122378
means to,0.10306234630851092
sassy,0.10303512304983382
overcome,0.10300351673385905
underwater,0.10296643148832857
possesses,0.10295423342106433
for an,0.10287871941750246
detailed,0.10287027963316821
spots,0.1028605244236309
an american,0.10284501860782834
get more,0.10280690664023606
has something,0.10279665548531526
that really,0.10278407816380432
seen for,0.10274719124351865
guaranteed,0.10268942186666623
right from,0.10267758954930545
manhattan,0.10266919133419324
course but,0.10265625804826638
an epic,0.10265110567308036
had not,0.10262737061839235
controls,0.10260980277727055
runner,0.10258399670609131
expecting it,0.10252168932780807
medicine,0.10250891199343679
forgiven,0.1024976368691778
super,0.10244911209451579
knew that,0.10244741822787423
nightmares,0.10243909256361126
and shot,0.10243499588136004
so often,0.10242296532345838
genre of,0.1024055327656855
nelson,0.10237106611723787
episodes of,0.10234822211256764
wes craven,0.10232490679786249
of himself,0.10230797016813116
to investigate,0.10224456949434128
assigned to,0.10223730444496837
it while,0.1022351105436974
nomination,0.1022293475936074
get to,0.102213197452917
africa,0.10218613145078456
my son,0.10217490372856143
http,0.10216788505788182
years later,0.10209446018784314
brought back,0.10206966643002591
hand to,0.10203960681096187
doesn have,0.10202743711381645
dyke,0.10202069183489781
crowd,0.10196689078030262
have had,0.10194611037685632
considering,0.10192346836438587
into the,0.1019162520035328
into what,0.10180804499597725
helpful,0.10179660595847852
until you,0.10175920236013962
dave,0.10165882197715101
combined with,0.10163990439283599
work to,0.10158869325376232
this an,0.10158585693679967
for granted,0.10153674152471262
even then,0.10148494183686808
tiny,0.10144878930148224
fortunate,0.10138225958701931
sections,0.10138165419399249
they see,0.10135147108273661
popular in,0.10135061850519428
you didn,0.10134002187132932
the artist,0.10130578957808141
you aren,0.10128872438028569
the joke,0.10126246391544796
for but,0.10125088158666601
budget the,0.10123450368725369
1940,0.10121473184471595
series that,0.10121010923129725
causing,0.10120243272206804
has already,0.10118671778169827
similarly,0.1011584423282243
thing it,0.10115437682020204
credit to,0.10115436139362496
era and,0.10114394902096413
not big,0.10107943366044446
war of,0.10105161618510036
there has,0.10101512852932969
breakfast,0.10101173721994308
adults,0.1009999747544577
also have,0.10099268625463792
physically,0.10097958073093091
feel it,0.10094326784179548
are willing,0.1009217584423443
the company,0.10092059798314024
of color,0.10090336257945959
scenes as,0.10079194945716496
doing what,0.10076427740980848
all the,0.10069682937578422
reviews and,0.10066732170011164
recent,0.1006465323480599
series and,0.10062743736334404
morality,0.10050153839173258
kenny,0.10044508117650096
to accept,0.1004346196171559
that gets,0.10042695365343873
powerful and,0.10030160820154586
climb,0.1003008467775491
we see,0.10024607022723091
kinds,0.10023690424523744
ourselves,0.10016193644113619
waters,0.10014073056976136
over the,0.10011534568353574
he uses,0.09999895352267996
not necessarily,0.09993075890983483
heart of,0.09981625837465166
and was,0.09976810954939547
we watch,0.09976483093110121
ambiguous,0.0996349912827036
the days,0.09961682713744276
has ever,0.09960133141664794
job with,0.09959213994039659
milk,0.09957805106697022
the effect,0.09957614499162148
how the,0.09957206679963196
the most,0.09948917247005884
horrific,0.09947256586822603
plot in,0.09944990255951051
down to,0.0994415270748241
be really,0.09941454983186707
be his,0.09940647631822438
lord of,0.09939124062561229
well for,0.09935387095450167
on purpose,0.09932322702235537
wake,0.09930512513153693
ironically,0.09926735086327425
takes on,0.099254811348624
lately,0.09904195364420756
or another,0.09899355639592394
papers,0.0989422692693818
go to,0.0989420109688253
lionel,0.09882524985844235
coming to,0.09869307033863194
the case,0.09864621452483562
silent film,0.09862220157906805
about when,0.09859940753295336
help but,0.09847018181131369
my childhood,0.0983870007494047
runs into,0.09837021993772949
may find,0.09827062033515312
supporting players,0.09827044846935638
leads,0.09826839708018612
available on,0.09826045494889737
in comparison,0.0982550865326323
induced,0.0982470021080262
no problem,0.09820857960856756
way but,0.09820807632112939
was laughing,0.09815623493054164
sword,0.09815497660998068
of character,0.09809620251780564
and michael,0.09806548760274161
only the,0.09799468857668885
on broadway,0.09796372591517089
most famous,0.09788448336242461
to their,0.09777649989284307
role he,0.09777020902047048
ended,0.09774247771634725
supporting roles,0.09770451283952633
dame,0.09768942636380026
typical of,0.097688736732746
can it,0.09768769103465286
serious and,0.09768594015046046
more on,0.09768436070713851
role but,0.09763919553182455
now as,0.0976131679129437
variety of,0.09761091211426634
fact,0.09760879121285164
daniel day,0.09760589309224349
it leaves,0.09760303833667011
has many,0.09759597631189523
it moves,0.09759246533189465
as did,0.09758777618754559
is lovely,0.0975487244759575
in south,0.09739626753803692
and having,0.09736820992216824
literal,0.09735724734563451
father who,0.09732894502316446
he would,0.09732655588037066
guessing,0.09732062230142847
from time,0.09731633866042746
ruthless,0.09730342028742252
to watching,0.0972701463098036
all my,0.09724415056499452
obsessed,0.0972043011441671
food,0.09718435167749104
etc and,0.09717768441890932
and special,0.0971603232929668
see this,0.09714177488796678
cell,0.09713601354979741
1943,0.09708646396527564
yes but,0.09702296116379193
extreme,0.09700091262270193
from the,0.09699421167915451
differences,0.09694747042897058
get all,0.09690496882736321
there in,0.09688746032206352
command,0.09685184399038871
actors of,0.09683004239666122
choice for,0.09677198113457189
foster,0.09675793042775814
wizard of,0.09673931541307167
seen since,0.09673115154080764
watch for,0.09673000606982932
family and,0.09672901438469934
and all,0.09671079934120357
provocative,0.09662675609288149
authority,0.09657606748369384
was able,0.09656452494417103
on about,0.09654726628907044
sly,0.09648311284478275
as mr,0.09644630306692191
that isn,0.09641303670660156
alec,0.09639891949203097
his dream,0.0963908944363253
sherlock,0.09636348495108392
off some,0.09633655588811517
destructive,0.0963198282879302
mythology,0.09629791993721724
telling,0.09627418837731164
china,0.09626477218834768
las,0.09624031959776884
re the,0.09620879004370324
knowing that,0.09620781028575522
to finally,0.09620442715682156
yet there,0.09620018725910054
here as,0.09619596490839583
is rather,0.09619132371246626
an overall,0.09618333683662243
stroke,0.09617707775584333
the imdb,0.0960825223270321
the mid,0.0960767241914099
it showed,0.0960656843039478
frenchman,0.09605938481187178
americans,0.09604952899028212
be no,0.09597107946957709
best performance,0.09595998636904791
elm street,0.09593931251417474
be like,0.095882592769325
their performances,0.09583332763352409
one on,0.09582591363971107
themes of,0.0958246031465432
faith in,0.09579988187730776
at them,0.09579101490998415
soon to,0.09569673773282679
influence of,0.09568437739461534
nicholson,0.09566408991525371
depardieu,0.09564367267993755
fare,0.09556431881526879
million dollars,0.0955321060569291
effects of,0.09552028375224203
of murder,0.09551038637671098
are obviously,0.09546531379798859
man on,0.09544944090317373
obtain,0.09544912636061607
dragged,0.0954255367671447
scenes of,0.0953712166624893
unconventional,0.09526998332090905
follows the,0.09524588195586393
song is,0.09524233937234657
hey,0.09517746554401472
people from,0.09516802236619094
icon,0.09515343385590809
her work,0.09513580536821377
agrees to,0.0951188026036061
similar,0.09511111442626347
sure why,0.09493295134094142
have said,0.09488937760180047
apocalyptic,0.09488748575597956
are fan,0.09484502610701527
in china,0.09483510438872017
funny as,0.09478585096510887
shopping,0.09475618035783795
could easily,0.09475394863888381
keep in,0.09474948674397533
man the,0.09473541926399483
supporting characters,0.09470266182954977
neighbor,0.09469120406411645
principal,0.09468828805782602
found the,0.0946770316781903
are other,0.09466749981869561
american history,0.0946534673380151
intention,0.0946421467497897
get them,0.09463592902308608
there an,0.09462753028813672
and chris,0.09461616700067751
for life,0.09454733024470069
detectives,0.09451657902312273
like him,0.09448003730035913
observation,0.09444241454412355
learn to,0.09441094172034195
and uses,0.09438525063728069
danes,0.0943433904507772
amongst the,0.09432299013423083
the strong,0.09429960681598841
what have,0.09429327505239742
medium,0.0942591102104395
crew,0.09425747557475656
version the,0.09418233702495767
shadows,0.09417861970128913
experience for,0.09417681144298913
of few,0.09414047638032598
pre code,0.09411187412298383
play out,0.09410104066073015
fits,0.09407386097652935
of group,0.09405232172127383
leading,0.0940087830799804
settings,0.09400616004023066
test of,0.09389619387410623
lives and,0.09388114864737424
effect on,0.09386068486421621
club,0.09384370560960409
time there,0.09377603417511633
really love,0.09374724079770763
it of,0.09369956688011184
particularly the,0.09369794989272943
judgment,0.09369017258169393
claire danes,0.09368023549501363
my dad,0.09365282684390212
to ever,0.09362926230757274
short film,0.09354077704427143
the old,0.09351891117622603
the meaning,0.0934998660663113
post,0.09349415155879609
planned,0.09348445534283432
displayed,0.09342236027498188
psycho,0.09341707802907494
the media,0.09337531535378855
hamlet,0.0933589480076349
reaction,0.09329020533724872
other side,0.09325987176269618
israel,0.09325955572327924
know if,0.09324540399667013
dynamic,0.09321845116546225
the help,0.0932170588021238
also shows,0.09318641067591454
the visual,0.09317627439699457
has found,0.09316496101909966
about one,0.0931548685970929
her son,0.09313432425920176
school and,0.09313409989385193
criminals,0.09310323968325221
mortal,0.09306185987493087
miranda,0.09305392099206128
she makes,0.09301880407402761
whip,0.09301218440443677
are trying,0.09300565471074271
the credits,0.09295254776794859
off my,0.09289242956521962
the majority,0.09283432785770408
so would,0.0927864540000301
user,0.09277354830910015
dancing and,0.09272609570832514
aussie,0.09272314150551773
and quite,0.09271429472725538
noticeable,0.09268255009991663
to terms,0.09266823097478673
be watched,0.09253294479774525
washed,0.09251967812773555
from director,0.09241640389910356
as am,0.09240212517701293
managed,0.09238010182805802
of trying,0.09237503154901215
ruining,0.09234821517950342
my family,0.09232236955422463
it only,0.09230991787847029
the dream,0.09228526305651408
into movie,0.09227606922542356
we do,0.09226440150530428
time the,0.09224928864503411
doesn want,0.09222480901916379
and cast,0.09219793264687651
bears,0.09219163911385354
casting,0.09214576906249045
into this,0.0920713978780264
mild,0.0920624284856407
topics,0.0920609327256475
as all,0.09204212270080565
and tells,0.09202055619449455
italian,0.09201468138562108
text,0.09187917316884175
tactics,0.09186900442210236
while you,0.09179518364955296
kevin,0.09179096697998422
through but,0.09174481797817055
life on,0.09173399421925924
works in,0.09173075335072634
periods,0.09171319987288956
the prince,0.09168414123568272
law,0.09163337695110665
place and,0.09163022973603392
make for,0.09158094717875322
sylvia,0.09157339574352584
to fit,0.09157080815065646
in their,0.09153210616585616
passion,0.09153046426024705
referring,0.09144844590273914
woman in,0.09142719131002698
points in,0.09142501197070382
keeping the,0.09140285762280176
deer,0.09139437098146591
the real,0.09138337627192054
child and,0.09136077103501403
her but,0.0913106212882601
count,0.09129526732873958
growth,0.09127800565168032
of man,0.0912196239424353
how you,0.09118723187461786
it got,0.09116894788979925
version which,0.09116016967253938
and directors,0.09111775012338943
etc but,0.091100607482787
one you,0.09108962271036049
how she,0.0910668494202009
bette davis,0.09105270847532992
play and,0.09101842916809509
or so,0.0909607729736776
but his,0.09094087715732257
and want,0.0909142521630384
if we,0.0908911606568937
big,0.09086087116430569
said and,0.09082715216601196
do well,0.090821512536298
the record,0.0907891422569559
earned,0.09077176163766908
the police,0.09073800926784774
arranged,0.09070078821574125
not an,0.09069908935632555
they find,0.09066037472979377
those movies,0.09064081714496576
betty,0.09063595630380257
as kid,0.09063498445427802
grow up,0.0905910607014389
the darkness,0.09058913667426169
19th,0.09057500471046741
two leads,0.09053611531388919
in awe,0.09051953317089241
including,0.09051284071148562
phenomenon,0.09048630437126738
of michael,0.09045292458250412
saying the,0.09044116550240248
over by,0.09043318531946515
nostalgia,0.09041786292324978
in small,0.09033273946902257
waiting to,0.0903244208117549
really are,0.09032038421259778
good or,0.09031022610072129
great it,0.09026771688429518
sight,0.09026600310290972
is ultimately,0.09019307697748613
have thought,0.09016685783832648
good way,0.0901344040446431
shining,0.09012954153085889
probably the,0.09003769673486903
elaborate,0.08998412972452412
occasionally,0.08986898842130683
the dramatic,0.08985113676579873
it seems,0.08978210072063268
it feel,0.08975005194911741
the fall,0.08967550432899284
cindy,0.08966148995017076
tone of,0.08963084309920362
the countryside,0.08961790079558628
into your,0.08961655325432366
interpretation of,0.08960372647178924
stealing,0.08958720292850665
too it,0.08956058451414013
forms,0.08946751836951788
and sex,0.08946125023463716
his mom,0.08941986937578761
politicians,0.08936960778431614
me if,0.08935170067149174
into film,0.08929305912619487
more and,0.08928854140695108
be there,0.089261377561377
film must,0.0891947698973183
game and,0.08913376274885125
good performance,0.08912394044101214
movie however,0.08910392876864501
malden,0.08909557532250328
be to,0.08908701460073938
play with,0.08908623380495206
choreography,0.08900106847710545
closest,0.08899741864602302
film than,0.0889901465811296
mention the,0.08894763575346566
so very,0.08892807454205437
plays an,0.08888628629219024
original and,0.08886374919093161
sound track,0.0888623305319889
supported by,0.08884920040566101
the space,0.08884647803616037
good comedy,0.08884028362019564
people it,0.08882942507109426
but will,0.08881868404700123
see one,0.08880014557259593
not give,0.08878665502162389
thought to,0.08877286150215183
ss,0.08877042616786411
know he,0.08875289717349417
really made,0.08866783021331791
more for,0.08855914930684475
and anyone,0.08848960252744797
along for,0.08844658516066438
that works,0.0884398893089623
relatives,0.0884305363433353
presentation,0.08842154293412577
the initial,0.08837712386230642
shell,0.08837308489475655
force,0.08833577342349538
portrays,0.08833507861537934
dare,0.08832507630373089
this work,0.08829195933177263
sure they,0.08826938298519049
net,0.08824704824224769
leslie caron,0.08824473527322114
information about,0.08819818595457668
maintain,0.08818837559340603
can stop,0.08814141164521348
and richard,0.08813505920103615
they decided,0.08811772762338818
was amazed,0.08810293263129411
hollow man,0.08809070649270404
interact,0.08808191055288453
girl to,0.08804257694166641
to spoil,0.0880324623582944
the on,0.08801571781957852
few films,0.08801034300514468
already seen,0.08792029319124986
times to,0.0879066927257023
writer director,0.08788532574065322
and when,0.08784748413923431
message is,0.08784457106491253
now have,0.08776866365204618
movie too,0.08775897259754499
was rather,0.08775355723472338
15 years,0.0877471982707905
film even,0.0877442340224823
one had,0.08767681161710006
people would,0.08763685473335274
line that,0.08762800068795175
grateful,0.08754319481897833
click,0.08751299260228602
it fun,0.08748455183443855
the ground,0.08747410009345716
for new,0.08746326768302244
cute,0.08741068405305369
the fourth,0.0873973891644848
believe he,0.08738692020853363
anyway it,0.0872789758267021
to just,0.08723684862607778
prominent,0.08719933836775415
film makers,0.08719741979166316
hands and,0.08708428799220352
one other,0.08704015833514955
inspiration,0.08695028788744572
carnage,0.08693713013113784
to judge,0.08692300092641386
amusing and,0.08687660160123266
hinted,0.08683392488698462
that almost,0.08682219469313349
before this,0.08681166414680373
action film,0.08676729674180968
much fun,0.08676044276407964
adapt,0.08668797254476845
get on,0.08668025765064588
gonna,0.08667159852544967
of jane,0.08667139431397904
the act,0.08666562739967386
martian,0.08661045278362639
nightmare on,0.08660901108579129
on elm,0.08660901108579129
recorded,0.08660160715838007
two films,0.08658995275652336
gifted,0.0865826129246478
family that,0.08655397683808061
montage,0.08648484751421986
blend of,0.0864790059728455
corporation,0.08632425791579727
just what,0.08630657337711936
ve been,0.08627165005965928
harvey,0.08625953234493486
dog,0.0862131592121006
controlling,0.08614071284372678
the players,0.08613436960671958
demise,0.08611518532060161
as my,0.08606934490365581
for making,0.08604584749444984
who finds,0.08592427933191252
melodrama,0.0858913015916983
handles,0.08583725515818628
and truly,0.08583121856677511
story is,0.08581533303041249
puppet,0.0858030298169413
needs to,0.08579349154677914
words and,0.08575839875551113
toward the,0.08566744161571069
the setting,0.08564187855210616
wonderful job,0.08562954760421351
every minute,0.08560192118319043
observations,0.08558805064475544
counts,0.08558661156473402
the 70,0.0855820560694302
noble,0.0855582148940681
like me,0.08552574806250424
actually have,0.08548633469429419
her best,0.08548520819998534
uncle,0.08543909032198416
bent,0.08542661666394043
objective,0.0854252690111424
get over,0.08542294245191896
only time,0.08541792226344302
minnelli,0.08541051259815645
part the,0.08540058229198173
always in,0.08539910262152557
and george,0.08538744761177319
glory,0.08538639448099153
painting,0.08534869141221221
right now,0.08529230651391442
more or,0.08528749805323
what these,0.08517479153397389
episodes and,0.08515780921988976
your brain,0.08513018232445331
be fun,0.08507343854789208
for people,0.08505970134243204
is now,0.08503623484699034
march,0.08501934386937679
made her,0.08499977884610437
they never,0.08493378195072368
capture the,0.08490588260772393
sixties,0.08486107800331705
murderous,0.0847881819812261
that also,0.08478095230296355
the border,0.08476079346449256
contained,0.08475253159500086
on an,0.08465941853984844
cheek,0.08464817294433614
as not,0.08463121367333805
fishing,0.08462890038055242
truly is,0.0844997287805114
the type,0.08446511870716443
seemed to,0.08445793902448744
mix of,0.08445649038601671
all was,0.08444944744054257
should not,0.08443039635859576
girl from,0.08442537295661662
mcqueen,0.08437279324255621
hearing,0.08436639661757685
use to,0.08434861081995379
riot,0.08428396248358702
as seen,0.08426013024063352
called the,0.08422063124678962
and couple,0.08422061636979256
and others,0.08420816974394729
that haven,0.08419231403292726
that we,0.08415753681270809
them they,0.08415455810015657
you how,0.0841440498820346
affects,0.08409561634017554
death of,0.084091914426547
rate this,0.08408384902870085
helen,0.08404068085445243
headed,0.08400744612061475
poetic,0.08387718805202353
audience as,0.08381586008095893
put on,0.08380018411137526
credited,0.083774430021002
remarks,0.08376649202706508
with just,0.08371395934829443
that if,0.08368672528066017
her back,0.08367579885797143
partner,0.08367428507023346
picks,0.08367216756203191
note that,0.08364499875186746
slimy,0.08361542988665714
assassination,0.08360554759457246
young children,0.08357605412545212
the remake,0.08357160237693864
of four,0.08354910279610409
many people,0.08351760769742864
taboo,0.0835121473288394
of sorts,0.08351052962217885
the werewolf,0.08350124860434482
floating,0.08349162595579325
awarded,0.08348313669124273
been there,0.0834806438055381
take place,0.08337675515139184
so when,0.08336313994820002
movie never,0.08335395804923376
this for,0.08334621887493929
cowboy,0.08334137528147643
solution,0.08333356237465724
was forced,0.08332078268576742
has seen,0.08331773718162411
and going,0.08329808447724524
not knowing,0.08320852663716358
soon after,0.08319567842070479
psyche,0.0831604667654942
times you,0.08311724841657188
unfold,0.08311655451445885
worked out,0.08306102009236487
decade,0.08305843425466411
in watching,0.08305025531523674
thought about,0.08303953657286253
accomplished,0.08301299261562572
resolve,0.0830058001051344
hope and,0.08298567934021406
just think,0.08298499068947711
says that,0.08298097427631515
evolution,0.08296914242299712
you this,0.08295240403864197
stand out,0.0829064800822212
of big,0.08288078052436713
worthy of,0.08284434659367283
plot or,0.08283373400220784
reader,0.08280164900048738
is possible,0.08278588351698163
indeed the,0.08278564290904601
soderbergh,0.08277181021548158
after an,0.08267094122472497
little boy,0.08266513066197345
nazi,0.08266321322283006
in with,0.08259996588033604
computers,0.08258115369817254
them so,0.08257593758762984
see movie,0.08256445886693956
two main,0.08253588845182529
movie before,0.08246960153947004
canada,0.08241793837818592
our time,0.08240771136423228
them from,0.08240381131368936
the unknown,0.0823864886924202
this that,0.0823341084136689
budget but,0.08233033378437603
previews,0.08232311833145825
seasoned,0.08230026950157104
head with,0.0822383031983694
but none,0.08212475416055111
been fan,0.0821109828979233
wit and,0.08210148267510244
beginning and,0.08207630169107438
the presence,0.08206866468812228
frames,0.08202508430420935
after their,0.08202152118478578
it though,0.08198986473936136
felt it,0.08198960517376691
bad things,0.08196859026113892
to describe,0.08192646880221342
and power,0.08189708614228772
flow,0.08187281909058541
strongly,0.08186762229911825
way or,0.08184012950925132
he an,0.0817821471134833
the key,0.08176811508454032
are those,0.08170821674929185
have their,0.08170316167282393
youthful,0.08161594256996559
inevitable,0.08158831830845575
grandfather,0.0815342899913892
you read,0.08147661088512756
loyal,0.08146338610307534
passion and,0.08145876778303512
had gone,0.08139675975849459
into one,0.08137091776507982
which might,0.08133325805341775
or anything,0.08133100381989562
of certain,0.08132060302292451
and tom,0.08127328453135785
people in,0.08127222840673763
caught up,0.08126853266123743
the seventies,0.08121388878633647
biting,0.08118995907482403
her on,0.08118961376233089
my best,0.08118335586292777
from him,0.08114420617702515
romance between,0.08114021133189067
of well,0.0810680714412408
standout,0.08098718489537203
at me,0.08096684665936359
2009,0.08090729857450706
much from,0.08090678136869107
isn as,0.08079273781199808
end with,0.08077217041565192
grass,0.08076211048852357
thought was,0.0806799248396671
heroic,0.0806384795171912
dresses,0.08063822507566902
000,0.08054800062736944
the people,0.08052599783702426
waqt,0.08050693801285581
you in,0.08049775664489438
film takes,0.08047257918393193
and son,0.08046596268730026
and good,0.0804627506485932
that my,0.08044878862590411
bloom,0.08043949518570372
unlikely,0.08036415827379059
films where,0.08035944627566884
wild,0.08033813298054245
almost no,0.08032052602163994
them that,0.08031214628562487
vote,0.0803022412989129
jane eyre,0.08028012263816624
eyre,0.08028012263816624
really worth,0.08027877871451837
conversation,0.08024996664548774
moment in,0.08021190441331322
my mother,0.08021095676701812
north,0.08020288582337239
how these,0.0801573978846454
with them,0.08014353965226684
singing and,0.0801412891198613
others in,0.08013042409209263
that being,0.08007175300860311
moss,0.0800703045000557
freeman,0.0800471987792202
but believe,0.07997315311064865
really enjoy,0.07992153238155382
of tom,0.07989015859136084
too good,0.07986611709057655
bits,0.07979825904690092
world to,0.07977143197590988
find him,0.07971539026260482
and its,0.07969506907002163
for real,0.07965304982660433
one episode,0.07961346118272589
legal,0.0795898091941766
the musical,0.07957464491811186
you if,0.07952042458865015
beer,0.07948662358807199
margaret,0.07947206810201295
and goes,0.07947105500594216
at this,0.07947066146321129
movie must,0.0794616592441314
beast,0.07945155152709149
interesting than,0.07940341041130937
dread,0.07939516072491377
plays out,0.07927675143395989
peter cushing,0.079253548567724
movies to,0.07923337693016515
worried,0.07922715654094639
mega,0.07921404274284868
criticism of,0.07917805149128845
in action,0.07916498379907173
cinematic,0.07915762907913314
real world,0.0790914890466395
in motion,0.07907449967750556
improvement,0.07907445500886183
odd couple,0.07898704196744044
physical,0.07892578768204461
to settle,0.07892026954000023
ish,0.07886288287556589
the rights,0.07884357990854605
is done,0.07881036583862502
netflix,0.07880859863516308
keep up,0.07875247208617467
get away,0.07875086781644434
pitch,0.07874995846589132
tourist,0.07874539170480978
exquisite,0.07872667373392467
the state,0.07870603577250053
your mind,0.07870503674059813
1992,0.07869670303141922
in each,0.07867054229001569
of japanese,0.07866770417349371
who think,0.07864032908070727
appears that,0.0786388841676401
grand canyon,0.07858875513998882
found this,0.07856426567871484
loyalty,0.07855405680964997
any better,0.078553056222118
in life,0.07854561604608357
children and,0.07852921109655303
and soon,0.07852737161678729
one if,0.07850138333121902
her the,0.07846038596341713
some bad,0.07845436958178725
person is,0.07844987206285403
think she,0.07840892670092542
few times,0.07838365365729591
these are,0.07830558592506563
of violence,0.07828889506265256
sincerely,0.0782540889545673
or not,0.07824511387544426
look for,0.07821540949579577
challenging,0.0781055573386372
has really,0.07808509564268697
shed,0.07803813217450502
ice,0.07803245725208258
which you,0.07800607681497021
is used,0.07797269630591447
emmy,0.07793336973248625
leader,0.07790628581281724
for low,0.07789222667742703
of guys,0.07786985430086359
wife who,0.07786866605534969
make of,0.0778422766489149
films,0.07783621973097252
miles,0.07783407120466798
we must,0.07782809779705403
the moment,0.07781136407697158
when this,0.07780069621501651
every character,0.0777909608633679
victory,0.07774253553500099
offbeat,0.07768669922247709
biography,0.07768618527943338
very best,0.07764006843238438
lessons,0.07759246247950762
music in,0.07757832420023686
the government,0.07757347493932575
heroine,0.07756980115649693
surface,0.07756228837370903
believe this,0.07752047613236158
you would,0.07751023709123835
is how,0.07746262333746788
movie did,0.07738183504010757
out to,0.07737108181914572
of getting,0.07736537403373875
gets into,0.07730175979331717
the average,0.07727707994395619
movies of,0.07726989361679255
before he,0.07726607690268815
departure,0.07726516851729634
also one,0.07725485313127631
sees the,0.07721612968177848
that goes,0.0772031099833064
her body,0.07719829136788359
they become,0.0771862058427229
deputy,0.07716761080113749
crimes,0.07714698941298985
about you,0.0771290050421085
allows,0.07711685558788527
she in,0.07706461253743485
the complete,0.07698580274676028
rent or,0.07696517253062471
learn about,0.07695316909428067
alive,0.07694443332874792
the latter,0.07694000513125676
even at,0.07682487240186146
pauline,0.07677340356006027
foot,0.07672646107130549
complications,0.07671955618280965
hangs,0.07668776360782832
it took,0.07660154291638803
enough and,0.07656141034907418
to great,0.07655957340342068
camera is,0.07651629096486273
film before,0.07649965037836409
to in,0.07642768253277199
much but,0.07638095605306279
india,0.07637835948280298
exceptionally,0.07633380567649889
conan,0.07629874172605522
hong kong,0.07626724162635554
doomed,0.07616562000998812
progress,0.07613655272029818
without doubt,0.07612752115197514
looked at,0.07611306261726271
this more,0.07609852521646296
picked up,0.07604217551557144
heard it,0.07602563148527967
film after,0.07602030286046653
banter,0.07600468143475307
to repeat,0.07597149693838053
when watched,0.07596421885458683
james cameron,0.07595660742264716
is all,0.07594574172090743
jewelry,0.0759254587292605
overtly,0.07590366850231943
that aside,0.07586120292876672
beings,0.07579402893572484
follow the,0.07579348350607462
also some,0.07578856794560172
alive and,0.07576472202174409
the 90,0.07576042339706586
he could,0.07575296234939916
appropriately,0.07575000430911605
happen in,0.07572353947278426
that her,0.07560910271998297
kevin bacon,0.0755599715000134
movies with,0.0755256849967987
me with,0.07551453320288248
but lot,0.0754775406728262
benoit,0.07545318114012921
take your,0.07535763777962172
words to,0.07534137718515253
70 and,0.07534111627651793
wardrobe,0.07534076443673003
in these,0.07533130097354003
the sentinel,0.07531177429759753
accident,0.07530517850252197
can feel,0.07522904456868229
lies in,0.07517517915549554
of true,0.07510422413162215
were few,0.0750757280162234
comments about,0.07506987592400109
despite some,0.07501185210833618
kidnapped,0.07500285470271188
really well,0.07499069554777504
the rise,0.07497927731818416
second,0.07496978945713859
they did,0.07492239642297518
not because,0.07490342084867017
edit,0.07490265561726588
simply the,0.07485395327212802
obviously the,0.07482631269123657
levels of,0.07479997765936171
but certainly,0.07473526770183386
sought,0.07473219504982356
are fun,0.07471058452773865
ranch,0.07471006511879666
black people,0.07468715156736241
he always,0.07467261105248266
did like,0.07463729311637753
are little,0.07462802185078304
matched,0.07447761772906698
35,0.07445413940755245
also has,0.07445272930213206
plot points,0.07444644760650793
stars of,0.07443559363567676
weird and,0.07434959409868917
concert,0.07434360728726919
over her,0.07432931511040934
fur,0.0743112558428425
sound effects,0.07429723667450452
of children,0.07426446428003157
your own,0.0742174551765232
advanced,0.07420564048589619
actors the,0.07407209857841246
despite its,0.07397792752552101
sandler,0.07394010514092751
watch but,0.07394007007306976
of cinema,0.07392131181102728
the gorgeous,0.0739166286258062
her with,0.07389761330270492
presented in,0.07386463245444852
place is,0.07376411501587499
things to,0.07376314044410852
michael keaton,0.07374854423427937
what had,0.0737483688236058
movie so,0.07374709861848383
only person,0.07373623971311147
movie gets,0.07373568886028195
compliment,0.07370198447955591
god and,0.07365352227058179
why people,0.0736251082394721
breaks,0.07359652151190761
serves as,0.0735922732173437
citizens,0.07357009941539305
accomplish,0.07356136847450426
en,0.07353911114496037
my vote,0.07350742418047333
adore,0.07349296592136888
parallel,0.07346849236968708
he got,0.0734029459016435
can help,0.07339207109991797
the full,0.07330438689932903
way into,0.07324146290686127
had no,0.073240950303244
drama that,0.07323102502252028
all those,0.07320818064125625
eagerly,0.07320525315036729
on each,0.07318517356286953
only by,0.07310608240613563
and high,0.0731058518771762
serial killer,0.073065967844496
life in,0.07300896142815216
comedy to,0.07298690606689222
really is,0.07297273936162779
pulp,0.07297217133418671
we find,0.07295588808301592
there this,0.0729540347646376
style is,0.07293710307238283
the humor,0.07289712940891625
the big,0.07287818953379446
lucy,0.07284350880449827
supported,0.07283707278356143
jamie,0.07277343532740728
robbins,0.07276202223352495
off it,0.07271361862542984
out his,0.07271101053227062
on screen,0.07270686060712986
oz,0.0726816537158041
so thought,0.07266395970529535
your movie,0.07265540680649943
presence,0.07258495253630941
with him,0.07258285539575372
idea what,0.07256786017150027
struck,0.07256447313803314
fast and,0.07253681300190261
idol,0.07251313397709207
we think,0.07251071231674523
gave us,0.0724607134236909
people and,0.07243829261368127
choreographed,0.07243298106498837
1980,0.07242262572687268
mind and,0.07239463456778637
it twice,0.07238901756634437
few hours,0.07232466318820124
background of,0.07230167972326017
desire to,0.07223230301170107
edges,0.0722064536265194
be pretty,0.0720862070339838
now the,0.07202621685571088
show you,0.07195748844527705
wrapped,0.07193455007461175
shape,0.07190623350744534
pointing,0.0719047642991172
to build,0.07190044201392787
missing the,0.07187518167165834
artists,0.07182764054381048
insanity,0.07180158976591318
their eyes,0.07178972385441869
capacity,0.07178685595819122
home and,0.07177866751426606
scenes to,0.0717646824655952
written in,0.0717451511951904
movie an,0.07172982986487172
he plays,0.07172327825089696
good film,0.07165663292016185
qualities,0.07163618411561493
comes from,0.07163045028546272
the true,0.07161704613036429
the present,0.0715630202082461
title character,0.07155128402985327
them and,0.0714651563020307
rated it,0.0714330220974135
can easily,0.0714241850601691
much like,0.07140271618476816
and or,0.07139780468288978
yesterday,0.07137992157230325
any film,0.07134184449674448
in different,0.07131439295737318
dozens of,0.07129452260102963
spooky,0.07126020414572559
tcm,0.07125623104278565
between,0.07123648713252174
typically,0.07121444988993673
and plays,0.07119121482365656
shake,0.0711879890465444
an art,0.07116388581238148
make him,0.07116291293930538
the tragic,0.07110544442908492
him for,0.07106886536567822
old girl,0.07104205677770693
cheesy and,0.071041601524113
really cool,0.07099619056012084
examine,0.07098087903440146
covered,0.07097161721739516
that our,0.07096900592107395
near,0.07096076081027843
kill people,0.07092900260547808
fresh and,0.0708802700993182
thought the,0.07087592104523402
show but,0.070815177475254
gwyneth,0.07074512608498369
the narration,0.07069696594107676
fragile,0.07066957262050695
countless,0.07064316910436141
falling,0.0706303883829015
after viewing,0.07055405668142688
composition,0.07052435673166249
losing,0.07052115050107927
killing the,0.0704733362485664
the planet,0.07046353246477738
there are,0.07045295246171186
rebel,0.07043465862735851
loads of,0.07039277676925629
to scene,0.0703851475858952
zelah,0.07037134348743868
explain why,0.07018090855633535
they have,0.07013171477663212
tag,0.07007586685547386
its one,0.07006568004151242
drama but,0.07006073397455351
and makes,0.07001262262700433
such film,0.07000584853602829
serials,0.06998676577153394
who at,0.06997507019230147
voyage,0.06996632549318155
to many,0.06990534441886267
no exception,0.0698736883329389
damsel,0.06986065291962279
devastating,0.06981602866176463
even by,0.06981462897902412
fisher,0.06972377780362253
changed the,0.0697083767573111
of writing,0.06969416972733677
other words,0.06966307091753542
prejudice,0.06965053170673603
but from,0.069587511753449
begin to,0.06958031734076231
proves to,0.06956205074984737
circle,0.06952089165526701
enjoys,0.06951140698223213
reached,0.06948565092950543
knows the,0.06947150592368152
versa,0.06946916121991238
that person,0.0694583555420354
his dad,0.06940447056127737
robin,0.0693751208677572
the pain,0.06937024724090647
masterpieces,0.06936422730682867
reminder,0.06935030469228022
fear,0.06930457957954936
performance is,0.06929857445955769
of terror,0.06928641985816454
two people,0.06926952480395555
them on,0.06923246848515434
this new,0.06922465712563666
legend of,0.06921458430342525
faith,0.06917576270120177
you go,0.06916386461910687
12 years,0.06915756912164651
death,0.06912511337755549
we had,0.06911632270316377
is treated,0.0691074543788129
pattern,0.06908213575529748
an academy,0.06905565699843096
least not,0.06904046023413991
someone has,0.06903735476146738
see his,0.06902970132975408
not always,0.06899859283387244
movie wasn,0.06898657180542478
belongs to,0.06898632143153044
fingers,0.06896465609871513
him he,0.0688651209802654
or other,0.06885825885371223
guilty,0.06884911345527377
series but,0.06884310030630694
the younger,0.06881347340775251
sheriff,0.0688002128776493
juliet,0.06877626412604025
greed,0.0686968403964736
letters,0.06868114088280405
peter falk,0.06865460577166314
thoroughly,0.0686068218219269
role is,0.06856127435983135
deepest,0.0685612491128077
in search,0.0685080422592675
that part,0.06849564834446514
budget of,0.06848202847896108
an open,0.06846326065632741
had with,0.06841342797762948
been very,0.06835266595987455
else is,0.06831107610754199
willingly,0.06829823540859759
assumed,0.0682801717493523
never thought,0.06824545434460712
quite an,0.06822751251792801
good to,0.0682050444779782
believe they,0.06817676721222013
than you,0.06816569079743186
the following,0.0681656341018376
epics,0.06814618222333353
urge to,0.0681122079026717
cameos,0.06804857878635101
are perfect,0.06804401000360126
steel,0.06803534552873908
and much,0.06802120033734727
even know,0.06801543173408008
represents,0.06797778852299675
was always,0.06792122385827568
have and,0.06791521446757985
to not,0.06789649676651706
readily,0.06785844598219153
might find,0.06777141184668985
more in,0.06773119565662288
approached,0.06770271126510631
and though,0.06765994798615223
bug,0.06764747092942301
snatch,0.06760442845505234
what he,0.06756753070904627
anything but,0.0675626416843902
at it,0.06755430449163648
is perhaps,0.06755101115868842
is particularly,0.06753992480558142
are doing,0.0675072289759531
learns that,0.06742347952693557
do to,0.0673910962514979
the voices,0.06734932899527794
wondering what,0.06730979289955591
em,0.0672261978505179
her that,0.06719668756494498
ever watched,0.06718815315880149
great character,0.06718564706935515
animation was,0.06713984200600369
husbands,0.06707063454569775
it not,0.06706763721651327
parks,0.06705516516466882
bus,0.06704210889928666
engrossing,0.06702362911259238
starring,0.06699111664216213
boundaries,0.06692742607916631
slapstick,0.06692722884336175
personalities,0.06690818944772106
made film,0.06688958875840732
press,0.06685914599305136
anthology,0.06685417456844504
best picture,0.06685187509551895
tough,0.06681233365795242
shorter,0.06677071783798397
they weren,0.06676732823109792
his other,0.06673862005169
of small,0.0667014029140729
help of,0.06665169290690572
hal,0.06664737120539478
the heroine,0.06661032817487143
this classic,0.06657440070717793
has gone,0.06655453645499018
for several,0.06649505953186323
visit,0.06640813859549079
spoiled,0.06640112106096321
rolling,0.06639607051208432
discovering,0.0663941344139561
brought to,0.06637793421304278
in france,0.06631889505744606
secret of,0.06626616905083597
casting of,0.06622472745025783
sung,0.06619248775444332
match the,0.06619142156753868
the in,0.06608108920207258
most notably,0.0660801737719564
story for,0.06604672759687556
very important,0.06604597746992577
in as,0.06604185411890139
is saying,0.06602330003502146
historic,0.06601436891318695
returns,0.06596776992810485
poison,0.0659373363922613
there also,0.0658977991073117
the wind,0.06588355376743686
determination,0.06587404872268658
panic,0.06584508541385768
inventive,0.06579749155584659
of three,0.06577966194377022
them,0.06577265118534038
all his,0.06577033993577955
using the,0.06576489583232807
it what,0.0657642266972431
hood,0.06575917034987558
finished,0.06575369719130675
feel that,0.06568733074570159
film starts,0.06567638769177589
and felt,0.06566234792747938
to please,0.06564793700473698
until she,0.06564207357026074
thick,0.06555384540900329
films ever,0.06547713563437653
bad for,0.0654637728761524
spell,0.0654236381919055
until he,0.0653908056924506
upset,0.06538124995694232
compelling and,0.06534299823075683
dvd is,0.06534100769460448
was expecting,0.06534098455777397
search for,0.06533325732824244
we could,0.06533119719138493
for which,0.06531875916724161
tormented,0.0653169589510434
time director,0.06530246085644417
and kept,0.0652616379092035
personal,0.06523028545956243
king and,0.06522009308044507
uk,0.06521253097728208
positively,0.06521197447704564
sinister,0.0652058275076263
then and,0.06517601824533173
in modern,0.06513357778573287
war ii,0.06507121291233081
cast that,0.06506871234762955
of another,0.06504135261489002
jim,0.06498373430653198
it turned,0.0649701169822652
scene was,0.06495705014185586
co star,0.06495557711373266
the feel,0.0649477085940735
every time,0.06490884884349925
witch project,0.06489615212597791
choose to,0.06488551000019789
addiction,0.06487308396918895
storytelling,0.06484996659575648
sent to,0.06483718988390158
himself and,0.06478262690974702
brooding,0.06475695120460738
parents,0.06474516361123053
way for,0.0647327780175344
his early,0.06472671898239095
their heads,0.06469891196583613
experience the,0.06469355520815724
performance by,0.06462321125082407
was only,0.06460010314723412
taken,0.06459239904227225
always had,0.06458535220141777
being said,0.0645600288546116
score is,0.06452929082304264
whoever,0.06452389953362563
be part,0.06449936193296388
don remember,0.0644957808188287
coke,0.06449573355085889
war in,0.06448406768768636
to re,0.0644756318242298
for such,0.06446964585702149
out like,0.06441874353843517
the narrator,0.06436263097345075
it obvious,0.06434863844245411
die hard,0.06434167131427578
goofy,0.06433071855485004
homeless,0.06431194059642203
in conclusion,0.06429283058898727
serial killers,0.06428363419515697
jeff goldblum,0.06427476081559058
more enjoyable,0.06427084358659942
ross,0.06425240379327915
case with,0.06419922764711852
time had,0.06419503483303597
his fellow,0.06418855870909827
war the,0.06418602873127748
be but,0.06415257357067403
but there,0.06408832311335996
soon the,0.0640850650173336
is impossible,0.06401621957581775
continue to,0.06397220705828166
made an,0.06395795057097685
don do,0.06394254188912801
sitcoms,0.0639371734967227
mannered,0.06392216943165324
the get,0.06391974669867877
once more,0.06390393220015418
come up,0.06385439285001095
working class,0.06375475428305626
this tv,0.06371811703317344
way she,0.06371384510063621
year and,0.06370096205996667
fuel,0.06367683131672776
after all,0.0636373098855783
guide,0.06360761313817008
elm,0.0636000452174454
eventually,0.06358051874071301
notice the,0.06356981974385513
the cinematography,0.06354796233606247
penny,0.06353127250440192
he meets,0.06351072114815594
couple who,0.06348982495493953
and each,0.063487482556144
old to,0.0634860629114519
is you,0.06348317422253544
me think,0.06346080040343635
this flick,0.06345885135518294
you make,0.0634588030868187
meanwhile,0.06345112678820092
ever be,0.06344861792807045
movie ve,0.06344670692376984
novelist,0.0634292282749863
him this,0.06342182637809174
plague,0.0634123819617519
an effective,0.06341155735484921
00,0.0633310557859058
lot better,0.06330082404713486
curly,0.06328917323875614
it gets,0.06326244542243932
his past,0.06326221685108996
did and,0.0631772637424643
during this,0.06316189519990605
the match,0.06305065569929193
roles in,0.06304952215180368
the critics,0.06304504571704593
events in,0.06303004593325767
rightly,0.06300904763850824
they didn,0.06300012575898266
giving it,0.06295764934467825
you you,0.0629487444527687
the soldiers,0.06290464946503882
winds,0.0628768432492068
reality of,0.06286897036679334
jury,0.06285981464863316
own the,0.06282032620273297
though you,0.06281165823518689
and do,0.06279642595805696
personality,0.0627189900319499
this makes,0.06269067579307025
accompanying,0.06264645512607657
emphasis,0.06261743802855907
of police,0.0625998711513153
republic,0.06258645882025823
payne,0.06258549310626411
but maybe,0.06255139811405855
yet they,0.06255085005669461
reference to,0.06254401565597063
time that,0.06252886052167725
you for,0.062482764734107105
didn feel,0.06242842438314785
done but,0.06238879829709022
become the,0.06238012404245751
is another,0.06235801601208424
to achieve,0.06235510448736383
that more,0.062350082891616615
consider it,0.06230561041736717
our own,0.06227056611338078
what got,0.06222631099723559
sound like,0.06220168706541473
during his,0.06216647946942319
atmosphere of,0.06209529808180423
fact is,0.06209376033189828
and such,0.06208390983848277
the era,0.062082862415991744
to real,0.06205634326699778
evokes,0.06202530864816259
for another,0.06202062443422161
aware of,0.06201598727230941
masked,0.061961015222677523
frequently,0.06196078757753419
cut out,0.06193269777812938
on real,0.06193112459365572
and sad,0.061916031503805424
find her,0.06191106776494388
daughter and,0.06189591831600482
who do,0.06187898717849542
directing and,0.06180264509876465
underground,0.06180244024649935
last,0.06179517549099686
the survivors,0.061782605506411375
stolen,0.061776415219893036
careful,0.061703135400935714
mentality,0.061700100913958465
life he,0.061697789355068616
from bad,0.06169640855761052
you actually,0.061652658776689045
the general,0.06164737964417089
finds out,0.06159913324605261
lives the,0.06154552367755205
are more,0.061511008252014755
hands,0.061481007342960046
stephen king,0.0614728401965003
deliberately,0.06141182800184012
but when,0.06140907063050084
the lion,0.06138912093686491
blooded,0.06137750321383302
he was,0.06136044608501566
because we,0.06131668651118253
that he,0.06128871481143028
devices,0.06128319130713983
timed,0.06128283321986813
widely,0.06123720547829189
burning,0.06123408719592304
shows up,0.061211927678101685
was ever,0.06120425438712139
next door,0.061183220215595774
focus,0.06118219944704615
he became,0.06115808303378132
expect it,0.061144468090519544
desperation,0.06107907522974639
messages,0.06105691534445969
on another,0.0610561541412264
are not,0.06105598462905185
columbo,0.061054324666556865
must admit,0.06103538357043511
is mainly,0.06103432579191442
its the,0.061012981004905716
requires,0.0609693475061229
years since,0.060886921530593566
is utterly,0.06088370560792864
role the,0.060878053067400344
also be,0.06085242907102452
long ago,0.06080218682948445
was clearly,0.060768811403639086
these,0.060759065086925454
the rock,0.06075406521518759
but just,0.060722650498700334
significance,0.060688028813621626
des,0.06062790242645459
worth watching,0.0606268756336482
that could,0.06052858693866263
but never,0.060527286103124744
and almost,0.060457126529015
such great,0.06045504877829257
let it,0.060419550160499394
it started,0.06040927234159515
comedy but,0.06039683114249774
my friend,0.060376481230114756
that probably,0.06033657721459086
sunk,0.06033015469594968
york city,0.06028511361692306
best actor,0.060241008512593716
carefully,0.06021583708978412
kids to,0.06020750267723044
said it,0.060167209867466154
antonio,0.06016653682682842
occurred,0.06014470637971839
cinema and,0.06013650086792886
me this,0.0601349724971722
an artist,0.060043197338043704
rat,0.060042197260117974
border,0.06001467498303996
witnessed,0.060010195271127484
turn the,0.06000537180472134
vice,0.0599825023075149
85,0.05989896578503356
comes close,0.05989568925273394
psychopath,0.05987326216539201
friend of,0.05986480335848403
and friends,0.0598626589498918
literally,0.05984859984213131
esther,0.059838095330198154
coming of,0.059779023723615266
duvall,0.05973063784504971
seen in,0.05971933214428546
around her,0.0597183624239791
the influence,0.059693620464774895
film may,0.05959602299884373
young son,0.05955237902508246
have any,0.05950301371151515
selected,0.059494011061549446
ever the,0.0594087249512826
well you,0.05940256318691056
that takes,0.05940246051439099
opinions,0.059375052799682054
young women,0.059372801819771046
great cast,0.059347165822111136
expectation,0.05934429970711065
ending it,0.05934126679202822
unfair,0.05932654913287963
is when,0.059315887207368974
her for,0.059297532709720865
vs,0.05929205194945115
admit that,0.059271269258412404
thrust,0.05921660060015112
describe,0.05913326664200643
ring,0.05912364243402798
be big,0.059049999152739036
bumbling,0.059039555885180894
sailor,0.059015840309073184
dvd release,0.05901043201125176
minister,0.05900838547162611
more it,0.05900747250145218
particularly good,0.0589787702459748
by it,0.0589774460558854
denise,0.05887157867419099
appearance of,0.05885675747465584
how does,0.058829385327063756
whole story,0.05881399922007043
visited,0.05877819386780784
eager to,0.058775940968899335
really it,0.05874818779181803
convincing as,0.058743306012946535
salvation,0.05871958377095039
explored,0.05870604265605077
history the,0.058698288869062955
some are,0.05863251920178072
bombs,0.05862492292619018
vegas,0.05861398607374811
herself to,0.058581466709150015
taste of,0.0585704665610167
was somewhat,0.05856508111672666
one very,0.058562526945950384
his hands,0.058544411943613116
ghost story,0.05851686311570175
life is,0.05851298041743204
has lot,0.0584724842131831
disguised,0.05847171246626877
former,0.058447910084390944
by an,0.05844385131512465
makes an,0.05841053293695569
girls who,0.058395947337003776
much about,0.058380763352788426
preparing,0.0583768151618945
destroyed,0.05836135229634386
finish the,0.0583523846296335
standards of,0.05831893233230459
all to,0.0582862971685348
what can,0.058214053800655335
come in,0.05819950399695489
fade,0.05814751022184616
table,0.058089047536452346
every one,0.058070003392134466
thing you,0.05806162018611869
that she,0.05804743022074009
is typical,0.058044263640720295
is presented,0.0580140772237334
fully,0.05801068935020052
his entire,0.05799660593467833
screen the,0.057994537329871025
again in,0.05798393007452251
things but,0.057965565895997086
character but,0.057938059572185945
tribute to,0.05793060429725379
last week,0.05775949012911252
however that,0.05770784500710962
movies as,0.057679061141054984
making and,0.0576291222572755
formed,0.05762724154415855
it always,0.05760361245017677
macho,0.05759470307368609
cusack,0.0575869630030377
very impressive,0.05751188394239508
combat,0.057507587406803014
grabbed,0.057499518998878535
view the,0.05747304343851192
problems and,0.05743365353694389
think that,0.057412197630937765
by what,0.05740394778656509
so but,0.057356225546799956
film more,0.05735494334777631
only have,0.05734189920693879
moe,0.05726823300133373
but guess,0.05724801967715377
neill,0.05718993620760842
striking,0.057154603217911465
etc etc,0.057144805213921096
goes back,0.05708441215972678
not made,0.057054366308771004
should ve,0.05696644286452314
examination of,0.05696157801901292
understood,0.056933386966138116
film did,0.05688852306142877
him at,0.05685946909043567
night,0.0568470968226126
earnest,0.05679014079067671
leaves the,0.05670352136173048
the form,0.056700133827548925
happy to,0.05666849786578462
lighter,0.05658999203914256
girl is,0.056573374464594255
journey to,0.0565634526260015
and hopefully,0.05654878648250844
closely,0.05651998395507545
put into,0.05644970368017835
realise,0.056431049953484344
eats,0.056420697049688495
of 10,0.05637348898718029
just wish,0.056303151852303314
underlying,0.05630230009809661
at such,0.05627411074352725
trade,0.05626707649309728
the not,0.05624807424098526
steady,0.05611103282104576
but every,0.056088322658149926
department,0.056069793208283494
money but,0.056051957919647157
solo,0.05601411963976277
were just,0.055938852524428664
film from,0.0559315547405264
bigger,0.055909899074108066
randy,0.05590083877159363
days the,0.055895860124897126
something from,0.0558719227694936
tremendously,0.05583160218138748
singing,0.05581448854843117
portrayed by,0.055812725174952164
kept thinking,0.05577930281429303
back story,0.0557052612841517
who really,0.055697906230910504
to every,0.05567116038505621
scenes were,0.05564200822480516
14 years,0.055619761203299034
people were,0.05557524358242508
reviews for,0.05553268002727731
lion,0.05551063093307515
constant,0.05550229694988682
it absolutely,0.055466684067857215
that did,0.055395718145261647
movie even,0.05538942197359894
to point,0.05537846432881552
end he,0.05537142975346304
will go,0.055369377889238694
babe,0.05534853832097235
america,0.05531111483714226
championship,0.055279488447483004
one does,0.055276941761400425
as her,0.05524441330650793
complained,0.05523125434154558
sugar,0.05522541834951716
and emotional,0.0552068631635669
plot the,0.05519731440552759
characters all,0.05518068184796801
to shake,0.05516462349430468
its way,0.055143165737010905
for over,0.0551058291058646
comes the,0.05509826557022402
response to,0.055092246035748374
the 1950s,0.05507494037959632
to fight,0.055060651339415574
will they,0.05504164614443534
this country,0.054974740046457894
to dvd,0.05496836996643603
locations,0.05496155261219213
slick,0.0549454116177155
horror fans,0.05493259954920309
duty,0.05488387697066773
ensue,0.05487903307881245
time period,0.05487767272272528
edgy,0.05483413192801253
years and,0.05482302613631456
know but,0.054820295015374956
exploitation,0.054801980761690926
store and,0.05473892834000739
troops,0.054661167326129745
are even,0.05465849721730017
three main,0.05456236581432316
of going,0.054556373045064215
nolan,0.054548047743123426
of production,0.054534753417965716
good enough,0.05453128910158373
and family,0.05451666751511023
his new,0.054473224519611785
boot,0.05442158575152647
shaun,0.05440250273585862
it best,0.05439444577548735
really get,0.054360453869209874
watching and,0.054321849098718865
voice of,0.05429742478757293
as their,0.05428358543260758
is easily,0.05425697144253416
family members,0.054249005428041806
him on,0.05418595219924187
nerve,0.05418124779216577
the inner,0.05403651897552463
chock,0.053952107020436076
prepared for,0.05392877356995795
few,0.053916491362672986
and men,0.053912085872108766
delivered,0.05388834686352205
but at,0.05384160975694922
really funny,0.05383740643325206
portray,0.053824779884983166
good action,0.05378442267271733
that every,0.053769434688206816
morning,0.053747560580604245
in canada,0.053733760003878986
more people,0.05372613256905409
whites,0.053670311634069635
sons,0.05366351011397666
war and,0.05362173322481813
weakness,0.05360325319997682
realization,0.05348846513231187
the creators,0.0534379045345063
are nice,0.05342521685931263
resulted,0.05339398206621265
jumps,0.053381420633892104
the dance,0.05334105861812576
my sister,0.05333726691260062
blade,0.053181134704794915
bone,0.053147999104802536
completed,0.05314275697217264
name is,0.05313260849066069
days in,0.053100214208408374
almost all,0.05303861202539953
still can,0.052939845737984735
faced,0.05288556774678437
hindi,0.05286977021172327
of person,0.052841479099037
lost her,0.05282374841571407
stooge,0.05281870608741151
used in,0.05281188774592047
performance here,0.052771963878252184
eddie murphy,0.05273190120463605
globe,0.05272757625424417
are on,0.05265831718418454
house on,0.05254489420704604
you realize,0.052541641972734254
compare it,0.052504553810677854
this as,0.05250328487703928
don mean,0.052448598196369586
their own,0.052426447605688875
sleaze,0.052389156241301665
an average,0.05234356515136608
johnny,0.052341381117791505
tension,0.052341109236134456
like these,0.05228090954670524
of classic,0.05225530105706461
bates,0.05223109749119657
the lord,0.05219503656067106
to teach,0.052166405615903286
like but,0.052162903364866425
inability,0.05209657685636858
of world,0.052082601213942044
rolls,0.0520752203265581
some point,0.05204899660918074
rosemary,0.05204015782488137
surprised at,0.05198229874434566
he did,0.05197426120177392
gift,0.05196086482998154
the living,0.051950938775477296
so with,0.05194060582284848
right there,0.05187536721927637
21st,0.0518618843978176
good too,0.051804568289464295
tv and,0.051730903034180986
should make,0.05171819946556762
get that,0.05167816297221989
this particular,0.051676741607818356
sensible,0.05160335056125077
cassavetes,0.051589362927053524
newly,0.05157518120899068
he might,0.051565572183903244
and new,0.05155416958374293
it ll,0.0515249648047096
such an,0.0515010646258546
from our,0.051472714913962075
we might,0.05145355039663338
reiser,0.0513840446243511
measure,0.051381110055072995
performance that,0.05135882893698223
hbo,0.05134105170788558
and play,0.05133391356689559
food and,0.051313571108487444
ears,0.051310406130142705
provides the,0.05130968041751241
highway,0.05128256826355646
feel as,0.051254490844674684
that an,0.051207089925016575
on very,0.051133312922876165
are out,0.05111689333264595
will watch,0.05109794859933029
under the,0.051081360035071625
enjoyment,0.05106754005094962
to imagine,0.051030376162245504
just in,0.05100250613020556
well there,0.05099878061970529
several other,0.050948369804880454
set pieces,0.05093156088588361
of funny,0.05092885810804766
bloody,0.05091388193609458
of quality,0.050904294434837224
leaves you,0.050867311696299766
they both,0.050822064368905136
other times,0.05079404103384451
buy the,0.05073560588442238
this production,0.050713961566340435
he ends,0.05065614029747408
theaters,0.05062569706269106
praise,0.05062338861324069
and david,0.050593913662288645
eventual,0.05053874077203766
he begins,0.05053639776414242
university,0.05051616201470618
mind you,0.05051004093656866
forced and,0.05047423754242228
so maybe,0.05047277013666936
bush,0.05039368071776395
my interest,0.05038970199432455
truth is,0.05033431930065305
interests,0.05030220268085736
movie thought,0.050301735539336284
real life,0.05029787180746779
guess is,0.05028869481177515
to support,0.05025872367556032
ll get,0.05021564938513356
satirical,0.05020235914397331
and robert,0.050176367404325906
reflect,0.050161501022189345
acting but,0.050157889179303
ll make,0.05013901406435855
hans,0.050090068430524326
pull off,0.050082064983114606
feature,0.050052663749953395
face with,0.05005027561541104
poetry,0.05003487398270749
citizen,0.05000168844388049
later in,0.04997846238132675
cursed,0.049968582776458416
the producer,0.049935619187275904
her dead,0.04990473914616306
of tea,0.049891868795919565
freaking,0.04988555220942899
all means,0.04985671587792813
and paul,0.04984453476866619
brenda,0.04983953869059864
creepy and,0.04981569750164642
be for,0.049793803865862796
projects,0.04977407429803534
awakening,0.049709343470478416
success in,0.049672097679663386
though that,0.04966582408016829
the genius,0.04963304163523528
inability to,0.04962480853908584
life this,0.04962462108693346
overly,0.04960580814792554
united states,0.049544863627441156
is after,0.04952668248201905
decision,0.049515508469137735
in them,0.04949837455072181
this when,0.04949468221942456
secret service,0.04949378018230856
is plenty,0.04947605866108439
on those,0.04945794681579066
issue,0.04944176397833161
about our,0.049404646595147594
fiend,0.0493673443390585
related to,0.04936557182609163
2002,0.04935530694617981
up all,0.0493287539080384
inner,0.0492731830868515
search of,0.04927268921008354
herman,0.04919821372845421
only got,0.049189379382007924
insists,0.0491838371004385
smash,0.049139232712140435
that well,0.04913279265590347
to anything,0.04908420018774594
has her,0.04905867382754603
but those,0.049055067053943205
her car,0.04904216771393284
last of,0.049027653827925344
their first,0.048988177497498356
for fun,0.04898153984631386
frequent,0.04897404134628043
his earlier,0.04895233795623389
to as,0.04893669995957449
tells his,0.048928832121937015
expect to,0.04883072148845316
buck,0.048817562189534675
scene it,0.04878108205278233
july,0.04871143610117525
the list,0.048708763375146215
direct to,0.04869408953210325
was good,0.04866836664864939
in germany,0.048621539665045885
loved her,0.04861708581557853
struggle to,0.04859227711966134
21st century,0.04858740447954925
is back,0.04857977227268311
of hell,0.04857552931591501
but ultimately,0.04856046766289874
products,0.04855855735858795
of thing,0.048506371798856356
suffered,0.04849025095285703
and most,0.048481329560702946
respectable,0.04847364411037189
me because,0.0484492963718421
script by,0.04841368207727582
speed,0.04837212705006611
it several,0.04832511929993285
land,0.04830031755722457
he not,0.048264251392524625
seriousness,0.048263464763286246
some points,0.04821431526328165
mystical,0.048202005657161665
goals,0.0481619561277835
garden,0.048012893704789866
soon as,0.04798677133651405
to more,0.047981371259412
the scene,0.04795020725374628
when in,0.04791570795340826
inexperienced,0.047891063067822696
take care,0.04788825000710402
clip,0.04780694048791249
almost like,0.047792965190383854
be killed,0.04777341775548554
but really,0.047745904877314026
cool and,0.04774355508663241
solve,0.04774224307823423
one as,0.0476683978551156
happily,0.0475817564169577
defeat,0.04754898738948175
spectacle,0.04754532034923381
when he,0.047534755889607115
away at,0.04753447022208305
sale,0.04751782396801733
depicted in,0.04750501828607601
just seen,0.04747800710580529
giving us,0.04747424495132159
good luck,0.047452539331538555
michael caine,0.047450447566912954
rounds,0.04744465958116085
expectations and,0.04742220155464141
theme is,0.04737649262277383
sherlock holmes,0.047363784202564076
toy,0.04734994045055645
confronted,0.04734079556644542
been watching,0.0473210311451984
views,0.04731246591786641
comical,0.04730678868907729
be even,0.047306062639933
to new,0.04729246253661589
various,0.047256068573337355
clarity,0.04725263456665819
items,0.04722249123459963
develop,0.047214279525664794
being an,0.04719663342925573
relationships between,0.04719409838827067
market,0.047182710954201096
the previous,0.04717396523189626
hides,0.0471529297973911
study of,0.04709622235493023
that that,0.04707335465221359
music by,0.04705899816219744
couldn stop,0.047056416656766256
repeat,0.047048166936332396
broadcast,0.04704729856915105
richards,0.047005998158382994
loaded,0.04699745350150846
players,0.0469943713590502
says to,0.04698683094584971
to where,0.04696272931688109
most memorable,0.04686557346226292
deliver the,0.04682804955453361
who he,0.0467606352748367
curtis,0.0467159120545204
points for,0.04671093107926355
landscapes,0.046691241274475916
state that,0.04666918792326192
not all,0.04662631392468881
accessible,0.04657337688307202
that lot,0.04652642454167558
wasn the,0.0465121676566415
fortunately,0.04645984761518295
concerning,0.046437285186014386
work from,0.046398944998833305
past and,0.04635746286943019
to protect,0.046357050024559074
script with,0.046340690335451476
supporting role,0.046339878484669826
developing,0.04633618420493275
uma thurman,0.0463105694779132
1945,0.04626064964451739
and great,0.0462303489287169
that their,0.04622534171097001
not believe,0.04621802292062283
the fire,0.0461747202397552
something for,0.046158864647340946
with our,0.046146891984563565
to show,0.04613485003380901
the western,0.046126288808502905
and beautiful,0.04611663566191032
up is,0.046042334516371596
science,0.046041049562263
cox,0.04603588311139787
explain the,0.04602824508640783
used the,0.04602422680660123
subtlety,0.0459716961413639
establishment,0.04594388529774136
seen all,0.04588074259028505
are good,0.045864620102736044
thrills,0.04581460191244365
actually is,0.04579122645292618
is making,0.04579022122993066
the casting,0.04576769436203894
run of,0.04575011016218191
so do,0.045743966645241455
found it,0.0457240291159411
notice that,0.04570731132302625
questionable,0.045664467538741677
talk about,0.045654496407272475
dom,0.045643861792694224
by james,0.045631984385846334
only on,0.045629143321809056
the underground,0.045573123851118565
before you,0.04554389633465265
san,0.0455345313675596
hard for,0.04551259065141464
godfather,0.045409002053557156
guy and,0.04539736085378353
sick of,0.045298292316268134
and characters,0.04524671740813516
songs in,0.04523079692134674
roles as,0.04522277918063902
be remembered,0.04521418004582814
weekly,0.045211363699996676
fans will,0.045196014057430886
references,0.04519106361959928
her home,0.04517103740655046
silverman,0.04516178585913867
and from,0.04515605390196263
discover that,0.045155266951933004
terror,0.0451460981049577
the post,0.0450726202376392
movie instead,0.0450686169853788
attending,0.045065369086674495
anything the,0.04503906592708492
implied,0.045031569560283535
keeping,0.04502233011752911
because all,0.04501012293098679
takes over,0.045006679834413574
ordeal,0.045004633059926955
matter,0.04499775103090892
sell,0.04495841396647018
went on,0.04494428323466807
family is,0.04493893609730762
get into,0.04491762486407938
have yet,0.04491348926789339
grey,0.04490837703625555
yes the,0.044889836505589614
this family,0.04482150263416479
characters seem,0.04478638033925455
seen on,0.04475148140859367
that leaves,0.04475108398601654
simultaneously,0.04474647134980613
have great,0.0447027927627018
difficulty,0.04470269130045649
you never,0.044680369339161016
built,0.04464105800781731
is hardly,0.044618637110195286
jealous,0.04461197945236357
by anyone,0.04460672667100214
not fan,0.04457229226556184
the devil,0.044520425307160744
belly,0.044500727123540425
mechanical,0.04448543463299052
the reason,0.044480876441841954
liking,0.04445888314882708
she seems,0.04444066825979548
was already,0.04442254717975186
from watching,0.04441577026258368
and jane,0.04436756197324708
firing,0.04435025568676268
steps,0.04428626553516376
slavery,0.04428528154017647
ian,0.04425031599875717
spirited,0.04424605662913249
dvd in,0.044240523792793626
been on,0.04422537819283397
saloon,0.04421641422616534
numbers,0.04419137002484954
watch as,0.044189240384955
time or,0.04404795916190535
golden,0.04397046648044649
probably,0.04396224231322639
an act,0.04392174076331662
movies or,0.04389588705263564
connection to,0.043892607228287764
be told,0.04387792430925552
everything about,0.0438769286927142
the local,0.04386436506200226
which includes,0.04383718826327162
talk to,0.04383178738738726
wicked,0.04379864880315066
dressed in,0.04379552153625436
and actors,0.043792265813017435
mean to,0.043780710795193606
of beautiful,0.04376275071287218
the train,0.04373801213736359
twice,0.04373221215031686
lengthy,0.0436365677876202
are funny,0.04359378288034089
was and,0.04357998703774844
face is,0.043573862497223566
ie,0.043518161590217735
dutch,0.04347211015557081
his friends,0.0434681597511852
opening scenes,0.04345289883230288
could do,0.04341777730511092
for few,0.043416518250396524
all seem,0.04335880286861533
especially when,0.043308955317692605
do when,0.04328669625156007
built up,0.043265354803548324
productions,0.04318959452171828
the conclusion,0.0431520091350859
civil,0.0431471767359241
the lake,0.043133940994568534
new wave,0.04313094264733557
no matter,0.04309910427857327
the sets,0.043084545698338084
the americans,0.04306823031288666
molly,0.04305608808990934
of british,0.04304719367327379
and death,0.04303551123129383
of actors,0.043015345364303535
be with,0.043012989456476955
bacon,0.04297530032690892
other hand,0.04293455531963114
clarke,0.04292115895576911
of sexual,0.04290327657019428
more serious,0.04287255372516806
an original,0.04284781572576846
played out,0.042824023098828226
tho,0.042808643060347394
but know,0.042777007157191564
the constant,0.042759003856549634
is able,0.042743446829396285
yourself,0.04271526294311905
see another,0.04268259315068117
for fans,0.042669169724835254
show and,0.04266515926394374
action movie,0.04265225840866399
character study,0.04260144776118496
la,0.04259856888620108
had only,0.042481543891444346
mobile,0.04237799524553544
bull,0.04237239546058583
cheesy,0.0423611319276313
chuckle,0.042323251180486014
that fact,0.042295684789704704
an outstanding,0.04227204820951472
are missing,0.04222883698138276
action movies,0.04218353990706608
has always,0.042166368628771364
alot,0.04216246275517666
life that,0.042140548038916543
depth and,0.042132784776065364
truth about,0.04210187052490508
now in,0.04207601110021604
will never,0.04206542967286317
were still,0.042048193495783204
few days,0.04200580768543039
birth of,0.04199884311615961
1984,0.04196996267808065
never heard,0.041961660505053074
too short,0.041880967260859416
blow,0.04186434023327402
could only,0.04186223688844425
that and,0.04184782785371494
ethan,0.04184061453520378
racing,0.04183926838341238
see in,0.041786465841497804
alone in,0.04178015341698199
opinion this,0.04174706776768101
get her,0.041720006984931036
though this,0.04170107306188166
shouldn be,0.041697496421228546
need for,0.041692604482439645
butch,0.04168741908538797
forces,0.04166696174238028
classic and,0.041660875107418956
his actions,0.041642511332023645
grin,0.041624679560717914
to relate,0.04162328136182524
theme song,0.04156961192840367
rome,0.04155592303516278
little kids,0.04152896357703352
bad one,0.041504103632542394
classics,0.04148309246466567
for the,0.04144783272169662
he in,0.041439534808483613
most likely,0.0414350655068552
surviving,0.0413942703551137
like so,0.04132675847963531
patients,0.041318436848443614
have in,0.04130874662640683
it happened,0.04130801835672027
may well,0.04128093625642118
worry,0.041269510294502765
of oz,0.04126474294356553
has become,0.04121841161980076
quick,0.04121565210648265
refuse to,0.04121340612726235
impressed by,0.041213058533028736
has much,0.041200997071672386
watch with,0.04119723299339358
into that,0.04115880493271119
right in,0.04115397156125408
and didn,0.041150042547857195
the return,0.04112631026334142
assure you,0.04110490276097769
involved and,0.04105870313183766
one point,0.04105522624354093
could just,0.0410046176067769
the source,0.04100281325363243
towers,0.0409491685899482
being so,0.04091613354590434
confidence,0.04086419152873358
that while,0.04081052267719313
to return,0.04079987971466966
the map,0.04076269441484319
mercy,0.040706038737502774
romance and,0.04067339762126906
is essentially,0.04066907314675793
want it,0.04065782884585254
times with,0.04062489479017762
skit,0.04057104261229873
in english,0.04055994148488953
cagney,0.040522111255917016
for once,0.040515172347232044
anna,0.04050761956895873
they end,0.0404402705508361
stream,0.04043068298921689
and talking,0.040417970659041604
hell is,0.04039714062818759
scotland,0.04039212344913558
his only,0.04039177641065459
the town,0.04037684204401132
to ignore,0.04036405739570705
directing,0.0403351846842112
an absolutely,0.04031952464709336
be interesting,0.04025627575362828
sydney,0.040218750098307166
is barely,0.04008239866043718
watch him,0.04008069289692085
intentionally,0.04006722066612882
probably have,0.040052840640295954
forced to,0.040048498738085365
currently,0.040015174182573096
willie,0.039990915545133905
thing they,0.03996435035012922
well but,0.03993819799869202
has not,0.03991873718583679
the front,0.03986607144844282
things get,0.039858618283692394
guys are,0.03985654419927655
easier to,0.03981972097194261
hmmm,0.03980797728929871
hit the,0.03980041993050289
symbolic,0.03977971613857317
get out,0.039766077596910504
had heard,0.03975865303258846
1950s,0.0397171960047239
sean connery,0.03967617276821574
treatment,0.03965660415936837
like good,0.03962085113534503
what going,0.03960998657181015
there plenty,0.039594921838622885
that may,0.03959420293669323
oddly,0.03949821743075136
people involved,0.03946494332011384
hears,0.039438088938619394
id,0.03941473221937011
out how,0.03939780863925334
punishment,0.03939294829456131
to agree,0.03939283090168775
characters is,0.03939196732120278
his movie,0.039355813248029406
well developed,0.03934938971281363
collapse,0.03932722094209423
alicia,0.039283588564851445
coincidence,0.03921090752779369
mentally,0.03920394917680316
delivery,0.03918386526675149
images of,0.03917230831048449
visuals and,0.03915278005516176
go watch,0.03913712215895905
to face,0.03912295249222417
audio,0.03911937415752655
me about,0.039116649855825185
in quite,0.03905617993654275
pleasure to,0.039047630311733944
to add,0.03893900429151631
take look,0.038915925387295484
don seem,0.038913775297217956
he thought,0.03891067104223714
he feels,0.03889260134523705
that love,0.038884081903137906
again if,0.038849019550077524
with each,0.038835294137553135
rude,0.038815088796669006
best it,0.038795929462877715
has also,0.03877586307421965
waking,0.038601826409015765
10 and,0.03859677956776399
the great,0.038550041931387204
mainly because,0.038529997986421295
and say,0.038499700391574514
buddy,0.038474631535648736
this if,0.03844767167298655
didn want,0.03838777719054221
it tells,0.0383845246200222
than all,0.03837423558697769
the historical,0.03832303854125425
when there,0.03828091991236094
more fun,0.03822132814450177
the president,0.03821022569082601
hyper,0.038205418909497676
passes,0.03815671956473218
conclude,0.038138493166472054
relevant,0.03809118511878288
that other,0.038077906844177056
for its,0.03807526048614414
and watch,0.03807525993130425
forcing,0.038021617699272404
living in,0.03801684464435844
for him,0.03799939579756886
transformed,0.03792139079914889
to earth,0.037916666690832386
survives,0.03789033219480361
thompson,0.0378652743943799
pick,0.0378631148817152
killed in,0.037842673164502745
if any,0.03782626865541255
speaks,0.03778328350326686
away the,0.03774620533527958
of entertainment,0.0377391695867127
you just,0.0377040498844938
winds up,0.03770140198166531
david lynch,0.03769865610546216
partially,0.03764131678303382
understanding of,0.037606274893294635
roth,0.03757087769355959
polished,0.037563534616510706
episode but,0.037545880858685834
sparks,0.03752627452623326
designed,0.03751768747680203
acting and,0.037476141947394286
ever had,0.03742505988462548
not come,0.037416185941625976
chemistry between,0.03741537428467487
the horrors,0.037320790839823884
their hands,0.03730381222710629
1930,0.03728541413115897
citizen kane,0.03728061462738795
quite sure,0.037276577991382974
say in,0.0372727040608829
character that,0.037271252726403414
drinks,0.03725328514289562
us into,0.03725203048415784
ve had,0.037233001412802016
be entertained,0.03719571194105247
dominated,0.03718992041469969
accidental,0.037184307332335596
visible,0.037182401636304506
latter,0.037119557216283225
has few,0.037081093580816425
to people,0.03705625331486612
biopic,0.03704461669778606
can the,0.036977036760864036
that took,0.03695601665713066
scene between,0.03693756681905844
fall into,0.03691208128882383
fit into,0.03690879992025853
refers,0.0368915109129914
refers to,0.0368915109129914
entertain,0.03688360649442442
in japan,0.03687664637365012
is right,0.0368333081156774
receive,0.03682668651262005
come together,0.03681849889019687
let face,0.03680655826982049
advantage of,0.036796165416783655
proved,0.03678310379597585
my seat,0.03677956418626597
murder mystery,0.036775694990205055
sanity,0.036766251309257265
his voice,0.03672209936870602
lawrence,0.03670846038942878
campaign,0.03670374298690308
and again,0.036682067870395886
pretty well,0.03666103399563176
magic and,0.03663428801811661
lines the,0.03661411602342894
thousand,0.03656767945005653
to wait,0.03651629150573147
ins,0.03646095743752455
respects,0.0363523278753443
in depth,0.03632039631984872
femme,0.03631973301187408
who might,0.036317148571006604
in movie,0.036300389141233624
highlights,0.03628413896784231
plans to,0.036258319233128423
banned,0.03624025186031305
inside of,0.036174196198056535
introduce,0.03616159866939937
that era,0.03615220510336062
ever and,0.03612861673641551
impress,0.036081442246585424
enjoyable to,0.036061940327652656
girlfriends,0.03605745460411883
together as,0.03605363742955253
picking up,0.036052141307679836
other films,0.03605184998600202
act like,0.03605154189887288
farm,0.036048464022875044
and gore,0.036037805531665586
her he,0.036011505974755956
too well,0.03601068302507262
causes,0.03600845503312528
appearance in,0.03599865539729046
end where,0.03592560207053134
at work,0.035865754994186254
will keep,0.035862492431292796
famous for,0.0357994776033844
tells you,0.03577797972128003
was originally,0.03575459788947355
set of,0.035721832350010724
were pretty,0.03572124695516396
goal,0.0356914240935202
the father,0.035681039338586025
also it,0.03566333944192402
item,0.03559330178396533
we did,0.035592749802655005
kid and,0.035577899378395936
draw,0.0355750577175966
think ve,0.03554021681875793
the black,0.0355336479373786
in society,0.035519845828401606
hi,0.0354615092060089
porn movie,0.035459898618912765
to impress,0.03543553859683029
made from,0.035409215925113015
realised,0.0353674534107197
way back,0.03536703978469743
imagine the,0.035365912104433274
charge of,0.03534055140085753
tracking,0.03533948333238591
comedy the,0.0353054512846114
housewife,0.03528930521325356
loved ones,0.03528580166335967
tragedy and,0.03527346630583376
at you,0.03523659856903295
disappears,0.035211536841855746
crisp,0.035204436256917555
be left,0.03519850049250175
altogether,0.0351978426447512
suppose to,0.03519427747324352
punches,0.035146367216728
up after,0.03514472973943588
for one,0.03510461040732349
have is,0.03509810245002722
there it,0.03497908776286587
shows and,0.034973697570999905
this early,0.034973244890143015
obscure,0.03496679972623165
and children,0.03490267581495125
suggesting,0.0348836282403135
know how,0.03487215090154252
anyways,0.034866395344323474
song and,0.034865987071798984
suitable,0.034722769255529015
workers,0.034719585288947426
karl,0.03469317220504338
york,0.03463107124634841
vaguely,0.0346261467014151
sequences are,0.034620113607272615
they actually,0.03459753062932978
receives,0.03458647898585387
store,0.03457708961193744
an english,0.03457482006915413
hope you,0.03456595683526164
monty,0.03453937573505874
fun watching,0.034535439685412894
loves,0.03451338745728867
wisdom,0.03449829999227825
no not,0.03448038529690869
sentimentality,0.034476488054230404
wrote the,0.03441983940081581
boyle,0.034413495782197344
owes,0.03440822483214254
and shows,0.0343651840846538
myers,0.03426373410939966
break,0.034260450726909336
as could,0.03424839082548669
than they,0.034242149920143315
others and,0.03422972239917885
mickey,0.034155407254509836
is where,0.034146423727756274
and after,0.034121239936828626
like and,0.03410564621538607
engaged,0.034082624174139264
roller,0.034031384184107186
1946,0.03402033142081617
cemetery,0.03401565679800223
way you,0.03400822031657244
forbes,0.03396170357813066
they may,0.03395940132641437
killer the,0.03393523199185666
the christmas,0.03393129448885576
flick the,0.03389770522555642
an animated,0.033892263379021126
coffee,0.03383730402638526
you understand,0.033805886016806695
first thing,0.03372842851960281
work so,0.033723141666325264
reign,0.03368284017873648
overall it,0.03365638790379665
for your,0.033596307471223136
to so,0.03356712657040991
back from,0.03353986192230304
stars as,0.033512330300111075
right after,0.03350092334499075
later that,0.03348390424397716
cake,0.03344387359018976
motives,0.03340792017934784
be expected,0.03340193610795865
easily the,0.03340006022975289
the the,0.03333623577533931
the footage,0.03332255400941779
goldblum,0.03330482334932324
least some,0.03329685295727796
thing the,0.03329495520518426
gershwin,0.033218357718762095
sequence that,0.03320300836995628
left the,0.033178954128992036
professional,0.0331753300392884
finney,0.03313223562833526
that thought,0.033077162101974145
business,0.0330514142467552
straightforward,0.03301254838193375
return of,0.03297777121586112
least one,0.032958259808365545
film very,0.03292979602071666
in la,0.0329216220717673
the close,0.03290585527739884
hayes,0.03286465837465926
ethnic,0.03286274913172508
else and,0.032852454104362334
importantly,0.03279285297147052
picks up,0.03278596973795555
is somewhat,0.032780457092308764
some people,0.032756686657841545
that seems,0.03273732022530573
the principal,0.032711715795376316
himself on,0.03270652542204648
explain,0.03269829603856126
acclaimed,0.03267925484903038
develops,0.032653789515713696
are watching,0.03265025937700485
dolls,0.032640931743279186
place in,0.03259529054100713
the common,0.032575517378161764
exploits,0.032544371322925904
the public,0.03249139547130735
still is,0.03242851413446957
in prison,0.0324264686757517
and any,0.032401114978015906
bosses,0.03237218581295326
design,0.03232103589554595
fiction,0.032307197761943345
and generally,0.03227145704103379
crucial,0.032261168556464576
didn have,0.03222446223922304
machine,0.0322147093119477
get in,0.032205809170514535
you as,0.03220326190817197
she wants,0.032187974535760035
dub,0.032181402082663554
it should,0.032128728407860685
and christopher,0.03209953764898036
returns to,0.032072246644031174
vice versa,0.032045673576375826
proud,0.032045274919103264
up from,0.03203322352633197
couldn have,0.03202484939682799
penned,0.03201952627845133
to figure,0.03196430434595189
couples,0.03195894993772759
just have,0.031938172170247456
of control,0.03193194697203541
the car,0.031926669292710326
the technical,0.03192660284035386
bubba,0.03192645526223841
decidedly,0.031915463145535755
ex wife,0.03187876168303097
woody allen,0.03187791808640984
show this,0.03186441768801761
reports,0.031861764247244
they need,0.03184565133333916
form of,0.03181143189049296
frantic,0.03179196902170248
thank god,0.03178546050273857
for laughs,0.03178223722977782
is once,0.03178196793823963
in bed,0.03174559139212212
barrymore,0.03171622713608673
the 40,0.03169348827111897
the release,0.031648198829753456
assume that,0.03161237162587952
few things,0.03155021936958936
it so,0.03154653766089756
again this,0.03150589165451467
in typical,0.031475968145542134
holes,0.03144760756060156
problems of,0.031416336422273705
introduced to,0.03139000372431106
driving,0.031369410171105866
maybe they,0.031362830676016244
turn in,0.03134705619222743
with in,0.0313196681576757
suggest,0.031299487353037725
really that,0.031244234683963593
here with,0.031239956538764706
gather,0.031230950042182817
but am,0.031221619205244747
1994,0.03118842014144847
just stupid,0.031149790189627668
equally,0.031098014345783683
turn off,0.031074438116392624
people get,0.031067365929253438
films he,0.03102276001090957
so this,0.031011649197368384
signed,0.030997730497797943
in light,0.03099517795968392
hers,0.030936515764774245
more as,0.03089201344604247
don let,0.030873413213342256
the male,0.030822650267323882
with whom,0.030726990467832636
movies they,0.030688010259590115
home to,0.030686030080078277
knows what,0.030685960624372365
non stop,0.030669850350608912
is unique,0.030625480990111153
official,0.030617912377479663
sudden,0.03061324634717574
her other,0.030586165011192393
of power,0.03056178756168758
end to,0.030526795987944406
get married,0.030489388566956287
drama the,0.030403514747861515
example of,0.03036804575723538
comparison to,0.03035495180852547
strikes,0.030350392011036047
pages,0.03034023324779892
hooker,0.03032877076508718
wasn really,0.030304481748526884
remainder,0.030302511889309706
well not,0.030291210311015424
vault,0.03028689633217239
companies,0.03026124626248414
points and,0.030256050239824913
fun to,0.03024548658899415
murdering,0.030201671400832606
wives,0.03019224540373281
actor who,0.03015691945751197
win the,0.030125981661110402
and hardy,0.030121310275232693
tops,0.03003850182466215
it nothing,0.030036194509878426
out is,0.02998639433505897
can you,0.029983521316378645
think we,0.029964000022380075
unanswered,0.029955475836438223
adaptations,0.02989650135304976
gallery,0.02988254455388968
happy and,0.029848641007133674
lock,0.029836598182637102
lastly,0.029824003865229574
beatty,0.02980469180307974
with what,0.02979947937836934
book to,0.0297833268574957
discovers that,0.02978193625421369
kicks,0.029735803945279412
mood of,0.02968722122538895
humor is,0.02965555972310999
actor and,0.029643033976272205
what really,0.029573821034236662
because as,0.029501917590092713
notable,0.029464484634950435
hugh,0.02946208315780116
cons,0.029447801729607044
mannerisms,0.029440780114567733
him out,0.029397648175083047
slice of,0.029343677772373674
demand,0.02932979785185109
of low,0.02932026902030632
her up,0.02929155836282392
seen any,0.029265447936521555
little about,0.029255266603493025
comic relief,0.02923285639372703
foundation,0.02917502774902913
marketing,0.029121119100422324
was her,0.029078622867320315
le,0.029073849636019083
on there,0.029021077502511015
have only,0.029002908716704728
is forced,0.02899484257871219
dealt,0.028994305617255307
in europe,0.02897130377610116
evil,0.028940815834096023
dynamics,0.028878708957594534
he wanted,0.028870076617009844
when you,0.028793216236523377
and show,0.02877868161510282
show has,0.02876802365278899
the blair,0.028730921443208483
met,0.028707083851024755
however when,0.028692762725991902
re not,0.028652122460082155
there lot,0.028625195302818977
has in,0.02861121172552661
acting of,0.028606779511450582
football,0.02860623662215393
within the,0.028587986381620675
in time,0.028570558948236912
way from,0.02853891576617522
afraid of,0.028522568951338947
why we,0.028463887970920757
the clothes,0.028452008300292368
1960,0.028431373313284998
servant,0.028414348914639773
towards,0.028408584342199738
there so,0.02835560047853662
girl he,0.02834160364205146
attention and,0.028340875965116634
be on,0.02833549430139808
of fact,0.028334500636038217
cinematography was,0.028269072092552926
the strongest,0.02825513461207699
his beautiful,0.028188374944969785
greater,0.02818330852961139
anyone could,0.028171543762105768
sufficient,0.028167624434147876
kansas,0.02816516635853828
of everything,0.028128300744896993
blond,0.028127134844736185
ve come,0.028096736965534216
underneath,0.02807073152399841
acid,0.028036955344573
wasn expecting,0.028033594025989723
stop the,0.02801441973339252
there he,0.02797778769161857
first film,0.027972651102710935
of itself,0.027934525203462728
returned,0.027902288302908407
split,0.02787715519978361
the ability,0.027817887474667104
how far,0.027782291478880703
dan,0.02778153759090477
me feel,0.027735407019556582
to defend,0.027686821883855673
uniformly,0.027680141571545223
drama with,0.02767103312690421
featuring,0.027647152722991664
me and,0.027644410860924257
whole point,0.027616884265813862
1967,0.027583309044337406
concept of,0.02758328433722685
the national,0.027576543975939814
surrounding,0.027575065326063526
she had,0.027550755151889497
does get,0.02754425812661457
strangely,0.027505672688037427
everyone who,0.027486737383145027
get his,0.02747685969705776
noises,0.027456884714779008
starts with,0.027425007469592987
babes,0.027408296746851284
ways that,0.027341025197284183
delivering,0.02731981120448711
his son,0.027317609924714457
but some,0.027316302088204965
the godfather,0.027285698168882978
is his,0.027285222245204428
family in,0.02725781897718374
things the,0.027218905021099554
ways of,0.02721370638076237
flicks,0.027187936533703588
ve done,0.027172518608695195
as soon,0.02715240445167855
performance from,0.027119765115351944
and guess,0.027113051652900257
base,0.027041514332052357
after she,0.02704058093492498
smart and,0.027038264467826475
she didn,0.027000970696984147
the thing,0.026948997183625017
entirety,0.026945892848812058
life which,0.026943680911199953
belt,0.02692390472433417
while being,0.02687128895704632
the gun,0.02685578756697747
dangerous,0.02684907494552889
tracy,0.026846930556904812
fan and,0.026835967971165536
be quite,0.026824982022088995
amanda,0.02675288766979502
get chance,0.026745374095075044
betrayal,0.026741748695477414
earliest,0.026719885739643325
qualify,0.026671947113905723
eccentric,0.026659309753505493
newer,0.026629349518028783
victim,0.02656426703462898
timothy,0.02655727636840401
future and,0.026504854390073333
they make,0.026496343886758415
but was,0.026493098813883266
swedish,0.026479491926801647
the issue,0.02643447794351918
chemistry with,0.026398009540943117
ll have,0.026375974904778277
well this,0.026374986225673767
hunters,0.026364930154518698
cage,0.026362438036235482
end the,0.026345029183430745
several years,0.026331651322002738
advantage,0.026328996498963482
killer tomatoes,0.026319716145210077
in charge,0.026318561070192932
turns the,0.026315629543732972
herself and,0.026266180044958752
dive,0.026259784988201616
nowhere near,0.026254267587709344
right it,0.02621098589958477
teenagers,0.02616169081518209
signs,0.026154749235798892
seen some,0.026150958144218722
obvious that,0.026103979938024928
ha ha,0.026093076413540497
cinematography is,0.02607248753795149
of david,0.02606932015978795
the blind,0.026060892833797825
note,0.026037447731177474
by the,0.026028998247097538
night in,0.02601082537493371
let him,0.02593970937398837
again to,0.025913722961305053
sure she,0.025904579697988518
york and,0.02585916398051121
liked to,0.0258538460585602
finds herself,0.025824307490385216
move the,0.025789979270198493
dennis,0.025766608290271113
rights to,0.025763240831787278
how it,0.025728522255991582
star wars,0.025668616935978824
done so,0.025631922015719205
authorities,0.02562799123472195
this time,0.025599554500014794
in three,0.02559420869815976
he gave,0.025553193400421646
viewing the,0.025548825263818076
explains,0.02552554001402808
festivals,0.02545320681816501
was playing,0.025424071697689614
find this,0.025409175131448847
one will,0.025369657935964737
read this,0.025359342470732966
feet,0.02535529047236085
is something,0.025339793804155082
just two,0.025313790248944156
shall,0.025251132364815597
so is,0.025220068885879618
shortly,0.02521566398157545
was being,0.025204127800973232
albert,0.025148833016086496
theme,0.02510674564925398
part as,0.025106164303305152
3d,0.02507015747958236
wanna,0.025063583151852205
that won,0.025036981047830392
shoes,0.02500264015116407
or better,0.024994325216042345
got into,0.024981593269095617
what seems,0.02496525185945321
even after,0.02496326753141555
that scene,0.024955359401239607
worth your,0.02494763012830016
thing this,0.02491100781281203
the 1980,0.024869569826942037
entertained,0.02483504247466638
you got,0.024822951436747186
passage,0.024736991986496523
never gets,0.024698468539913553
film well,0.024667289511427073
acting in,0.02466603086949195
quarter,0.024632535913597705
4th,0.024625588978199508
one last,0.024563234235932804
doesn give,0.024555080074273015
depth,0.024484178172908114
including the,0.024416602861083363
commentary,0.024412635272117084
where the,0.02440831207050964
problems that,0.024399116805461453
are much,0.02438073129558114
hired to,0.02434327891671829
entertaining to,0.02429812608647729
conrad,0.02429775568999256
bath,0.024295356860984538
romance,0.02425991536003321
smiles,0.024249223408903665
done to,0.024231626917293757
game of,0.024158627845178474
adolescent,0.024139336518404084
you do,0.024064019546847754
muslim,0.02404583464371331
father is,0.02403227767728909
my own,0.023981874898865784
their life,0.02394215195562826
her out,0.023926514172367033
scope,0.023925684685278555
happened to,0.023923949446558637
writer of,0.023919082063629235
directions,0.023899343712469403
defense,0.023875654248541156
and both,0.023860750342382164
plans,0.0238428407465722
broad,0.023824213061402432
movie takes,0.023821376472452437
choir,0.023788900499806167
wielding,0.02377724430659002
the closest,0.023757417757404434
good example,0.023748307666310694
jokes and,0.023712568659078538
your typical,0.023684757762415402
coolest,0.02367096934178245
rich,0.023665174070867878
trials,0.0236580038131903
is portrayed,0.023623439703538997
awaiting,0.023622696390210775
pull,0.023612693277604672
push the,0.02357941333147945
that just,0.023561167792747757
borders,0.023536529943273234
mood for,0.023521717149154853
it features,0.02351652624376258
focus of,0.023515553435711156
help from,0.023507571641649162
with people,0.023419720108134708
blunt,0.02341325552012144
about love,0.023369230060914504
into an,0.02333843902319673
the child,0.02333592169610389
of view,0.023330563835674865
prepared to,0.023320305607356356
lay,0.023171811693362594
the extras,0.023169825783993347
approaches,0.023163430899832103
energy and,0.02315337891036767
will have,0.023010132728028144
characters with,0.02299427438357012
provide,0.02297538757693634
out some,0.022959471994124545
understand that,0.022890212471327016
an indian,0.022855652253652586
owners,0.022842897099665395
wrong and,0.022837279573396613
fought,0.02277546234997681
ferrell,0.022773563929701722
the united,0.022759600991475275
indication,0.022707301397800597
had lot,0.022646051291762902
his death,0.022615794847106473
broadway,0.02259030665190417
get together,0.022584666450521772
only ones,0.02255755755105858
and said,0.022556153662755478
sit down,0.022555977720957104
middle of,0.02252903180245624
right the,0.02248972275272465
over all,0.022444781704348212
will give,0.022318104484325665
hope for,0.022302022911191655
the amount,0.02228961641344987
the heavy,0.022282713213995622
character he,0.022272415549531417
to talk,0.022218719101827156
dislike,0.02221470776254083
door and,0.02221153395934581
that left,0.022185740526457227
euro,0.022131641444341002
for himself,0.022075622834972095
machines,0.022060813139070698
simply because,0.021936308691525606
just so,0.021926899943080003
directed by,0.021882801647340352
like said,0.021865112128560682
were at,0.021779561242189816
individuals,0.02170938987842589
movie only,0.02169629639224261
his later,0.021663976493500995
meaning,0.021590813260461847
charlton heston,0.021588395354190465
charlton,0.021588395354190465
further,0.02157250745349928
anticipated,0.021544166363778785
distinct,0.021540918937001535
the mill,0.02152805242712274
admire,0.02152597277547346
had something,0.02148023498836154
thankfully,0.021439115346966135
then go,0.021431132200285537
the soviet,0.02141894426280329
there only,0.021381930271575412
of years,0.02137687578943766
women are,0.02135824037478294
uncut,0.021326843677481864
shortly after,0.0213162210980659
mitchum,0.02130550780352852
remembering,0.021239453076372733
anything it,0.02117429017726682
tail,0.021165074375958742
line in,0.021130914423787513
know some,0.021087302867342356
bring the,0.021074355096656224
honesty,0.02106787387537075
intended to,0.021063798071591727
little better,0.021045439853089397
try and,0.021043960513982773
she must,0.021038513239290412
to further,0.021013335957195487
tramp,0.020985060950294218
caretaker,0.020952565376960542
discuss,0.020952011540677353
clint eastwood,0.020945715151899892
law and,0.02094455492989562
we will,0.020940404096476486
peak,0.020907696132144507
can imagine,0.020787473661321516
was movie,0.020756780098773006
care for,0.020747838247390165
recommendation,0.020744687706983976
what appears,0.020742836424880784
come true,0.02066708387835752
do what,0.02063526951321702
in theaters,0.020631896833426745
have really,0.020597435010234078
predict,0.020592520141789413
continuing,0.02058198977445366
so that,0.020581221480321005
gives him,0.020549858984055362
challenged,0.02053639871997618
acting isn,0.02047256485083773
book of,0.02040661061919148
centered,0.020389875915176752
you look,0.020370742406228357
linear,0.02035657807860861
to change,0.02027126554020876
one way,0.020269634013557514
beating,0.02025297010804987
have heard,0.020242047710578134
risks,0.02021725971059932
kicking,0.02018272672808909
amitabh bachchan,0.02016930244562972
not saying,0.020165841916305945
twenty years,0.020156714611086528
several times,0.02011655815816744
color and,0.020075326050208876
viewer to,0.020055240893649868
was his,0.02003989323386425
verhoeven,0.02002668849231501
sequence in,0.020015227093177577
it first,0.01992327756857071
checked,0.019860049401331622
schlock,0.019838653810644622
birds,0.019815988702212108
previous,0.019789241578011575
had never,0.019752272202190703
clash,0.019751165126925003
very short,0.01967262677840744
19th century,0.01959946263974149
turns,0.01951425311038484
and know,0.01949708030152183
indiana,0.019491430989164112
had seen,0.019464618901080297
selection,0.01946136254381274
character to,0.019442963127848323
conscience,0.019435869136165955
that although,0.019429672394320467
relentless,0.019418940033233714
oscar for,0.019417121123388874
floor,0.01941431693421091
zoom,0.019410317629637606
really be,0.019388544454328874
toby,0.019362485825952677
gung,0.019321927056493667
gung ho,0.019321927056493667
idea of,0.019320731219979476
ve just,0.019288292949309477
receiving,0.019281663618920603
end when,0.019269363806403674
years of,0.01920901076725909
salt,0.019198445433522
and sets,0.01918473184122064
the wild,0.019131865789941586
genre it,0.019106874793651304
charismatic,0.01908060100256917
about anything,0.019044220152380994
triple,0.019033909855846586
were in,0.01901425643537083
and turn,0.019001120719846526
that by,0.01899843591235447
hand in,0.01895003494210227
started watching,0.01889839378075753
by richard,0.018853064744972812
be all,0.018843572653322316
limit,0.018759590754397554
were to,0.01873313396687207
keep you,0.018725978153348633
and horror,0.018710495577642806
are forced,0.01869900151323507
raising,0.01868092690182375
soundtrack and,0.018650443781765474
and part,0.01864768668556249
explosive,0.018593102129361275
going down,0.01859182456780317
perception,0.018564561180337204
me when,0.01855025191731345
coma,0.0185257470485914
best in,0.01852532352115677
macarthur,0.01849211497588737
know who,0.018487554108376707
to control,0.018485939942809334
laurel and,0.018483433332435132
many films,0.018483174143152613
the jokes,0.018478463616718923
like real,0.01846775249648075
host of,0.018370315396663613
all with,0.0183471400231935
believes in,0.018306916878360877
replaced,0.018299517142257096
is strange,0.018294158610575855
with both,0.018290458727389255
are plenty,0.01826384933987698
cruelty,0.01822695280848851
budget and,0.018217690618001776
saw the,0.018161404799828196
stylized,0.018130397547399573
mind of,0.01811965950801354
hell and,0.018113509832557724
as part,0.018108773315330593
the tragedy,0.01806190997788574
composer,0.01802415019068373
still it,0.018013906944325267
goes along,0.017956316387794286
itself it,0.017920979606354272
you cannot,0.017909687221693036
similar to,0.017851750578538716
are several,0.017847371582671162
this from,0.017824746727437845
kitchen,0.01782123589514469
guy is,0.017815965098362373
to close,0.017807009959513374
chopped,0.017794560452675218
hardened,0.01779247875663345
and dance,0.01777587937869165
shared,0.01771149412178376
title brazil,0.01767396280618862
movie some,0.017616334594568378
was absolutely,0.01759389607742758
have gotten,0.017581759729415176
thing but,0.01757988789707001
good deal,0.01757839664608359
the suspense,0.017521243171570354
very talented,0.017470513442856002
crush on,0.017470171990953662
movie can,0.017469004434927084
what people,0.017453720111342875
rise to,0.017447687812015732
the television,0.01741396898481138
feelings of,0.01741011841750311
my rating,0.017398094608062444
swept,0.017364715101336966
applaud,0.017341840199365945
chooses,0.017320524671485194
having seen,0.01726832826874407
are simply,0.017223036838279936
and make,0.01720164573569463
she can,0.017200526568286408
gender,0.017172641728277295
go by,0.01717051824135699
didn do,0.01716498783776299
adding,0.017110226358617628
opinion of,0.01707729001106653
when they,0.01706198814763076
cast,0.017059422903323327
in between,0.01704446744587559
were so,0.017042068254271747
his mind,0.01696068064099584
harrowing,0.0169387258571377
films from,0.016928487617935528
guest,0.01692824393611469
would give,0.016899142954073753
and things,0.016898440069756146
rifle,0.016893813133165552
an end,0.01683286761459633
laid,0.01682495525724641
to actually,0.016821810503912335
nice guy,0.0168049526751234
they come,0.01679352286511082
check the,0.01676130863139071
been much,0.016741150231460396
himself in,0.016715135393761058
is clearly,0.016697416568177106
brooke,0.016598576545126385
hostel,0.01655530675751904
studying,0.016548291821869482
also like,0.016488318003053674
poses,0.01647121689412634
tension and,0.016459129855427013
connected to,0.0164588113558909
the odd,0.01642980785693225
giants,0.01640353465018031
set to,0.016379278469064985
by another,0.016370191200594162
seeming,0.016363583831426304
civil war,0.016334612630720762
interviews,0.016305204975392285
that shows,0.016286426937326216
interest to,0.016188575840573257
of music,0.016148275400751484
parts in,0.01608613925321844
thirties,0.01608116145692055
of star,0.01598708932868756
notes,0.01598260340117243
spite of,0.015981189356697092
hand the,0.015955187547347798
is there,0.01591889279408683
is exactly,0.015918288850692755
based upon,0.015904279562289018
performs,0.015896610868805477
in years,0.01589600530929883
view it,0.01588745763430255
create the,0.015876943644676258
distribution,0.01586482157542387
one thing,0.015818753541838006
three years,0.015808469934909156
slashers,0.015801251620853784
movies can,0.015647611908723668
that guy,0.01560155061510335
monk,0.015600641761281654
end and,0.015598256002081406
while the,0.015454837319331501
having been,0.015378162933107939
so funny,0.015345955265679572
course that,0.015339464937989251
lived in,0.015335777735504224
set and,0.015330274570149733
choke,0.01528481071830991
describes,0.015279962042305294
hell of,0.015269325495315116
canadian,0.015266214406295787
he becomes,0.015249869786296664
movie though,0.015201207372370967
me was,0.015200308835721031
parker,0.015134023118348907
because think,0.015057340550192271
movie isn,0.015040994022414945
warner,0.015040473452068725
hand is,0.015032861339583535
canyon,0.015006004436327212
the tale,0.015001733595261711
can,0.0149786945018884
forty,0.014960540189726527
grown up,0.014960262588165697
you wish,0.014953113675613723
charge,0.014949370313169744
city and,0.014946166210078505
concepts,0.014892270150100126
end this,0.014879933883332053
boat,0.01475211847465074
gibson,0.014750002821752786
down on,0.014738415428485915
film will,0.014724470560297277
truth,0.014712148909761628
it much,0.014665797639514692
in white,0.014665554974522415
have the,0.014658842168834946
at how,0.014611910458317511
characters from,0.014594102250245197
dated,0.01458143184780241
bleak,0.014553840694675786
would actually,0.01455148329353476
juan,0.0145055687413358
its very,0.014488041532981761
drugs and,0.014452763533630387
indiana jones,0.014410520045112453
justice to,0.014351704582350478
down from,0.014319898801401235
filmmaking,0.014279771365982477
seriously and,0.014257201959620316
as most,0.014233196426345152
gradually,0.014230792796098336
energy,0.014225057897323489
beats,0.01418474744155105
species,0.014178555248184566
proud of,0.014114547764254269
is kind,0.014079723871158559
that matter,0.014055169487718308
is playing,0.014000820252494902
two hour,0.013971251946282006
for film,0.013945079474418358
stooges,0.013942484933052638
know this,0.01394125183218082
mindset,0.013923042276245395
lush,0.013888346204316693
and coming,0.013850135953518776
union,0.01384264936408901
really think,0.013840526575125594
we re,0.013777554932100663
and thought,0.013760259132473177
son who,0.013730498460332051
crew of,0.013720803080392674
published,0.013718689758999572
follow up,0.013710281160754146
among others,0.013698515975366296
doesn come,0.013674909151405672
but its,0.013627118331599013
owen,0.013611953395014201
it reminded,0.013599716681696787
trailer for,0.013563433553971426
were it,0.013537185885718617
parts are,0.01353364739073732
scary and,0.013502694758818391
love affair,0.013448350279743077
with few,0.01342916360749294
soft core,0.013418101259923128
who we,0.013412347823087393
show up,0.013366525899529852
appearance,0.013357615009390403
you it,0.01334228305045328
of interesting,0.013327637119239578
stargate,0.013314007643914985
led,0.013298665012449244
cinematography and,0.013251691097371811
compared,0.013227348965280683
lifted,0.01322010617253821
two very,0.013219985174169988
the building,0.013215171247947922
she does,0.013172575974130069
the opera,0.013141651090920099
it must,0.013095112014240268
film debut,0.01309053409676001
end was,0.013071853821102907
at one,0.01306310331144067
name and,0.013058197683829377
run for,0.012973863007069512
movie or,0.012961276061251054
from those,0.01294020066918184
while this,0.012933440326088215
tongue,0.012907671541445917
gentlemen,0.012887044865882293
good plot,0.012886245917348098
people for,0.012871758905113162
good for,0.012839165383836003
invites,0.012811228689807993
african american,0.012691140070820714
travels to,0.012685701961496617
theory,0.01266946821251031
supporting actors,0.012667333342389831
we also,0.012631620171393687
takes place,0.01263107069653336
career in,0.012630152380951576
human and,0.012623538139941319
movie worth,0.012552461121237077
kill him,0.012518768186609141
farmer,0.012517192048068889
stallone,0.012482152962892191
sets are,0.01247927504043203
the park,0.01242043951181221
sunshine,0.012394240619989736
they ll,0.012332072429173583
like all,0.01229356366366035
one person,0.01227445248772935
tells him,0.0122348326388475
aside,0.012227834569081466
garner,0.012226501083682643
votes,0.012200453921428371
creating,0.012191446300257563
just little,0.012189041239978984
go in,0.012171258948282727
values and,0.012154787616154595
that day,0.012153110156315892
told him,0.01212793119662661
of history,0.012106357521479255
running through,0.012075203956056508
really know,0.012047579660817095
mayhem,0.012030107439052407
perhaps the,0.01201343668429737
dies and,0.012006366961583621
when people,0.011978903132517059
with high,0.01184722189981205
the love,0.011842881902516316
addicted,0.011838704569379618
stages,0.011835234190119037
publicity,0.011827906935565607
and get,0.011812869331934267
us in,0.01179936109608852
as funny,0.011780384517365116
you all,0.01176226705693613
had great,0.011729278731881433
just want,0.011723194607643034
in theater,0.01168292353840518
brooks,0.011637014506669359
rival,0.011623498865016782
pace and,0.011623406309454389
let this,0.011585348771984562
and lost,0.011555131819023026
capturing the,0.01149927220179596
surprised when,0.011498297315144726
on your,0.01149124480586453
1940s,0.011478647716751304
and real,0.01146427786621875
would happen,0.011398976871305894
it how,0.011386781069413269
conscious,0.011361422169811619
disorder,0.011357007334606253
mystery of,0.011304861073734209
written for,0.011303485275867463
fifty,0.011294605091402555
the feature,0.011255237496682276
suggestion,0.011217735126515568
cops,0.011210219125324631
ve already,0.011174220611678796
cyborg,0.011170410024161444
day to,0.011168554092158268
to want,0.011134976362261404
as such,0.011118103650994427
prey,0.011083458236803258
spelled,0.011050126898464145
states that,0.011026194355968438
by its,0.01099260934713945
britain,0.010981198260374511
she got,0.010955742861225649
left alone,0.01092811453357867
all there,0.010922250919402412
oriented,0.010915984129723352
closed,0.010899882443019744
been able,0.010892284706994817
contact with,0.010873772320189115
it instead,0.010866052350929849
heels,0.010858647299739985
him but,0.010831367231948826
down and,0.010738268243649046
uneven,0.010719319580038909
technology and,0.010703584308221348
in need,0.010669648126617262
will want,0.010645866087620144
der,0.010588961435026937
the face,0.010582293252115807
slide,0.010559941168074825
gestures,0.010517035895262266
about all,0.010516524258216793
factors,0.01048365469764665
obscurity,0.01047280364890872
so and,0.010470152675837136
carter,0.01045937415980081
felt the,0.01044123599514461
misery,0.010435998761857966
throughout this,0.010388839460950537
the fox,0.01038207582271534
cooper,0.010369938032227601
movie all,0.010369121207989305
version was,0.010368097774414796
can understand,0.010336413440801094
all so,0.010318444275061973
things like,0.01031543688623705
sympathy,0.010212598043480087
way there,0.010200885019034812
selling,0.010195361114692134
put to,0.010183153165386113
dressing,0.010178267669805938
lifetime,0.01013415892771396
consider this,0.010101960213086661
who have,0.01009127543663168
and seeing,0.01008716882273485
member,0.010051517170412815
deep in,0.010034946598252489
out but,0.010018084355515442
you see,0.009946591612278852
fall in,0.009941360951886672
the ocean,0.009920256468087417
paints,0.009870388530285237
acting from,0.009865691791081897
leaves,0.00984907725498453
in various,0.00982372636144605
henry,0.009768330374779846
completely different,0.009750265855958784
was far,0.009715059482450642
stairs,0.009712096947685161
bike,0.009700018748468119
instincts,0.009699845308893723
it there,0.009690315926644712
company,0.009686224326223814
that because,0.009679976021298204
are being,0.009649055387655297
full house,0.009647481995401825
found,0.009646842314595578
trip to,0.009610577718513352
kindly,0.009601546636133872
he finally,0.00959764401172156
romeo,0.009583825489527378
obsession with,0.009463498977360594
film also,0.009444252933375617
moments are,0.009437496175581058
reminds me,0.009425407641427169
bed and,0.009397857594868025
neighborhood,0.00939432382845466
which has,0.009286223977910138
centers,0.009262770497085755
escape the,0.009262118540820756
cruise,0.009257585919957722
rather than,0.009201372765993998
stole,0.009192708612255402
arrest,0.009179684583909768
will become,0.00916492097598619
thought would,0.009148607579559851
outing,0.009136902431882022
backwards,0.009132472711399208
from that,0.009108236248710785
funnier,0.009095114648710444
accuracy,0.00904697099671397
feel to,0.009023828785568313
dramatic,0.009007658461000486
of girl,0.00899151938405718
likes to,0.00898753801540072
really doesn,0.008974341400247662
an evil,0.00894287701810134
might want,0.00894273496159009
hundreds of,0.008931640978695842
and wish,0.008882623079203861
of many,0.008865530154735615
just about,0.008827985361508058
trial,0.00882083174170801
the topic,0.008786879435897357
too and,0.008778639539668145
continued,0.008762479025354456
was thinking,0.008738186685150317
footage from,0.008731210567079898
ignore the,0.008718436034950974
and music,0.008714061007197833
think was,0.008682232383882986
had ever,0.00866980998757792
this are,0.008655449009439561
place the,0.008602876139863347
millionaire,0.008573126451448173
to reach,0.008570744516769533
that look,0.008546869001357546
to focus,0.00851272604722913
being one,0.008503091655355
that these,0.008488630192478848
time this,0.008451350963290763
wind up,0.008380128856455126
hard time,0.008359019915780612
bullet,0.008328621149819417
is running,0.00829612284184754
of not,0.00828389772568609
popcorn,0.008277185847158634
iii,0.008234066958071901
loss of,0.00821583691106741
ward,0.008198589272392805
poverty,0.008191909683477216
16,0.008144493717220674
facts,0.008135986409790456
someone in,0.008129552150694079
release of,0.008094350819755994
my view,0.008069676230545789
the bond,0.008063824812407359
has more,0.008054945175726762
host,0.007997404719062648
incidental,0.00798381448999373
even when,0.007977349832978084
good things,0.007885834223207652
and tell,0.007882341283239029
rely,0.00787231464534697
in what,0.007857677041908836
it into,0.007844222266801032
that where,0.007804808569390959
do you,0.007773019920299079
glenn close,0.007760908904663053
buffs,0.007707903208399279
aging,0.007695742492845141
how hard,0.007694127716452016
things as,0.007667198110427809
every film,0.007647781092860956
cat and,0.007639846999104766
with my,0.007592024364011004
falls for,0.007590200572425812
society that,0.00754628307969197
underwear,0.007518775407261712
part and,0.007508749994270629
timmy,0.007484426538271652
film version,0.007463259551345275
throughout and,0.007432501596691402
was going,0.007423580646728332
bits of,0.007401544184377486
increasingly,0.007394642107356951
of old,0.007368788446755843
member of,0.007363742199662986
he brings,0.007324876124360533
technology,0.007306623567595452
1950,0.007270694250544753
have much,0.00724746131141778
just happens,0.007231443602583367
peculiar,0.007225262944214847
method,0.007192187693636451
creator,0.007187669459161196
101,0.007131595787775864
glow,0.007130992125125027
score and,0.007129450854981091
say was,0.007123812931077519
improved,0.007103101278918244
be happy,0.007091247827861821
lena,0.007045413646612892
doing the,0.0070249041951762955
released in,0.007005227048344861
20th,0.006769375547799762
ex girlfriend,0.006755631717765179
cruel,0.006752055866880124
ben stiller,0.006728980227868698
were doing,0.006722474035489163
letting,0.006718255361078178
arrived,0.0066785754591156335
from scene,0.0066627200854073735
primarily,0.006654626039104952
of comedy,0.006652466505657681
but my,0.006624257194690284
the store,0.006619651169473064
this doesn,0.006601976666278448
closing,0.006591349292264982
in comedy,0.006571582284006602
mills,0.006500875485801961
much that,0.006496928221545557
to direct,0.006481401684205417
adopted,0.006476727608332187
girls in,0.006473246998264621
slave,0.0064649687167224355
think is,0.006463311014594397
are way,0.006455997743736286
just get,0.006453931850432493
the team,0.006438735115058348
again as,0.006427724160432128
complete with,0.0063836149552789715
to its,0.006357203775170699
the subject,0.0062540591054489674
see where,0.006194506476627784
crushed,0.006171105672089592
kind,0.006160522960625607
lines from,0.006140001564730302
his life,0.00612154559823933
deserted,0.006117203538324621
florida,0.00611524166276793
both in,0.006053414410778933
involved,0.006017421893252644
who actually,0.00600733696183815
toni,0.006004367329206738
motion picture,0.006003917578465131
for second,0.0059457147205611354
pops,0.00592196898682416
starts out,0.005900219806938611
the prison,0.005885484547921569
facility,0.0058517948519316125
new characters,0.005849592023130328
mention of,0.005753361859132078
they use,0.00574265583994837
classic the,0.00574025958489908
paltrow,0.005718971886938305
with most,0.005718757029250991
fact the,0.005672020334535999
an accident,0.005637328131500206
sporting,0.005622703818367101
lean,0.005611418601080484
gear,0.0055780646464548885
idea but,0.005573221399556007
blind,0.0055075098737883
re looking,0.005464816447905337
and highly,0.005315897424022254
stories that,0.005300868793009091
there more,0.005299216939547653
in early,0.00512505354926414
overlook,0.00509745618729226
comedians,0.005066414317620554
it sounds,0.005022486204800449
fond of,0.004978818319853931
described as,0.0049127389927191515
misguided,0.004901475818763766
accepting,0.004901355017783513
and decent,0.0048664517729404356
theodore,0.004863454948419306
an emotional,0.004795929613403333
to wear,0.004757206533746007
that why,0.004739655709314235
who still,0.004724837512500395
parker and,0.004721676751526566
film only,0.004718661131603027
in at,0.004695150989019001
with life,0.0046799143548216715
same year,0.0046769064168729795
invisible,0.004614584836604037
greg,0.004598253853431955
dubious,0.0045871806020071175
frankie,0.004579861896594451
there aren,0.004529672231435566
prepared,0.0045216317713339975
highest,0.004517057100284189
question is,0.004494352261390678
additional,0.00447852063461811
me in,0.004416137218164558
things and,0.004398864098784602
the reviews,0.004392285492018356
is out,0.004374505878830167
can stand,0.004331632736979089
comment on,0.004308847416037226
funnier than,0.004272786865741368
ingrid,0.004230499095404806
upon the,0.004120474691555695
end is,0.004117569040707855
are of,0.004097324944690955
me what,0.004070038075602527
and scenes,0.004057745780330809
but again,0.004047248176345863
span,0.004018320749368111
old for,0.004003014669784927
left me,0.003978840490126242
that sort,0.003938454547928545
would want,0.003938051277210612
is without,0.0039107185718392865
esquire,0.003886689218186388
mankind,0.0038792482198401713
venture,0.0038782657920160717
lots of,0.0038490047636905106
and dark,0.0038483601444280514
the remainder,0.0038123600784143933
drawn out,0.0037980334761623714
for giving,0.003774198766966986
speaking of,0.0037716864920836163
other is,0.003739017417921914
note the,0.003708011252019164
ties,0.0036437603901485188
all bad,0.0036375058919957334
man has,0.003586120428292012
me for,0.003583900446700424
from and,0.0035541957330226218
movie again,0.003543516324525559
be bad,0.0035093551707679337
and direction,0.003506948882049102
thing he,0.003493708023975528
in spite,0.0034889943500848336
jobs,0.0034093911936064966
lands,0.0034035871996274817
is shame,0.0033913689746901303
no such,0.0033856393486166045
the super,0.003375408395241854
spike,0.003267680733876888
vital,0.003206168765486557
they ve,0.003205077945690882
among,0.0032029804766837435
and charming,0.0031734718458174835
himself to,0.0031422456173803635
many other,0.00312482452137187
will like,0.0031212724822368802
jaw,0.0030464135225308662
razor,0.003044676640665358
louis,0.0029857852475424144
youngest,0.0029689591193779907
billy,0.002953603848226963
know you,0.0029257175367606194
child is,0.002899579249579046
lubitsch,0.002892409768042263
resist,0.002819158403698107
but ve,0.0027610925133792897
her father,0.002727269431269823
and talk,0.002722501275315021
photography,0.002690620733581798
expectations for,0.0026825798427348346
excessive,0.0026296095808198915
around it,0.0026131398934980676
year after,0.0025123501392458917
as woman,0.002454713803709453
out he,0.002431177342981401
just wanted,0.0024256878673446537
to cry,0.0024252443139794492
to forget,0.002343460749426726
list,0.002331633633029961
represent,0.002325776359296321
ninja,0.002323157562349531
can come,0.0023160713630004095
before or,0.0022489660983740496
within,0.002192249532529087
breakdown,0.0021610292262317626
serving,0.0021351995404202025
way,0.0021220056602681415
legion,0.0021142912656186307
times of,0.002099636256410016
hero is,0.002045011543749556
past the,0.0020405911079699776
it the,0.002024672024316271
have put,0.0020067400313720715
of each,0.0019686223941066277
him when,0.0019578352732782947
1949,0.00195671121282905
one could,0.0019324533232006264
exposed to,0.0019248137968248288
your life,0.0018930448539308782
the charm,0.001866347244846767
collection,0.0018646423333344515
twelve,0.0018594885265665886
be the,0.001858228431022005
newman,0.001858158974669586
of mystery,0.0017909870666988751
all,0.0017750129097517918
almighty,0.0017653869265055536
rivers,0.001717848449094191
sex and,0.0017020859208434628
people he,0.0016979181486356941
girl who,0.0016898493933058109
token,0.0016629572045134971
the uk,0.0016526938195295308
drink,0.001626355575363119
every bit,0.0015905215172668154
happened the,0.0015714702001882288
love of,0.0015486313850003421
problems the,0.0015057550951678928
is decent,0.0015011081864791268
nations,0.0014491570279590855
father was,0.0014431380626990064
it since,0.0014398399577772486
hearts,0.0014306913723068381
though as,0.0014298335437734559
travel to,0.001380930837758588
people who,0.0013616811833029644
reviews,0.0013431979288865284
truths,0.0013105029946234004
been given,0.0012800717900308648
payoff,0.0012470597601889914
brutally,0.0012082050062847054
viewers,0.0011687070695039952
25 years,0.0011451019747515015
directs,0.0011364741470942079
family but,0.0011224690023338014
films it,0.0011036049152322236
before his,0.0010774810171426006
while it,0.0010689384728747105
twist ending,0.001067095781512815
the computer,0.0010456975644775686
through his,0.0010446072064510502
can they,0.0010379148803114015
estranged,0.0010355430371230534
hope the,0.0009139385466906446
caricature,0.0009103178218572965
hell out,0.0009029039654636741
are at,0.0008969839149272514
examination,0.0008744592172195617
action sequences,0.0008608930198200022
are done,0.0008255178862997336
justified,0.0007621478976175564
wishing,0.0007506622951272458
appears in,0.0007319468954649962
being the,0.0006963311154691918
me want,0.0006890311344848643
you did,0.0006618019587385272
the outside,0.0006552993419836782
enough the,0.0006230202093571755
arnold,0.000608267608606949
all she,0.0005806961947575676
almost everything,0.000534266707505349
overall the,0.0005333939067164672
with two,0.0005127005723605282
dealt with,0.0004995959943102795
and keeps,0.0004868242889292404
with nothing,0.00048522196832377856
from here,0.0004717939326299797
get your,0.0004675546829747797
bothered me,0.00046411559962908323
to date,0.0004458789601938387
humor that,0.00041498063484924106
movie think,0.00039993631579454545
will also,0.00039952573449827386
to america,0.0003495366527383885
terrorist,0.0003453132296003913
are meant,0.00031572275127390875
cliched,0.00030912972012970435
other in,0.00027593804247832423
businessman,0.00027131649823299464
me wonder,0.0002608586180692852
clues,0.0002367474723437284
films in,0.00016068119067213984
plan,0.00015026386651519156
firmly,9.49458787530691e-05
compare this,5.8172022870428856e-05
were supposed,5.6386822701755095e-05
candidate,5.3893068283680556e-05
garland,4.552125321100335e-05
she was,2.1938659090685667e-05
immigrant,-5.7796624731229354e-06
ignored,-1.3086229169833436e-05
film ve,-2.5919140891785767e-05
was obvious,-7.60575779881169e-05
second film,-8.562792863565317e-05
never have,-0.0001033761029492155
is their,-0.00011446701952123994
determined,-0.0001471045592577169
suited to,-0.0001514213341046313
this long,-0.00016157677094631837
movie started,-0.00016647873813699504
it she,-0.00017294582725697644
installment,-0.000173665794049577
fifties,-0.0001737653505320681
running from,-0.00018706147853111223
remember this,-0.0002191272123493313
is similar,-0.00022197724632487884
ever get,-0.0002450648452785956
the baby,-0.0002934903020668158
guy from,-0.00029352392873601346
exploration,-0.0002948161084415589
sympathy for,-0.0002984195990613505
she could,-0.0003147981319251415
sight of,-0.00034949778464644736
appearing,-0.0003552666243640688
as very,-0.0003896075275520418
legitimate,-0.0003937380096795467
biker,-0.00041436563196469323
was hilarious,-0.00044653779943329896
behind the,-0.00044668252133308044
some real,-0.00046060237397495057
be and,-0.00048227380964131175
have you,-0.00048526860326040795
butt,-0.0005009249922788335
jealousy,-0.0005528275910706307
as real,-0.0005579633586241398
ending is,-0.0005786803176792189
historians,-0.000633183329659625
promises,-0.0006521089912452453
enough it,-0.0006899899173760858
is over,-0.0007024939775390707
raise,-0.000711241670477731
slightly,-0.0007161138702045365
movements,-0.0007411995431996734
are one,-0.0007536856177584704
people you,-0.0007848202868840824
the kid,-0.0008475778080568963
photography and,-0.0008850868418414141
girl with,-0.000913466478422634
comments and,-0.0009501217620847039
guess what,-0.000957159312303605
writing the,-0.0009613620485158334
mission,-0.0009636225776579455
and every,-0.000991852303277215
villagers,-0.0010136934177473673
responsibility,-0.0010395626338054694
meal,-0.001105405881916345
that felt,-0.0011409873935466018
just before,-0.0011613577005382422
realizing,-0.0012214383645860346
finale,-0.0012261685345999692
told that,-0.0012443630906118796
the well,-0.0013164106393471606
sappy,-0.0013451223183899787
disappeared,-0.0013603994250629126
the morning,-0.001382491304777833
jameson,-0.0013932000418228102
and as,-0.0014171921879322204
him back,-0.0014247022838064878
or an,-0.001425564451838614
here for,-0.0015175880709878747
shouldn have,-0.001561527664804276
flashy,-0.0015670664117629143
something of,-0.001570944910432327
together for,-0.0015797210247150697
strings,-0.0016457199156676126
given the,-0.0016487775300360076
his body,-0.0016902923919781543
as some,-0.0016926928907907161
second season,-0.0017007047564871103
attraction,-0.0017134470272602963
siblings,-0.0017210836824162901
she made,-0.0017734697118318933
movie by,-0.001783373164264788
western,-0.0017996054255330293
nice job,-0.0018425069938063545
and bring,-0.001851855366087297
with all,-0.0018992491459254553
probably be,-0.0019074875948191057
the fake,-0.0019263827428064864
married to,-0.0019294560270325261
the low,-0.0019637571415008852
and jack,-0.0020055337306332933
end in,-0.00201651069413695
invented,-0.0020402093185373305
guard,-0.0020462492973002313
don make,-0.002082531956881675
the times,-0.0021319794551738006
partners,-0.0022279420766989216
bubble,-0.0022632168640413283
we got,-0.002265232270985549
laura,-0.002289370244845885
the event,-0.002300516629645907
20 years,-0.002310108374789007
happen and,-0.0023742300300658883
feeling that,-0.002398337088543391
league,-0.002446071946553628
screen with,-0.0024663446281628846
frontal,-0.0025157407218933435
was intended,-0.002543783139718582
to solve,-0.0025557323456874476
cortez,-0.002556950582801522
the table,-0.002612302349404085
the movies,-0.0026397756615293413
but few,-0.00264719262682491
see something,-0.0026754710528797236
arrogance,-0.0026884757753678785
seen many,-0.0027179348657499734
to send,-0.0027228736136104734
but since,-0.00273528892471076
26,-0.002761077506246001
protection,-0.002762131051701574
the courage,-0.0028040095585657055
nerves,-0.0028081048250787675
him because,-0.002809387140315607
screen is,-0.0028139936389747714
apartment and,-0.0028493418447163416
freaks,-0.002859764998129952
second of,-0.0028799475647290134
but all,-0.0028907873644903968
writing was,-0.002981441765991493
for sure,-0.0029923197216360073
texas,-0.0030227394084825264
scenes in,-0.003047513809666457
and remember,-0.0030562660275040903
audience it,-0.00315245467369425
woman named,-0.0031941113743028894
rant,-0.0032205559661997772
soup,-0.0032290088532792114
characters,-0.0032436000413048017
insightful,-0.0032795641948474077
is obvious,-0.00328398051102046
merry,-0.0032972171279161246
back the,-0.0033147852294438686
gloomy,-0.0033415859639569783
safety,-0.0033673332238805943
stuart,-0.0033776747736864736
tapes,-0.003392439152432168
harder,-0.0034179888235562486
us all,-0.0034290159905367313
lot and,-0.0034457265495915273
can and,-0.0035141561316753677
anyway,-0.003519889406520734
however if,-0.00354942339177025
more than,-0.0035910904446176325
was once,-0.003614539255661352
she has,-0.003615160808078481
got his,-0.0036435493195680216
pirates,-0.0036449418441528293
dreyfuss,-0.0036460907026868096
and unfortunately,-0.0036644864969928156
she might,-0.0036726321487024678
to these,-0.0036732255508833784
on our,-0.0037062032145848797
the price,-0.0037309937994565
admirable,-0.0037429751338673867
this had,-0.0037581650975158356
perhaps it,-0.003781469930011892
spoil the,-0.003801455034768506
in australia,-0.0038014586091990356
burned,-0.003839739851803497
1982,-0.0038651085040301474
no time,-0.0038879687929972515
exploring,-0.0038977781894599423
all their,-0.003929562825675797
bare,-0.00398215588733737
plays his,-0.003988414759915322
little or,-0.004018741384323495
tank,-0.0041174405462899985
the victim,-0.0041325146079594895
info,-0.004148130436850819
he hasn,-0.0041647190651406835
like there,-0.00418737475976897
could find,-0.004206352428767759
is fair,-0.004225103639685045
good laugh,-0.004295650004525887
with every,-0.004320906784821717
to shock,-0.004327342166290312
who live,-0.004334923328487973
warriors,-0.0043461153284808625
lens,-0.004349094747554314
the look,-0.004418649323834647
considerable,-0.004427258291675751
woman with,-0.004492047979764075
heston,-0.0045157148236474685
israeli,-0.004531581884615585
ll know,-0.004541527675255544
all its,-0.004574080653163368
an intelligent,-0.004582398875672252
observe,-0.004636468997631857
is unable,-0.004660354835952925
community,-0.004678954065651943
the world,-0.0046937733947682615
applies,-0.004699325644155195
casting was,-0.004707904581384558
young people,-0.004708072963560373
by some,-0.0047111213847174475
give us,-0.0047708466993430015
richard widmark,-0.004778186773333204
birth,-0.004816502672610256
many levels,-0.004860798184827216
isabelle,-0.004949160433898012
for help,-0.004959896912226552
point and,-0.004967299426252629
them he,-0.004976625323272879
how is,-0.004978346541301109
the drug,-0.0050542719674202125
demonic,-0.005056260415132805
every episode,-0.005057820208468452
ing,-0.005074050897399198
have eyes,-0.0050832150956559696
hills have,-0.0050832150956559696
on such,-0.005103259170020207
realized that,-0.0051061933387989335
lower,-0.005125797960307295
years old,-0.005157769732610385
has very,-0.005175041767076569
starting to,-0.005182553011327901
kids are,-0.005199897722712945
it look,-0.0052043106261321385
existence of,-0.005218266571565776
friends are,-0.005240206260111569
is set,-0.005241054802403062
are shown,-0.00524221029503736
encouraged,-0.005242923359270474
turn up,-0.005243896594822825
turns to,-0.005249819450087401
and lot,-0.005255788049504164
remind me,-0.005330823109668006
bit like,-0.005361768343965469
defies,-0.005423389126701365
relatively,-0.005437855481615031
make one,-0.00544442922032365
biased,-0.0055163786401768965
woman to,-0.0055240458927817895
capturing,-0.005633845749955601
end but,-0.005675913493306466
depicted,-0.005680628785973922
both the,-0.005690373639772358
immortal,-0.00571838418950685
about three,-0.005754935781774097
hires,-0.005790454754725953
hot,-0.005792208036327807
not going,-0.005795050212732843
those two,-0.0058212974745493785
gems,-0.005832056727474577
the church,-0.005865733639270927
other and,-0.005978108438487992
first few,-0.005996553421458043
sexual,-0.006025740605336746
despite being,-0.006052176256494107
the wedding,-0.006058549239051717
and finally,-0.006070672217154856
faces,-0.006088873709879355
cast in,-0.006120904956179865
funny at,-0.006134623377026368
defend,-0.006177410519075161
nun,-0.006179081495597519
have easily,-0.006188323617498706
readers,-0.0061897188470860075
still had,-0.00619874296815746
of movies,-0.0062235367143632404
be little,-0.006235969531525073
nuts,-0.0062730039793581415
parallels,-0.006292737946538865
narrated,-0.006311108300797079
his family,-0.006341938176936849
inclined,-0.006352178618787878
not real,-0.0063711178001273246
any time,-0.00640872903102349
film shows,-0.00643867990408064
fog,-0.006462905751462011
opinion is,-0.006463529874551782
90s,-0.00647790920859883
two young,-0.006498718405837131
very disturbing,-0.0065171240828347295
the school,-0.0065573978794617
associate,-0.006574435148499579
to school,-0.006621347571275137
experienced,-0.006647014018850603
immense,-0.006692425695458698
whether to,-0.00672040948319356
an anti,-0.006730939044357809
job the,-0.0067451633171455245
the mad,-0.0067826931720846
attack on,-0.006787057809574521
guilty pleasure,-0.00680575703135043
west,-0.006842231458316039
filmed in,-0.006842410637110294
have noticed,-0.006850423325807293
get rid,-0.006851285938211956
what would,-0.006898854772366548
men in,-0.006920159172401136
seduce,-0.007169659170131506
mini,-0.0072002490390407495
childish,-0.0072109707546676016
statement,-0.007227831434800183
period of,-0.007292140452422992
and can,-0.007305627633381913
unaware,-0.007390274179838824
mean that,-0.007409952400713401
the writers,-0.007473053954628535
with but,-0.007534402029441561
matter of,-0.007573430347640931
up their,-0.007610972107285185
spite,-0.007623686007709378
for just,-0.00765485158440957
his hand,-0.00773895193046408
itself was,-0.007759834738189958
repeating,-0.007790020319625908
done on,-0.007790364143022689
the red,-0.007834771411234003
why are,-0.007866963891643514
which made,-0.007881643530304128
pros,-0.007905361324199795
and become,-0.00792817289651517
home video,-0.007946384047156497
goodness,-0.0079767910016148
whore,-0.007995038248294508
glimpse of,-0.008023545689875877
destroy the,-0.008038911121273702
need it,-0.008096743473371143
lurking,-0.008108818792267268
that someone,-0.008122729816256365
to raise,-0.00818871556602364
down with,-0.008203230752865356
to good,-0.00822236258943706
mate,-0.00823557229423603
the conflict,-0.008236878890540656
danish,-0.008259094529270842
psychologist,-0.008292306033425513
taking the,-0.008317065638381874
two is,-0.008344820109823797
bang,-0.008346436463110276
funny,-0.008420373516613976
it off,-0.00845248080052688
tv shows,-0.00853257507846675
drops,-0.008557338735936391
when all,-0.008559727281236081
movie made,-0.00860769395278138
angeles,-0.008631576060436803
los angeles,-0.008631576060436803
but do,-0.008694199667106887
the audience,-0.008698737364890113
menacing,-0.008741832962838099
it remains,-0.008769462369855874
best way,-0.008820002827165725
kim basinger,-0.00882461603065122
going into,-0.008826584436859363
displays,-0.008868561838271852
after few,-0.00889684396026114
at home,-0.008904751911001587
myself to,-0.008916894690589615
kids in,-0.00892324458886549
and yet,-0.008948239066996915
has just,-0.00894979674136512
listening to,-0.008952090594737108
and tries,-0.009011714027419971
put the,-0.009016237418874253
right but,-0.009020242877338906
beyond the,-0.009093537985099756
film all,-0.009110976008085848
quality and,-0.009191767242667752
to portray,-0.00923837827998157
1974,-0.009242764568030854
for their,-0.00935202083627339
are used,-0.009367705077749281
too is,-0.00937199582831766
that happen,-0.009378169929871427
sense that,-0.009390717727126997
have used,-0.009404758621455966
them with,-0.009430521602738728
acted and,-0.009495844473492974
neck,-0.009506783643143587
while trying,-0.009516458008146522
his films,-0.009526193905985324
this to,-0.00953159397179573
are an,-0.009608384534489927
respected,-0.009614419547567206
really make,-0.009621829004689863
was about,-0.009646247959650541
likewise,-0.009668163848385172
the leading,-0.00971478430185556
say is,-0.009757522887142501
is said,-0.009767707768516123
souls,-0.009787269350121617
being shot,-0.009828621280980906
stage,-0.00983003044179686
else the,-0.009830981208923775
produced by,-0.009890083530689807
and only,-0.009903860455833179
finds the,-0.009908468176738457
craft,-0.00990870948828219
steam,-0.009910120634271394
film so,-0.009924284791518908
legends,-0.009949290052576597
paris,-0.009968995121709899
another of,-0.010035591781639958
farnsworth,-0.010049130268839055
its flaws,-0.010066622241371958
on fire,-0.010075831026776696
whatever it,-0.010136107225165687
preaching,-0.01017279265393322
of god,-0.010181112242537977
another thing,-0.010209059009262174
interactions,-0.010217731670461739
that maybe,-0.010227469222214921
the magic,-0.010249040530291601
only in,-0.010274091553704406
off their,-0.010286791949587502
one there,-0.010339012290785236
promote,-0.01035857718429626
opportunity to,-0.010376752448991746
there but,-0.010381352788885578
science fiction,-0.010401253859404578
to who,-0.010403730852091835
scene but,-0.010440605830916804
effects that,-0.010443301444446981
ray,-0.01047114819354042
that is,-0.010473858121800123
her dad,-0.01048716768810373
relating,-0.010528902211063288
the parts,-0.010529546661544152
oliver,-0.010549268976336741
linked,-0.010669992603264846
conviction,-0.010720739950462181
room and,-0.010728489120582857
is huge,-0.01073161407334225
these elements,-0.0107456829322205
rented the,-0.010753956515817224
for most,-0.01076404882048714
if only,-0.010817574876730943
classified,-0.01083773562905855
sympathize,-0.010837954011717988
things are,-0.010847857115490009
public,-0.010896663197154094
old,-0.010917485908684337
out who,-0.010931465754438477
to overcome,-0.011060872343973236
it probably,-0.011085939124543845
ll just,-0.011090349068103597
20th century,-0.011108946742312473
starts off,-0.011155810698664234
find in,-0.011171373209811486
and an,-0.011253383964044086
is short,-0.011280602398502076
million dollar,-0.011302719094523893
ignore,-0.011313839723882372
the missing,-0.01132574248442318
beg,-0.011335886443950031
the stage,-0.011354599962218697
knew this,-0.011381175486946957
chances,-0.011384750691434272
get involved,-0.01138884816291501
um,-0.01141181094994913
car and,-0.01142898478289567
works of,-0.011456464607112344
designs,-0.011481192847141218
held,-0.011507050038213595
and looks,-0.011616429678777936
trio,-0.011674883420081352
agony,-0.011697326573393682
head and,-0.011735129639417183
stylish,-0.011745446010703518
casts,-0.011809871571256122
rosemary baby,-0.011882732606677202
mill,-0.011884186114255856
alcohol,-0.011887830962761966
brother is,-0.0119215790687476
do have,-0.01204733365806331
locations and,-0.012047753363138741
boasts,-0.012084476336253458
cover up,-0.01212543062689406
wonderland,-0.012161385433657454
you still,-0.012163890549169366
and overall,-0.01218549895154434
bear,-0.01221818350117522
bruno,-0.012234656823023746
gained,-0.012252561185014818
the cold,-0.012297974630337521
200,-0.012381453034209565
by everyone,-0.012386961684919748
movie from,-0.012415038793667463
filling,-0.012487834855617627
what mean,-0.012502806522242886
the sun,-0.012517848148766244
doesn mean,-0.01255437919613077
of disbelief,-0.01257950994463431
want the,-0.01258356715815805
the shots,-0.012588674760075282
to identify,-0.012609526088953053
suffering from,-0.012659254659302037
but doesn,-0.012671607490019745
no less,-0.012680472923101616
assault,-0.012686632137646417
ambiguity,-0.012707733651033457
the band,-0.012709862659771079
together with,-0.012711511369861843
be sure,-0.012754320489624037
is love,-0.012769585943067955
beyond,-0.012773318709821638
which also,-0.01281263755511497
have taken,-0.012838693759358864
more believable,-0.012843070354187497
miracle,-0.012846770494029939
not read,-0.01288681337638228
it happens,-0.012888538835336456
had more,-0.012895934235897322
are as,-0.012911968558313539
here this,-0.012914858214048619
in school,-0.012945982276087122
comes in,-0.012973573846855402
richard attenborough,-0.01298339193588105
to why,-0.01299143900336004
and back,-0.013013138930160636
you but,-0.013017399861291759
first it,-0.013030682843484723
hating,-0.013030856138110966
reputation,-0.013060642549912554
he gives,-0.013061089596884776
bogart,-0.013104084784032749
director of,-0.013133923360410242
all other,-0.013168673019795662
suspicious,-0.013172744991651168
come close,-0.013190222259770481
plus,-0.013202471081390103
time was,-0.013219276802538425
on my,-0.013287484836878069
lady,-0.013294151134676151
the situations,-0.01329921816024804
attenborough,-0.013344416361897826
it away,-0.013361360988979101
not but,-0.013371870142512055
on which,-0.013391038386166284
marines,-0.013403287107280662
paula,-0.013408552600141429
made so,-0.01345780677602112
out all,-0.01347089063279943
way we,-0.013487620485043912
realized,-0.013507323263063567
video store,-0.013518246518749538
done by,-0.01356494897693316
unfortunately for,-0.013638882609870246
of sudden,-0.013656807989600582
it true,-0.01374179432096897
17,-0.01377509011399519
explodes,-0.013780702197424556
10 the,-0.013787643623601485
abilities,-0.01384821656553689
to lose,-0.013868286268021774
story so,-0.013868859044652864
can take,-0.013914875129392682
ratings,-0.01391505037747024
drawing,-0.013989563779577226
of ten,-0.014003614390276602
take him,-0.014028403859344462
the murder,-0.0140307359119458
studied,-0.014045100985821051
cynical,-0.014047915777348662
the hot,-0.014060676476830547
course there,-0.0140668263154571
ensure,-0.014072368885245226
film then,-0.014117530428288717
pans,-0.014132895419186131
expected,-0.014184282556185163
quest to,-0.01420571957778515
or more,-0.014224087570644119
books and,-0.014244299314743256
sick and,-0.014266047500576242
fairly,-0.014317318958684619
another and,-0.014328862065146003
director john,-0.014349758890775098
shame because,-0.014365902036648632
cute and,-0.014466954038411067
ending in,-0.01448797010867974
and obviously,-0.014503050583897753
bounty,-0.014507494195195684
domestic,-0.014537231708586016
suicide,-0.014540936049807237
be in,-0.014590035228932867
homosexuality,-0.014624025659364579
tell us,-0.014646506392596006
does and,-0.01467564992883199
captured by,-0.014698967377131153
these were,-0.014714792317679453
element,-0.014721801982123386
those days,-0.014727964885592257
put up,-0.014755068636886248
all can,-0.014756006662888909
flag,-0.014774152043720767
photos,-0.014774476655994778
something so,-0.014778589732360311
ex,-0.014805236862499927
begins with,-0.014819506888933109
to swallow,-0.01483733876387666
mentioned,-0.014847447331732178
after you,-0.014860929115902028
common with,-0.014863088385994826
ends with,-0.014870029028587896
glimpses,-0.014891102055544581
two girls,-0.014931691582669727
competition,-0.014960734839333537
hines,-0.014968496487686228
minutes but,-0.01499087006359563
had such,-0.014992328113803188
de,-0.015002450828391719
claim to,-0.01501215952082374
end they,-0.015034230615802854
get past,-0.015088276277416584
for comedy,-0.01509758334587084
figure out,-0.015098167042399507
then we,-0.015119056001341993
household,-0.015119812317701641
itself in,-0.015133692485180308
ready for,-0.01516207189173958
succeeded,-0.01516282439173642
be found,-0.015211089109568107
the will,-0.015243653537120108
demented,-0.01526966289110579
early days,-0.015286190481502634
rich and,-0.015329337565312594
the closing,-0.015339098078353477
and put,-0.015350041959838067
in role,-0.015365369345385292
driver,-0.015375462833379032
leaving the,-0.015387442574416653
colored,-0.01542965805026677
so there,-0.015450236657014092
of any,-0.015457865316651685
blamed,-0.015460994004925118
ability,-0.015462323466132402
idea how,-0.015481148957894578
truly one,-0.015491056174273321
chill,-0.015542101458468429
insight,-0.015550590571237937
listen to,-0.015574477108697854
pound,-0.01561558947307307
carpenter,-0.015624802329166486
and better,-0.015660350199258807
least that,-0.015666317763233285
australia,-0.0157180404337805
quietly,-0.01577882256196117
matches,-0.015780703296231574
light on,-0.01580528742103826
an abandoned,-0.015867888153812036
of child,-0.015909076191682584
is lacking,-0.015920775731635344
also think,-0.015927800205461976
the evil,-0.015972925664120383
small part,-0.01597615601018462
than it,-0.016040713089964985
all right,-0.016046725241179834
belong,-0.016069283476532883
then when,-0.016081598251269424
and violence,-0.016090579219610764
limited to,-0.016116006756336596
by and,-0.01611622205697056
regard,-0.016118898395055616
this scene,-0.01613249475278105
reluctant,-0.01613292813236671
to hollywood,-0.016161515381776723
local,-0.016197662102449214
kate,-0.01620199751222592
but perhaps,-0.01620531849694703
1991,-0.01622075211170096
re watching,-0.01624046482450994
at their,-0.016267778775335407
is enough,-0.016322956622531925
long after,-0.01633027816539195
or three,-0.0163645402830852
times that,-0.01636714603565545
but nothing,-0.01637226970829072
than once,-0.016403698836523536
the creepy,-0.01640833363878531
she really,-0.016420266782749878
say it,-0.016445209014725484
only really,-0.016497470370372202
script was,-0.01650980368860254
case and,-0.016522628695548474
right thing,-0.01652673963635119
in good,-0.016600970512280808
the crew,-0.016613230366724387
ending that,-0.016618044654522015
cast members,-0.016634222284300188
shot and,-0.016650275379238664
of late,-0.0166506037504512
soundtrack was,-0.016676725959606415
1997,-0.016691027656313005
damaged,-0.016715495157336047
cameron,-0.016748789309790065
mother of,-0.016758008888802536
shy,-0.01676468151658034
have happened,-0.016775343458003987
his role,-0.016815789397651843
in itself,-0.016847230600764148
aside the,-0.016859952598902984
that came,-0.016866062940061984
what made,-0.016884630192536883
quaint,-0.01688726426285604
no mention,-0.016911198885480674
honor,-0.016969777402841797
their roles,-0.01697482857081795
the beach,-0.017011765741012253
the make,-0.01701727999792399
development and,-0.01702585978454936
the jewish,-0.01705503484695286
battles,-0.017093596133105172
the action,-0.017120969888064747
having,-0.017139219453624534
would say,-0.01713998129034464
me of,-0.01715512841680404
all is,-0.017181403560806968
made into,-0.017234092053291704
sensibility,-0.01728612327641761
jokes,-0.017309188518222943
first the,-0.017313912257809417
he went,-0.01733614718551076
star and,-0.017342962946932824
work as,-0.01735392757533762
given to,-0.017366715783884257
mitchell,-0.017373823024362633
it film,-0.01738093160722811
some time,-0.017417165761483014
their parents,-0.01745230691275932
antagonist,-0.017496108328733752
praised,-0.01751427939102109
motivations,-0.01758473915449061
better it,-0.017603395730683764
and other,-0.017607308335953246
pursue,-0.01761347246380907
spanish,-0.017633604003003647
reviewer,-0.017738558943471067
crossed,-0.017753541495420473
pet,-0.017759473955461326
makes them,-0.017794734912562088
ever to,-0.01782351081537093
sentiment,-0.017849558345337125
keep his,-0.017855438074789856
are portrayed,-0.017875447840055726
assistant,-0.017877675890693327
novel the,-0.017907726908224637
sweat,-0.017916453294028127
really not,-0.0179341250446859
not understand,-0.01793748282226117
redneck,-0.017942839011336822
film though,-0.017973851013969797
plot twists,-0.017974634576636075
the brothers,-0.017983071694810632
might even,-0.017996277504955516
one can,-0.018069165297458657
becomes an,-0.01807055465536753
constructed,-0.018126151292609916
while they,-0.018127994382521998
the hollywood,-0.018165286162212028
sane,-0.01820007433749115
cops and,-0.018205278835043984
verdict,-0.018221341963240528
property,-0.018222829417921232
example the,-0.01823366045346997
why she,-0.018237759942912362
eastern,-0.01824511235636801
forgot,-0.018248243990172615
knocks,-0.018297659422126057
is literally,-0.018320348227188518
writing this,-0.018425311697126665
of decent,-0.018483603009766984
his final,-0.018487348795281598
stunt,-0.018500231009456945
film by,-0.01850752802755809
amitabh,-0.018537236358502605
guts,-0.018541568272606373
good stuff,-0.01855658168882949
and could,-0.01857193889510552
together on,-0.018575887629703483
aggressive,-0.01860121849714853
it down,-0.018607146821025072
years before,-0.018651497229008343
to escape,-0.018712494372606057
the office,-0.01872744832934945
love but,-0.018744567082505586
target audience,-0.018765010684079875
world in,-0.018772045480678814
the pretty,-0.01882747943016974
address,-0.01884850346884629
up so,-0.01887360550239348
dating,-0.01887487803525463
same thing,-0.01888382401237463
people say,-0.01888636054987835
and rent,-0.01888777641587306
black man,-0.018912364147226197
is if,-0.018918663083684506
know and,-0.018923159914697382
guy who,-0.018955236093935932
about 15,-0.018966472687077122
finish it,-0.018979528206683964
stay in,-0.018984939586533932
instance,-0.01903912299652955
these actors,-0.01905722804399505
had my,-0.019085306739228543
one who,-0.01913021463204333
even had,-0.019141628614842775
weekend,-0.019192101762537914
jeffrey,-0.019210189426836506
horror genre,-0.019227214924887923
about them,-0.01924449859781864
is up,-0.019250631864733036
uneasy,-0.01930742868792189
30 years,-0.01934146463225688
among other,-0.01934363069971785
ireland,-0.019360528934337155
no budget,-0.019362186002242578
bad you,-0.019363993613938098
it he,-0.019364210773138435
you to,-0.019371415777047256
audience the,-0.01937245568251264
whose,-0.01937434615914008
that actually,-0.01939883016980687
little in,-0.019417740991988074
that john,-0.019421001401349676
it chance,-0.019438207664599087
eugene,-0.019463037146575216
kathleen,-0.01953345732173353
olsen,-0.019548259567978007
awry,-0.019563206518786107
relationship between,-0.019566646144900716
film history,-0.0195921851339538
woman that,-0.019600998186449184
her family,-0.01960192145751261
of several,-0.01962695176325661
suspension of,-0.019687267996773315
leather,-0.01969048453805129
for hours,-0.01969991866654314
men are,-0.01970770941027445
the enemy,-0.019708141209603347
the hotel,-0.01973223604408455
opinion the,-0.019779821827516288
eaten,-0.01980474477474665
to follow,-0.019850107817652805
the ideas,-0.019879932275188163
the summer,-0.01994826982493224
still in,-0.019996915853263512
killed his,-0.02001412262537138
right down,-0.020014210599708565
planet of,-0.02001585511522214
in very,-0.020040756776315557
were some,-0.020053979730468394
things were,-0.020087021133465416
was my,-0.020088112681074827
courtroom,-0.02009180190476263
acting as,-0.02011743057631005
bay,-0.02012752106025576
him up,-0.020137330839334857
times it,-0.02016435431779016
party,-0.020191012777173296
so what,-0.020191776541184776
robbery,-0.020216629185154576
than its,-0.02035179775393787
introduced,-0.020351867989621582
isn all,-0.02039984726303515
no longer,-0.02040587706851316
alternate,-0.020419114593769574
avoided,-0.02042789260204647
references to,-0.02044798429656888
it becomes,-0.020456462243011262
the older,-0.020493210499428892
they try,-0.020504734188430837
subsequent,-0.020505473397469692
deadly,-0.020516747488787148
desperate to,-0.02063297233032967
interesting that,-0.020672786459139877
however as,-0.02072125813273503
out the,-0.020741880288337282
you care,-0.02074663745408359
officers,-0.020748460094733145
pops up,-0.020753143065093807
the weird,-0.020770178206491383
understand this,-0.02088029787880005
gathering,-0.020891719452789205
satisfaction,-0.02089282668500498
laying,-0.020893121410996276
everything was,-0.020902679175490615
hapless,-0.02092599001149923
as does,-0.02098745031179676
the graphics,-0.02099254924736525
that happened,-0.020993535752129772
funny moments,-0.021027258988869518
review of,-0.02105755048726546
continue,-0.02109327425331224
it be,-0.02110929682570572
amounts of,-0.021159799675036017
sum,-0.021161497039727525
abused,-0.0211844601370328
to pick,-0.021241980035320462
pc,-0.021249008979062376
it for,-0.02126002586550793
chewing,-0.021263741969907293
mysterious and,-0.02129937230456438
down but,-0.02130056647415485
technical,-0.021344986139648286
how stupid,-0.021346972238662002
captive,-0.021358148788168625
gets her,-0.021389614813215024
like any,-0.021412602924998157
not once,-0.021432990525878378
slasher flick,-0.02145433859099169
there seems,-0.021461949646010052
are treated,-0.021475876215176843
destined,-0.02149368573254271
hadley,-0.02149790953866094
audience,-0.02151661913571373
missed it,-0.021517721271344777
in turn,-0.021536599058332405
in her,-0.021540827142866096
cary grant,-0.021549833808809635
bad guy,-0.021582769392339524
version is,-0.02160437764417256
it sure,-0.021621601710590157
early 80,-0.021641925605588815
his daughter,-0.021652259617734024
nobody,-0.02167738540403004
corny and,-0.02170314626647583
the extreme,-0.02173002837527547
in movies,-0.021738600832447802
did so,-0.02175648864984563
angie,-0.021771024653573105
two days,-0.021821428133601824
luke,-0.021842008994360413
working on,-0.021866993091318728
way out,-0.021882707915695455
genie,-0.021904645193774944
trivia,-0.021938189017803162
just goes,-0.021942811906031125
cultural,-0.022028811643481826
soviet,-0.02203122673752952
visits,-0.022036194393440567
please do,-0.022079045091186293
carried,-0.022171069233585826
sure it,-0.022203490060162333
fire and,-0.022206741809680138
but now,-0.022212746615080638
compete,-0.022228751119913386
just me,-0.022274744011962392
characters who,-0.022292299625340545
history as,-0.02231366150180277
afraid to,-0.022324078434278447
yet to,-0.022342706638702567
aspiring,-0.02234343729085801
lane,-0.022344978222113763
as man,-0.022365956775960854
african,-0.02247828905516268
humour and,-0.022522436491480374
people the,-0.022555096319855337
they want,-0.022582731106826476
following,-0.022603771167340685
shades,-0.02261834188486667
plot it,-0.022632733495153944
tv show,-0.02263658189990656
roy,-0.022698740021491352
night of,-0.022711003271954668
hear the,-0.022763130157518487
the names,-0.022775848752410444
vacation,-0.02279315378307365
actually it,-0.022797661190779157
life as,-0.022840517090185305
hates,-0.02287012552872432
pranks,-0.02295421215433902
in danger,-0.022980414145398097
iconic,-0.022988481322725164
doesn look,-0.023000681220745882
the viewers,-0.023033695215291694
hot and,-0.02304490087628589
novel by,-0.023075068981919647
and life,-0.023081213957025937
said in,-0.023092094307191207
it nice,-0.023102044104793114
of james,-0.02314457994128499
looking like,-0.023152492714416956
to sing,-0.023154550980067124
create,-0.023177422940479305
to sell,-0.023208638879226164
business and,-0.023240450889194776
john ritter,-0.023275454353957656
claustrophobic,-0.023285447559574284
deadpan,-0.023291794697156244
wet,-0.023320438879103497
story as,-0.023323589081370513
thus the,-0.023328640610612825
picture and,-0.023339062343479964
eyes and,-0.023390619750742168
house the,-0.02342368108433149
take my,-0.023434016007694194
just by,-0.02344524489647456
place at,-0.02344751607250771
couldn be,-0.023465088632752477
dog and,-0.023472673115420915
odds,-0.023490900814140663
scene and,-0.023502008630138432
stories are,-0.023527505599563667
her parents,-0.023543120334280167
producing,-0.023597139794973784
the notion,-0.02362264924083205
specifically,-0.023629159255647614
like what,-0.02367767588461082
suffer,-0.02369381097533619
they just,-0.023701953476024728
gave the,-0.023715858992522876
here she,-0.023723711571864512
the books,-0.023743563417716478
permanent,-0.023753761973733065
it contains,-0.02382404995022624
recommend the,-0.02384800438455407
dialogue and,-0.02390208392331095
oh so,-0.023910504649281874
to dance,-0.023911339180440375
if she,-0.02391353137167864
that very,-0.02395391063468097
also liked,-0.023957232211899777
sarah,-0.02397190022931048
for these,-0.024026761583475567
the image,-0.02405541864034471
rating 10,-0.02406858155071866
time of,-0.024092459199859854
that some,-0.02410112387369275
is at,-0.024108383440493292
sunset,-0.024119127757114858
cup of,-0.024146779586185108
of ideas,-0.024155492925014926
redeeming qualities,-0.024169540561571147
the area,-0.024193918616128803
fact he,-0.024222686360088914
was almost,-0.024227420018969457
this well,-0.024249714892382725
corey,-0.024261437963362973
which really,-0.024283720663994812
just after,-0.02436594529637611
lyrics,-0.024381042284496703
is put,-0.02438434151672041
she gives,-0.024397770583951053
encounters,-0.024409737736298235
1976,-0.024426518832605222
by today,-0.02444322811676971
connections,-0.02445190849416639
and indeed,-0.024459201413656522
in parts,-0.024505377675203752
days and,-0.02452065998197041
3rd,-0.024529243735105954
the room,-0.02454401438790415
far superior,-0.024551003900988046
mostly,-0.024576096207700585
got was,-0.024588825915826385
extent,-0.024616703296542933
is happening,-0.024631886658759237
done that,-0.02471433854081215
wide,-0.024716997358833485
however he,-0.02471955803920051
cast are,-0.024750330918572705
deserves to,-0.02475277977300098
specific,-0.024776022381329803
the 20th,-0.02478969931835273
movies ve,-0.024823506517062673
runs away,-0.024828206109453483
won an,-0.0248292513191922
boo,-0.024846493706343634
girl but,-0.024903530665867146
mates,-0.024944333703785355
direction was,-0.024948007374882827
least they,-0.024976063227022387
action thriller,-0.025018348261891775
the forest,-0.02501904704497452
knew it,-0.02502280184473527
standard,-0.025078850579262027
site,-0.025093898903995767
otto,-0.02513286781393577
on late,-0.025233260748350292
me how,-0.02524831658181594
resemble,-0.02526346542415521
chew,-0.02527822166651727
warming,-0.025296813137690843
ending was,-0.025380107042701102
devil,-0.02538201669443054
his real,-0.025386219278651038
good in,-0.025402370236917035
the making,-0.025429217193253525
the obvious,-0.02542940481372862
inspired by,-0.02543449564055063
opening credits,-0.025469435444415277
but where,-0.02553643225724732
as hell,-0.025616867237898383
audrey,-0.02563621566242631
chuck,-0.025649247439241053
longoria,-0.025686567869986757
chapter,-0.025745126910681124
the floor,-0.02575122361015773
thousands,-0.02575700723069706
had few,-0.025801152707101715
the invisible,-0.02581548831863514
inevitably,-0.025820486265892832
splatter,-0.025836131500148036
the rules,-0.025896063673672233
farce,-0.025952114839461676
partly,-0.02596142695717792
blue,-0.02597276158417962
afford,-0.02597348121449536
of hollywood,-0.025995184569921465
seek out,-0.026009467762923795
done for,-0.026051886047074865
right away,-0.026119710767475438
trademark,-0.0261269463793397
blair witch,-0.02614447401176216
perfect example,-0.026182068988660826
scream,-0.02621549211680986
the period,-0.026224967856221144
continued to,-0.02623090989806834
busey,-0.026265958287410778
murderer,-0.02633855778986011
to experience,-0.02634112307197501
joins,-0.026393861369021398
some interesting,-0.026395821952734943
still an,-0.026410689724088412
if his,-0.026439887853121537
written by,-0.026446381959056246
first hour,-0.026446590043478855
showcase,-0.02645357671963535
rise,-0.02645914202846405
that how,-0.026461216355674114
second time,-0.026474641845672976
frustrating,-0.02648613844005258
julian,-0.02648972548601647
encounter,-0.026495237317523835
mentioned the,-0.026503459314938242
contest,-0.02653935615295061
could ever,-0.026561026237102492
to destroy,-0.026587785812199623
find out,-0.026594429989699388
such thing,-0.02668819798827093
wes,-0.02668848086435827
about how,-0.02670399029532864
message that,-0.02672134713383618
framed,-0.0267399762939362
frightened,-0.02674538121147326
he says,-0.02678237126665896
all it,-0.026793380673903026
relentlessly,-0.02680990663967375
day in,-0.02685630057017374
itself and,-0.02692714030325892
unsuspecting,-0.02693794704485898
like to,-0.026981961473795096
could go,-0.02699684623032097
voice is,-0.026999573661460413
doyle,-0.02702612753384475
tough guy,-0.02706025904220863
from my,-0.0270673495212058
this out,-0.027068145237475024
possible to,-0.027089608408737673
of horror,-0.027155150914057055
pieces of,-0.027169275408936423
should say,-0.027171500625876262
flick but,-0.027175177549052507
film director,-0.02722547380168893
who happens,-0.02728064491914686
tell that,-0.027357368939584917
tell story,-0.0273641068138667
represented,-0.027364325155042446
wheelchair,-0.027405680326475643
multiple,-0.027409724774698097
satan,-0.027434375391775546
wright,-0.02743493996794469
out because,-0.02746311368379811
the ever,-0.02747264057405625
controversy,-0.027473017884166714
randomly,-0.02750293789499585
swinging,-0.0275321875841578
tastes,-0.027566245692130568
volume,-0.027598538287261935
time ago,-0.02760220806602202
who they,-0.027632733235611672
fight and,-0.02763563784171388
john,-0.027656169394857648
that not,-0.02767657429003052
an affair,-0.027696373092013313
shot,-0.027702314059976488
and off,-0.027719341550055256
the highest,-0.027725473089962
because in,-0.02773132481331424
from someone,-0.02775640301155767
ways to,-0.027773675908954135
watch all,-0.027792624268333944
world is,-0.027809380739103284
ll see,-0.027820061715649633
something that,-0.02785066571414649
reasons why,-0.027859486457609148
was funny,-0.027933242392753466
job but,-0.027998553246878884
who always,-0.028004136602861163
the feeling,-0.028023938920208376
ashley,-0.028031809455220158
jacket,-0.028031881792792923
style,-0.028079819346565078
become an,-0.028105310633636332
just has,-0.02811022189179569
dialogs,-0.02814267755598039
swallow,-0.02817863709543068
bones,-0.02822407031228429
it won,-0.028247846822021194
seymour,-0.028263901652423613
of when,-0.02827548920986778
so as,-0.028297438420541075
start by,-0.028312120100960073
that like,-0.028314788579428322
movies from,-0.028416251930620005
experience in,-0.02844253659177771
destroys,-0.028478969793080816
wakes,-0.02853520348359612
the system,-0.028535246057884767
tarzan,-0.028557742154848242
is as,-0.02857389858737516
sympathize with,-0.02862312835683867
and has,-0.028625645238711448
properly,-0.028647154293153124
who got,-0.028694206865445878
answered,-0.028699773451184463
burst,-0.028729452007769017
with new,-0.028742792695928058
they will,-0.028747141104056035
deserve to,-0.028776723424272864
the indian,-0.0288213085182144
the narrative,-0.028948026229373466
sister,-0.02895359157183898
caught in,-0.029003473925098215
planning,-0.02901594961781989
emerges,-0.02901850486706545
rape scene,-0.029028538078953437
before and,-0.029144384776185785
the crazy,-0.029169537333548812
in recent,-0.029173734495893923
were on,-0.029208494826555343
acting performances,-0.02922914353152184
the giant,-0.029316432696905696
his most,-0.029319924547549937
aid,-0.029355864398855194
of him,-0.029417081198058408
inserted,-0.029428848302747827
but let,-0.029437913845486705
hollywood film,-0.029490056522157544
video and,-0.02950716591482559
that do,-0.029528801336620322
jane and,-0.02957648867764433
change of,-0.029657035084977166
not single,-0.029657150221366082
is entertaining,-0.029689317454776917
by being,-0.029736391206927143
brad,-0.02974333881041654
robinson,-0.029749120022656814
schedule,-0.02976951193449272
manner,-0.02978518304996828
wholly,-0.02979049755319499
be warned,-0.029792861302483677
different than,-0.029831838104323233
10 years,-0.029869524533508784
is killed,-0.02991793845655742
cause,-0.029943774126647074
could tell,-0.029957448544375865
discovered that,-0.029976420854139818
good actor,-0.030032783065524895
updated,-0.030107880964990962
where all,-0.03011287614487987
bottle,-0.030121066998886656
would do,-0.03016317598474797
he ever,-0.030175052624966975
offense,-0.03019442324102449
the social,-0.030201974576758453
movie she,-0.03020787813196748
ripping,-0.03022078074537658
that means,-0.030224295045832007
were going,-0.03031072186420329
and stop,-0.03037832665507723
is doing,-0.03039424862954079
logan,-0.030396541325616405
one big,-0.030430381233595902
full frontal,-0.03046544957939904
not particularly,-0.03048828717744179
tip,-0.03049569541283158
flashes,-0.030499373991753186
this character,-0.030532009355639184
turmoil,-0.030537128768336592
and using,-0.030561666890400446
man whose,-0.030587091784729802
other reviews,-0.030591016211328762
late night,-0.030603315963535514
this movies,-0.03060838749687663
the basic,-0.03063350215862336
kids,-0.030656945070851628
of no,-0.03065884847928857
beautiful as,-0.030659254787898126
1957,-0.030688026080966966
evident,-0.030701977930206185
that so,-0.030713410746584707
reagan,-0.03073200927218883
you even,-0.030745495431855296
sneak,-0.030757400291039006
horror and,-0.030782863001293948
tech,-0.030819585859497647
almost as,-0.030840830073727902
film opens,-0.030893619378263015
an army,-0.030920195003986743
exists,-0.030946866548581826
this plot,-0.031035532202958165
weapons,-0.031048869440263388
are really,-0.03106952356358645
from them,-0.03109477859918811
ordinary,-0.03110114637193092
cast the,-0.031129337267715607
actually quite,-0.031139150367561673
while was,-0.03125645255101781
one hand,-0.03127761220303224
birthday,-0.031303386128926344
master of,-0.03130652566041744
as whole,-0.03131159243644545
her life,-0.031324919239033695
artemisia,-0.03142821396262152
feast,-0.03145464240179597
they play,-0.03150167227552628
edited,-0.03152283317781289
conflicts,-0.03155186256166719
ago it,-0.03156274380859203
working in,-0.03156820430447652
finds himself,-0.03159032926128439
skill,-0.03163716908753525
by no,-0.03166600351782696
the blue,-0.031669483132364
his character,-0.03171995171822761
guess you,-0.03179568908987153
proceeds to,-0.03179846190911651
there isn,-0.0318221799548906
bag,-0.03182698392401297
hour or,-0.03184176695376791
top it,-0.03185542946810399
bowie,-0.03185835955419071
gut,-0.03186446020842666
setup,-0.03187997187562837
would only,-0.03188455575646668
of showing,-0.031916677140718754
minutes it,-0.03193718982206406
is difficult,-0.03195940709047698
donna,-0.03199074756739225
before it,-0.03199205563750856
in is,-0.03202277655901498
used for,-0.032034644479964264
75,-0.03203502921501571
in while,-0.03203620233968308
confines,-0.032038118287944534
waited,-0.0320611621520803
just that,-0.03210898703367858
to it,-0.03211694225883733
genres,-0.032170012857611355
acting that,-0.032171072672048794
nightmare,-0.03218465667623073
fact this,-0.032188662189193785
material and,-0.0322102996736253
urge,-0.032217191895840804
and beyond,-0.03222960641987061
the village,-0.0322336600724007
is less,-0.03223784232093068
setting and,-0.03223946982574441
is entirely,-0.032266493210049395
targets,-0.032309162685311074
the place,-0.03236945742318195
he died,-0.03237574938791335
illegal,-0.03245515360836513
snow,-0.03247998504257259
characterisation,-0.03255233648457344
adam sandler,-0.03256006516853354
cast and,-0.03257064055868824
recognized,-0.03257090230243405
of films,-0.032589749936234653
the hell,-0.032603326863824014
pulled off,-0.03262663930382325
series of,-0.0327827720791306
documentary about,-0.03279085400554675
ambition,-0.0327987258168426
movies have,-0.03281196218221947
was stupid,-0.03281614294500329
as two,-0.032906066127479365
here they,-0.03298582467888523
movie as,-0.03301976856098272
be real,-0.03306861393114071
its release,-0.03314550807785981
and wanted,-0.03315197057052809
was more,-0.0332088073696821
last few,-0.0332210934740138
bite,-0.033239904789188646
impression of,-0.033323539906529455
of female,-0.033430030467185304
good cast,-0.03345978102595909
and says,-0.03346179691497449
movie saw,-0.03349514896042723
she becomes,-0.03350898194780548
they also,-0.03351645503137417
story could,-0.03351725724047944
manga,-0.03353794237049458
section,-0.03357081104685665
eva longoria,-0.03358038996762771
with women,-0.03358335511095676
contact,-0.03366169826585469
do some,-0.033689076872155735
artificial,-0.03370836355170788
the climactic,-0.03371605747883421
but had,-0.03371734179705994
left behind,-0.03373161769968286
these films,-0.033767377544501126
car chases,-0.03376780652454813
work on,-0.03376935679966005
works as,-0.03378051672341527
is found,-0.03384807024383928
limits,-0.03386181807775493
vanity,-0.03392527220274655
to realize,-0.03393587250513459
another scene,-0.03399640370695935
incestuous,-0.03399990715953398
begins,-0.03400556368237098
the bodies,-0.0340275722930665
obsessive,-0.03405149039904841
it comes,-0.034084698715344926
the protagonist,-0.03409863393072496
have come,-0.03412905573975752
own and,-0.0341458264141662
the zombie,-0.03417835795304245
can still,-0.03420816549953273
trains,-0.03424232324820981
he were,-0.03437579014886297
string of,-0.03438473543653929
watch that,-0.03439293676466019
buildings,-0.03442222691204665
the society,-0.03442756660987941
cards,-0.034473088101743724
chance and,-0.034489681173753485
casting is,-0.034499441411021424
see all,-0.03450308445203376
music of,-0.034548930767714904
his mother,-0.03465629846302009
pulling,-0.03467541435558122
but come,-0.03468543287804944
musician,-0.034716680184050615
plight,-0.03471900119737907
action the,-0.03473636939294647
frustration,-0.034744064237945384
plate,-0.03475277082944668
guarantee,-0.03475581452204141
cream,-0.034782852779493646
seems more,-0.03478308198538281
absurdity,-0.0347849900169713
be described,-0.03480285655949584
caution,-0.0348092311515232
film look,-0.034812016934821985
something the,-0.03483523880982368
who makes,-0.034867493449611806
presented as,-0.034873476322680966
to hide,-0.0348747245772807
dollars,-0.03488109241761953
say anything,-0.03490322575301585
girlfriend and,-0.03495949740514837
the 1970s,-0.03502337751200762
wonders,-0.03505228812595487
remade,-0.03509754421294241
you ever,-0.03511985853658569
generated,-0.035139830552814444
lavish,-0.03516409270045492
its original,-0.035180641262224824
not need,-0.035221752403612264
screenplay and,-0.03524602299449402
her role,-0.03526616581836819
expose,-0.035316635701657544
they all,-0.035341532375118424
donald sutherland,-0.035352267940462694
one he,-0.0353724642948455
felt as,-0.03542321329058211
quite frankly,-0.03544715699075651
atmospheric,-0.035522599116495114
identical,-0.03552605967119256
confusion,-0.03556443035483819
interest in,-0.0355761630849159
no nudity,-0.03559593714427464
less of,-0.03559867444621742
craig,-0.0356874021158436
reactions,-0.035687592244492104
up it,-0.03569300253377638
something in,-0.03574924607280291
himself the,-0.035766482755150444
chicks,-0.035768779724002636
newspaper,-0.03577174625291089
at night,-0.035793474042412905
the family,-0.03585737562333378
tells us,-0.03587374839504396
depictions,-0.03587464200757222
rules of,-0.03591173593795004
disturbed,-0.03592691102733925
flesh eating,-0.035928458448395574
depends,-0.03593396674758953
cap,-0.03597250834288225
depict,-0.03601078159759198
say something,-0.036013507961816876
talent to,-0.036027082875096636
the gang,-0.036032983040331895
would think,-0.03605725742852428
newcomer,-0.03613895404703176
tell the,-0.03614844276798523
be wrong,-0.03621702807485619
of director,-0.03622715640954738
united,-0.03622865545880376
el,-0.036254475702801846
the filmmaker,-0.03629291581044855
itself as,-0.03630806716846861
the large,-0.036317195952731814
when their,-0.0363655682406042
forgetting,-0.03636714416648202
laughing at,-0.03641410975242171
conservative,-0.03642338483172513
they keep,-0.03643400243164974
fitting,-0.0364490613448852
the target,-0.03647878691175947
here the,-0.036494214253645546
the visuals,-0.036498384076335
mass,-0.03649957706523419
into,-0.036539720593130785
lance,-0.03654028925038914
entertainment,-0.0365511656447745
series the,-0.03655738242027753
mind as,-0.0365638067866101
the brother,-0.03656790352008333
taking place,-0.03657875247507882
would go,-0.036585475786303376
go on,-0.03660488535203775
gun and,-0.03665473062449339
bulk of,-0.03671399332315221
but that,-0.03674808972392477
sour,-0.03677445474139787
stars in,-0.036805251132376884
it doesn,-0.03680792682363265
fell,-0.036820904725666036
is absolutely,-0.03683770305578904
distract,-0.03687814850674342
your friends,-0.036907852353783674
have here,-0.03692254938164599
participate,-0.036946651071985095
details of,-0.03696219998799171
example is,-0.03696622966410053
voices,-0.03697048896461897
the excellent,-0.03708370676874664
returning to,-0.03708692188846097
he also,-0.03714039807510244
population,-0.0371585143326688
journalist,-0.03716166815336538
don you,-0.037206206710716276
overblown,-0.037214273782796264
lethal,-0.03725421367018239
values,-0.03729931977708835
actor the,-0.037325787111689
place on,-0.037328385779198385
humor in,-0.03733256425646278
are for,-0.037341569528320684
believed,-0.03736788533532113
takes to,-0.03737032925548925
drain,-0.03740947793517
behind it,-0.037444062474973824
nbc,-0.0374565616136873
compared to,-0.03752666456026478
tonight,-0.03758900933839189
the talented,-0.03759605051636561
convoluted,-0.03765078951269297
you start,-0.03768835127724914
that there,-0.03768991887152012
with those,-0.037700134405939556
across,-0.03770925817236547
bought this,-0.0377428230161595
director is,-0.037746825420918104
surprised that,-0.0377624443544536
here are,-0.03776614728209811
30s,-0.03777336239495994
stuff that,-0.03778208891231422
rope,-0.03780769251241596
is already,-0.03784801399607755
the effects,-0.037850798986943775
characters have,-0.0378674782958167
very simple,-0.0378848508714573
intrigued,-0.03789042780876977
and story,-0.03790969075262125
the sad,-0.037925227057255755
the door,-0.03793124156543401
museum,-0.03800201841485423
antics,-0.03804937316111558
he still,-0.03805072042863945
easily one,-0.038064297615412385
victor vargas,-0.038074815634534416
vargas,-0.038074815634534416
the hilarious,-0.03812194487354878
them out,-0.03812349330578438
holes in,-0.03816826104507538
doing and,-0.03824373861237793
another film,-0.03828981940158347
suggested,-0.038298262447297296
patricia,-0.038299252238833945
the party,-0.038308131209707136
wondered,-0.03831247694210505
really hard,-0.03832357403058992
on all,-0.038390026179843946
are and,-0.03843194337552297
punk,-0.038431965355266114
meeting,-0.038452615648540724
for in,-0.038476034050054606
the club,-0.03852392088951937
one wonders,-0.0385325718163726
him with,-0.038571464021855746
film on,-0.03858826583673355
form the,-0.03861063635830458
harrison,-0.03861760159453254
that those,-0.038622373565245956
leading lady,-0.038639486305369994
the creative,-0.038640904691531495
least in,-0.038656536639946185
son and,-0.038658926175293824
jordan,-0.03866909789345758
move to,-0.03876110451953229
someone is,-0.03878677432143467
was obviously,-0.03879184382745002
long the,-0.03879869387779089
uptight,-0.0388098146065601
marries,-0.0388214824787609
investigator,-0.03883214008838432
consider myself,-0.03886472496150904
dressed,-0.03889018621154721
to hand,-0.038942205873669596
her name,-0.03894825101028164
not my,-0.03895331223398831
rogers,-0.03896667178535392
liberties,-0.03896679017288156
anyone with,-0.03896805784303116
be had,-0.03903479078593031
done before,-0.03904714974257423
almost any,-0.039068428088521207
director had,-0.039099218218146166
case,-0.03912335392850815
riding,-0.03913445043757176
and through,-0.03913469262958775
main characters,-0.039157622777102184
to draw,-0.039174109349216286
beware,-0.03918432458138483
it don,-0.039218791609391034
grows,-0.039225594941018675
corn,-0.03924229899514388
traumatized,-0.0392698637648541
escapes,-0.03929369563288637
it here,-0.03929565371291236
anybody who,-0.03938861686193613
know much,-0.039403339393885455
the scenario,-0.039404163306703946
who the,-0.039419125687685796
in full,-0.039449102751260345
and mouse,-0.03945192911370099
only do,-0.03946155968653786
and style,-0.03946310371264484
and sure,-0.03946770416459828
jonathan,-0.03948480060717975
catchy,-0.03949175218563519
music was,-0.03953260826394767
pause,-0.03955712730000403
control,-0.0395620300850837
music and,-0.03957094707710325
actors like,-0.039580264381202795
be considered,-0.039584389851688564
recommend you,-0.039597226615056574
and run,-0.03960748743047247
family to,-0.03961274745850877
could say,-0.039633831428629585
alfred,-0.03964110633848297
were they,-0.03967508471480143
black comedy,-0.039678139702768914
the sake,-0.03968634478126348
comedy or,-0.03970329222662464
uma,-0.03973255311165845
the cia,-0.03976017901926026
of such,-0.03976772611061597
case in,-0.03976841842487471
the trick,-0.03982014921919746
scenes from,-0.039860494457292596
happens to,-0.03987133662803913
start off,-0.03988647384961982
2008,-0.03989179493483759
shield,-0.039929483791655396
award for,-0.03996781073890573
she is,-0.04005111483693724
displaying,-0.04011070056590279
economic,-0.04011639902780189
the body,-0.04017227494289599
bachelor,-0.04022490694456183
my way,-0.04031061257710977
director who,-0.040326876678651605
popular,-0.040383875195130085
finger,-0.04046236817903034
passable,-0.040487745657404046
have played,-0.04053016438827678
date,-0.04053359124494022
videos,-0.04054703962202063
risk,-0.04059711779403446
meryl,-0.040670445264343755
cooking,-0.04067774841447298
girl and,-0.04069419962789339
skinny,-0.04071897432990941
keith,-0.04072243855796544
speak of,-0.040723269345362335
but actually,-0.0407260572434988
sun,-0.04073098282456488
grounds,-0.04074244554992479
is lost,-0.04078269686883199
was lot,-0.04078838482863859
part to,-0.04082502081914002
we didn,-0.04084082894616622
beautiful woman,-0.040884613752250276
except the,-0.04092169228519879
cinematographer,-0.04095164015412115
night at,-0.04095165131619508
popping,-0.040986833764878765
ball,-0.041010089113891056
ollie,-0.04110627286911678
lot more,-0.041119651577121226
first came,-0.04113205171455054
used by,-0.04114836683559288
twist at,-0.04116292473823279
it being,-0.04116463201229751
devoted,-0.04118794477294002
thirty,-0.04119369864725531
georgia,-0.04120885117779512
only has,-0.04123563785208382
my review,-0.041243133096877015
politics,-0.04126450934991756
there you,-0.04128058270084044
raping,-0.041315084496307435
was what,-0.041360242585843233
audience to,-0.04139603761664897
to our,-0.0414493475634023
he kills,-0.04150023218241861
why he,-0.04151850560451085
ronald,-0.041544396921681125
above the,-0.04155026408370023
uniform,-0.041554624387061034
middle class,-0.04162841993010955
were good,-0.041650336808188776
my eyes,-0.04165707432431654
scene at,-0.041669737404759336
out what,-0.04169386642324275
six,-0.04184635255350684
can call,-0.04184816718185235
too late,-0.04184870782936651
direction and,-0.04189049768952219
when his,-0.04194625664401154
film really,-0.041997928434141345
is coming,-0.04207800851448522
passengers,-0.04209306350922287
drab,-0.042094868807047874
know is,-0.042147687258891224
the business,-0.04215638212821652
of kids,-0.042159576324860976
tuned,-0.042201706454297085
friday,-0.04220375517378227
it quite,-0.04223998637894171
earth and,-0.042245280356007955
opening scene,-0.04227208420130759
centuries,-0.04227829617354702
behind this,-0.042302519113104994
once the,-0.042350149152918286
assembled,-0.04235778112723907
these things,-0.042375654323091684
who did,-0.0423807010095609
anything that,-0.042390984888974914
landing,-0.0423934750631897
with such,-0.04239717248595694
the interest,-0.042420403007893494
carl,-0.04242234572979912
here we,-0.04242695583462851
there who,-0.042484307155654676
tim burton,-0.04250135147607551
gory,-0.04250325942775657
effect of,-0.04252896497582015
and kills,-0.042560662781207854
not well,-0.0426028027261924
ignorance,-0.04263645068193525
come into,-0.04263836640514633
spree,-0.04273400654363233
story itself,-0.042742948984833364
earlier in,-0.042767310656470645
through and,-0.042776056988639705
disturbing and,-0.04281838602570264
moon,-0.042872695878195866
in those,-0.04291416142196888
not actually,-0.04294477685539281
associated,-0.04299768100070032
bad guys,-0.04302679796786939
violence is,-0.043031840280042345
it if,-0.043047262975647364
settled,-0.043067671834426544
she then,-0.04307589386851118
for money,-0.04307943069385863
heath,-0.043084347774444906
of heaven,-0.043133536231659504
in distress,-0.04321983946871637
same name,-0.04322122694389094
in about,-0.04324749395996742
films about,-0.043256528184303804
ve read,-0.04326228254336603
are only,-0.04330999395192829
it hard,-0.043318896677637476
hilariously,-0.043355079151551734
this this,-0.043414930654333536
got the,-0.04341765741155378
whom,-0.043449177536746486
the 1970,-0.04347570547547522
had just,-0.04351302927054612
important to,-0.043517523505703065
chose to,-0.04352300672612739
tired of,-0.04355988433115103
dealer,-0.04356173828998723
characters it,-0.043677507380352254
be fooled,-0.04369297554147578
results in,-0.04372354678479003
meryl streep,-0.04372901489026392
this guy,-0.043744521804435665
to back,-0.04374895566323622
can actually,-0.043765168872314374
as having,-0.04382412684327982
accompanied,-0.043847275535474885
the highlight,-0.04386763064048317
them but,-0.04389133929461704
fascination,-0.04389142394247189
the awful,-0.043901222507001764
time at,-0.04390880331649246
to connect,-0.043950849647193306
intact,-0.043953543746881145
brutal,-0.04396573505599106
what this,-0.04402649498205612
concerned,-0.04406932743666515
telling the,-0.044089561629474826
speaking,-0.04412500271776904
looking forward,-0.044156242353854146
work out,-0.044293264096825824
does is,-0.04432397373979324
basic plot,-0.044338946128357086
open the,-0.0443611023702461
little too,-0.04436673376057484
maybe you,-0.04439985790551895
the little,-0.04442490887729979
lennon,-0.044465331386237913
peck,-0.044491830556976315
while watching,-0.04449600274506103
armed,-0.044562441514013305
either it,-0.044602167307834686
to seek,-0.044621086070733514
examples of,-0.044630614734428226
the marriage,-0.04466436892952928
our hero,-0.04469579422623471
returning,-0.0447109215835127
to top,-0.04477813201565831
which would,-0.04479128260788781
go out,-0.04480026186606026
good with,-0.04482464098042901
abruptly,-0.04482569511100822
the channel,-0.044870071024990445
fear of,-0.04487867574720226
sin,-0.044892460919512905
here and,-0.044899603104025416
the middle,-0.04491804276878851
up like,-0.04493278545672448
hop,-0.045022880632343464
laurel,-0.045023375446595
un,-0.045072555443738116
class and,-0.04507790923638969
to avoid,-0.04507972900161458
pocket,-0.045099161653458585
of scenes,-0.045099911611560024
forward to,-0.045190669566743405
commendable,-0.04525432318896121
him in,-0.045271085124916254
accidentally,-0.045278723554529825
needed to,-0.045278921276158755
film begins,-0.04536691875984387
handful of,-0.04538512664901854
that now,-0.045398897788525266
restaurant,-0.04541388098372635
everyone is,-0.0454155444412618
in common,-0.04543520519231746
character played,-0.04553334201407571
guy was,-0.04553386419141349
and suddenly,-0.04557243392708119
way is,-0.04557477455481742
were all,-0.04559397492982581
for instance,-0.045596230472991967
animation is,-0.0456074693176559
have read,-0.04563504919832928
could never,-0.04566730889125983
know about,-0.04569549787889147
hence,-0.045700272810678365
scarecrow,-0.045701609030121416
ballet,-0.045801782879112816
wasn as,-0.04584346797024958
did in,-0.04587563804299094
anything more,-0.045881994059393624
predecessor,-0.04589691797003296
him of,-0.045943617605037894
there have,-0.04595147464725051
her at,-0.045982657212394314
al,-0.04598981939320831
screen presence,-0.04614066627117047
expectations,-0.04615658241688802
defined,-0.04617055752947798
and ve,-0.046243836302411155
eager,-0.04624791367068406
in half,-0.04627911222853854
tackle,-0.046298583692134104
age of,-0.0463129470960238
has one,-0.046315444050819436
blacks,-0.04634687306444147
to commit,-0.04635812145941456
see why,-0.04636983949926101
is interesting,-0.04638189283579038
film one,-0.046385396295836
useful,-0.046385917206280235
anyone else,-0.046391653282885637
on by,-0.04639465952969432
derived,-0.04641140940853421
adams,-0.04642801839399322
story on,-0.04643938337541079
did what,-0.04647124397465845
funny to,-0.04647195193119654
because they,-0.046490357890584616
those films,-0.046539056616513426
most of,-0.04654363343367588
this site,-0.04657992234324144
movie we,-0.04663201671587825
title for,-0.04664937739655234
politician,-0.046728442235577206
and ll,-0.04673657434430661
film can,-0.04677348492013454
again there,-0.04679025284660061
really does,-0.04679544328860231
lee is,-0.046799183325845616
only so,-0.0468228690553491
good if,-0.046856547644016235
are two,-0.04693849271934432
have one,-0.04694306286865923
behaviour,-0.04696475332273145
segments,-0.04700328217728537
sleeps,-0.04700660276304448
are having,-0.04702280324572609
leads to,-0.04706722776339081
was for,-0.04707117008293764
with very,-0.04709767264011955
half dozen,-0.04715852244283435
overboard,-0.04717860683278824
appeared to,-0.04719289929188154
town and,-0.047194861698249664
the ending,-0.0472044855113745
watch if,-0.04721109022201982
who know,-0.04724448181806634
phone,-0.04728367393669695
long for,-0.047300612795499096
debra,-0.04732754033483325
now know,-0.047332664938801144
rid of,-0.04736186849571318
mobster,-0.047392511874719497
predator,-0.047414121072116656
and directing,-0.0474483915160543
film because,-0.04746141281705515
stayed,-0.047474132005665894
er,-0.047505690025763506
end it,-0.047510856616970666
trapped,-0.04751827276810811
my mom,-0.04759313771575011
glasses,-0.04759916936219372
and feel,-0.047638958052340794
will leave,-0.04766579324784566
route,-0.047676693758201695
is hard,-0.047701928116861185
actors were,-0.04770703371749336
story from,-0.04783745282983861
bed,-0.047958608943652184
falls in,-0.0479680417765711
very least,-0.04797107528716296
just watch,-0.04797817836384451
movie should,-0.04799155775214545
revival,-0.04806371643265203
just got,-0.048093849696660286
and non,-0.0481022122230674
screenplay is,-0.04811235920472368
maintaining,-0.04811573193877906
sophie,-0.04813157287054115
the hills,-0.0481324950060629
about these,-0.04814221007076812
just don,-0.048209404165791406
crush,-0.048210344163944166
and watched,-0.04823024503697293
she starts,-0.04825369791868565
course not,-0.04829824858399385
have all,-0.048306106090798585
leno,-0.04830775197243473
nuclear,-0.04832291679654148
pictures of,-0.04837590127987031
blockbuster,-0.0484120680108618
demonstrate,-0.04843192512583726
pacing and,-0.04847179474599343
he tells,-0.048499713665438114
bros,-0.04853979367906522
characters the,-0.048557626907786235
classic it,-0.04856524592482516
to fall,-0.04856735774316044
laws,-0.04862334295286301
disco,-0.048638011926060896
sake of,-0.04864026455628706
that were,-0.048642337997679856
executives,-0.04866792824887114
have enough,-0.048800032631974334
opposed,-0.048875365173612205
expedition,-0.04888841120295557
seriously it,-0.04891150101130156
scenes where,-0.04892878809817817
mae,-0.048945334278173325
it own,-0.04895616230023547
anything and,-0.048974398293779475
know whether,-0.04897563518644672
character who,-0.04900057625158652
allan,-0.04900334481823703
scottish,-0.049021373590021615
sleazy,-0.04904186172606294
desired,-0.04905302526185694
made his,-0.04905353559364052
viewpoint,-0.04908120527332506
learning,-0.04908326503544036
polish,-0.04911851616163865
would still,-0.04918108531199974
peckinpah,-0.049203362736221695
refused,-0.049234153317567086
and we,-0.049248739180377685
films such,-0.04928145063204171
versus,-0.04928766517327749
mob,-0.049301031576580355
local video,-0.04934593215150255
meant,-0.04935456806339737
trio of,-0.049360193009330484
expected the,-0.049361586501692194
it been,-0.04936191148629551
when someone,-0.049408328027470715
stating,-0.04941625239268234
wife of,-0.049420549207333665
medical,-0.04947342456730337
book that,-0.04951959085532103
and begins,-0.04960831464907105
destroying,-0.04963227270228383
actually be,-0.04965688672548817
filming of,-0.04971372217646222
was killed,-0.04974679961805737
almost the,-0.049750138642671644
go with,-0.04976264035224609
starred in,-0.04976456178619193
twilight,-0.049764781012764034
to sound,-0.04983042709770438
george scott,-0.049945808251858896
who works,-0.04994629768487549
teams,-0.049952541104976225
who lives,-0.049967321126146595
data,-0.04998141308418637
films is,-0.050016040830329844
role as,-0.05003003551387091
that might,-0.050033747478479766
why because,-0.05010814933061691
with story,-0.05011617733331278
back on,-0.050157086765137956
from its,-0.05016398382498008
the mood,-0.05017531860258114
movie which,-0.0502186003451755
asia,-0.05026736808722534
films which,-0.05027052952877299
one in,-0.050272597706219536
scene which,-0.050285140823847246
still the,-0.05029168286134393
the budget,-0.050303505193156184
saying this,-0.05036437712275257
who wants,-0.05043586147174271
is anything,-0.050442989354058713
death but,-0.05046854065918391
insane,-0.0504960449670002
the terrible,-0.05049698224733626
month,-0.05050206421402039
us that,-0.0505069706459038
is comedy,-0.05053040406002964
garage,-0.050568760120625916
wished,-0.050575269920157845
to track,-0.05057648138798866
on as,-0.0505806016073772
this they,-0.05059288796921716
cube,-0.050597002551079455
shot by,-0.05078718120578835
himself but,-0.05081202221788043
are never,-0.050871783877797234
shouldn,-0.05087946293519367
scale,-0.05088590525747463
who love,-0.05089166889867213
inexplicable,-0.05089901137714015
though we,-0.05090741219950654
stress,-0.05092186462287026
district,-0.05094500370849831
tune,-0.05095995521000659
kick,-0.05100260088829485
the fights,-0.05107311691040724
level,-0.05107913922438082
bart,-0.05108506495284499
stop motion,-0.051121903384186505
confident,-0.05113493016072081
ya,-0.05116100332327338
wasn bad,-0.051184222168754186
than being,-0.05122553087118985
yeti,-0.051228804692085114
everything that,-0.05123392999040613
to modern,-0.051247021239109444
man that,-0.05125678602809143
romanian,-0.051278939668486824
cuts,-0.051308590476910894
to gain,-0.051320364169494745
spencer,-0.05133105852454562
resemblance,-0.05133258068869102
involve,-0.05136927272349721
put together,-0.05140559181773781
of dialog,-0.05141412780366656
hallmark,-0.05142533310847589
colleagues,-0.05145516603972167
admit it,-0.05147172637415438
ancient,-0.05150120281616665
outside of,-0.051530925146941374
finished watching,-0.05153816445825199
goers,-0.05160522328616966
has been,-0.05165948438115906
film most,-0.05172390195529259
of screen,-0.051725191983069664
decide to,-0.05174082584905322
activities,-0.05175701084219948
worker,-0.05178476531754076
matter how,-0.05179338116190288
missing,-0.051828829951020915
theme of,-0.05183344626742579
to much,-0.051930434582230275
to something,-0.05194181641170094
1969,-0.05199639707356488
distinctly,-0.05205459208824627
behaving,-0.05206286093164717
to murder,-0.0520724122584835
mrs,-0.0521714634412738
the golden,-0.052187699088047775
melissa,-0.05221703427258094
get killed,-0.05224187253409462
actors and,-0.05224800708580118
reminded me,-0.05225314862274911
his partner,-0.052260303437866244
expensive,-0.05231823209334692
on these,-0.05232618746673577
the ex,-0.05235270612024358
more from,-0.0523645854523761
matthew,-0.05237551751777618
handful,-0.0524138493210095
don think,-0.052433859695233814
baddies,-0.05246475573860675
the violence,-0.05250950398130158
advised,-0.05251063196904366
professionals,-0.05253294504949522
case of,-0.05254123587951618
outrageous,-0.052644626587528824
said before,-0.052672724902891
the pair,-0.052723717457085054
valid,-0.052731344085087166
28,-0.05273556611033027
instead the,-0.05278548527401022
help him,-0.052815321954570824
talented and,-0.052816721866505274
criticize,-0.05282694259825528
grotesque,-0.05288798859629352
this with,-0.0528892223456108
girls,-0.05289589703633831
it rather,-0.05290255044938113
woods and,-0.05293452373578391
be surprised,-0.052945714259503826
expecting to,-0.05295710938543137
contributed,-0.052970927556802064
only movie,-0.052979612838905295
points of,-0.052995760837188856
finally the,-0.05301234929182679
arrive,-0.053030727397810624
working,-0.053050002681890925
never know,-0.05306986322746287
seems as,-0.05308935115172067
me just,-0.05318599222375407
julie,-0.053226886996482405
translate,-0.05324769507270657
1978,-0.053311751506363254
in another,-0.053340002673312084
les,-0.05335753634946004
suspension,-0.05338093371110633
they used,-0.05338829850234229
you into,-0.05345530741919974
but found,-0.05347767478883136
video game,-0.05352756479266954
sense to,-0.05353823387698299
it finally,-0.05354402776758043
to at,-0.053564805214824075
guards,-0.05356638510176995
doubt,-0.05364872988805519
wasn for,-0.05364970678465719
of heart,-0.053650018079904604
regarded,-0.05366464111250956
pride,-0.05381535794298516
to rate,-0.05382320468522855
role and,-0.053824177135335605
he turns,-0.05382468439225166
prefer,-0.05383505634463728
them up,-0.05390696213375946
falk,-0.05394644116125491
wax,-0.05397360940320585
it no,-0.054014916619661346
became the,-0.05403092269530631
goldberg,-0.0540571684665343
touch with,-0.05406920385916299
funny the,-0.054100183419090044
today standards,-0.05411951500292185
mormon,-0.05415199934136387
realise that,-0.0541800309464025
anticipation,-0.05418252145394917
much worse,-0.054211636187025423
make fun,-0.054218572408813254
of red,-0.054224620980819524
come back,-0.054234805309931994
and pretty,-0.054245212006782645
absence of,-0.05427206373438429
screams,-0.05434054849911438
something different,-0.054393626527936716
two things,-0.05454813050328397
actress in,-0.054586650108225124
elite,-0.054587637649302294
about and,-0.05465977112266118
suspicion,-0.05467022034523434
out about,-0.05470395943543517
expense,-0.0548034982623513
release and,-0.054817699110666654
commander,-0.05489531650273703
and last,-0.054900297108150066
even some,-0.05498129780772976
whether you,-0.05499206255011072
unstable,-0.05500448826554784
that happens,-0.055077551090786894
everything he,-0.05509787885265627
title is,-0.0551029876285028
humorous,-0.055174705878180096
babies,-0.05526003345776763
1989,-0.05526157015494433
for at,-0.055306565756584714
covered in,-0.0553403839023989
is due,-0.05537888414898633
any good,-0.05539806361880506
trick,-0.055400798811566586
advance,-0.055438743982563925
mission to,-0.05544598840374489
after seeing,-0.05545876997280685
and read,-0.05549976025299317
commercial,-0.055508452905076965
raised,-0.05554503001899495
the sudden,-0.055553568421949646
survivors,-0.05556307215760774
first 10,-0.05559704643970746
considered,-0.05562933813129603
since the,-0.05565054851582343
can tell,-0.05565477589125255
all but,-0.05565715915144418
throw in,-0.05566985306471582
the cat,-0.0556854878759273
laugh at,-0.05570498654230429
solved,-0.05571067923077022
brilliance,-0.055716650235416804
celebrity,-0.05571809594843849
comedy it,-0.055766704682093514
rapist,-0.05580930517906776
vast,-0.05588980154756155
he left,-0.05589887239136989
thought this,-0.05593977706854562
central character,-0.055944679823503374
story by,-0.05599806734542762
psychology,-0.05603179132693238
line is,-0.05603787680939032
saying something,-0.05607689040047055
shift,-0.05612903775144885
those in,-0.056142408088413254
king,-0.05619013625387356
take it,-0.05619578331630004
the dad,-0.05620360880811426
mixing,-0.056216836103862154
guys who,-0.05622240072630155
an actress,-0.056296747503002384
died in,-0.056308384642273814
longer than,-0.05631696224751871
hundred,-0.05631716339110546
off like,-0.056320765405974395
did get,-0.05640868872831572
the many,-0.05647355282065174
are getting,-0.05650249145488467
bridges,-0.0565288462406147
accompanied by,-0.05655793797490082
which one,-0.056560729616169314
magazines,-0.05656624306419535
ruins,-0.056571270676950954
top and,-0.0565795414770411
the internet,-0.056618315194614126
drowning,-0.05662550318049424
mick,-0.056638067731102464
could be,-0.05664110997431368
really has,-0.056687405895059544
or as,-0.056702640522376266
his very,-0.05685829149043799
but feel,-0.056871462438892684
way to,-0.056883562985982954
employed,-0.05688653403706524
frustrated,-0.05688904125600792
two characters,-0.056901652637513477
seek,-0.056920682464151225
characters to,-0.05692155354900531
children to,-0.056966882142345666
was shot,-0.05700713195736002
was pretty,-0.05700745968116083
expect the,-0.057036200679550286
animals,-0.057046738719468956
slaves,-0.05709411422744231
to pull,-0.05709791902445436
unreal,-0.05716282129342128
topic,-0.057176931636976486
itself the,-0.05717843987836296
who comes,-0.05723217544487276
any one,-0.05723549519326387
depressed,-0.05724820467724981
few seconds,-0.057252464392416
possession,-0.057266647363318435
clothing,-0.05726919848094532
presentation of,-0.057274883283543306
breathing,-0.05727999300847482
forgiveness,-0.057300535532244054
methods,-0.057306729011289206
can just,-0.057315510943122844
told me,-0.05738109706267742
holocaust,-0.05740853571730265
something and,-0.05741854226757798
which was,-0.05745450751437715
by now,-0.05748044610692936
be any,-0.05751240898559667
los,-0.05751594222547897
certainly is,-0.05760407298852594
of woman,-0.05765877890507022
departure from,-0.05767372588812028
making of,-0.05767932446533888
endings,-0.0577657616766904
life to,-0.057856608510830417
does he,-0.057868072476663514
tiger,-0.05788994834707522
but felt,-0.057926726093061494
phantom,-0.057935908872822794
others have,-0.05799976317941228
best friend,-0.0580305096822711
kong,-0.05805713150166116
you not,-0.05808835580979376
even so,-0.05809826002699907
the lady,-0.058134325263103276
somewhat of,-0.05815193949464073
if were,-0.05823412651870192
the mouth,-0.058240282320252634
made and,-0.058263741532087535
travels,-0.05826817911517783
and out,-0.05828523146039696
or no,-0.05830468872492621
an odd,-0.058311449580687756
music video,-0.05837681322440897
effects but,-0.05839443760313527
the castle,-0.05847205534699455
on every,-0.05848662502011633
you laugh,-0.05855213748928855
object,-0.05861512470567575
next to,-0.058637178823089234
duh,-0.05871440588491991
inferior,-0.05872771899389348
habit,-0.05874757658149322
to prove,-0.058769638265191944
studies,-0.058771513014393255
queen of,-0.05878019036310026
popularity,-0.05878193136850933
of black,-0.05882970863349913
and these,-0.05884803533434289
adventures of,-0.05886196514062206
re dead,-0.05888085183563732
so now,-0.05888639297494034
thrill,-0.05895495976555564
so he,-0.05895683055534896
distress,-0.058957112431435844
long and,-0.05897359800952282
and take,-0.05905160338944087
the box,-0.05906909034482146
every aspect,-0.05907093609878367
performances are,-0.05914496370296074
stuck,-0.05919488230975754
mr,-0.05922270609748905
also there,-0.059226979272060484
novelty,-0.05923222800982455
caliber,-0.05926506280039534
exactly the,-0.05929142289614684
not having,-0.059335205644059634
oscar winning,-0.05940165328115018
an intriguing,-0.05947352732500745
hide,-0.059501411484180214
location,-0.05950556418929471
lacking in,-0.05953563375475648
we just,-0.059568014887716354
without having,-0.059568877276503805
previous films,-0.05962938064295887
1939,-0.059631467059725066
strangers,-0.05963254638246695
because was,-0.05964506074922641
motivation,-0.05967594650812394
josh,-0.05972132130829204
opening sequence,-0.05972411372426877
sure what,-0.05974108942987115
is played,-0.05977674337020929
as horror,-0.059778679866665345
is story,-0.05979460828160251
tunes,-0.05981527593348442
satisfy,-0.059839307038503806
make your,-0.05985895814129752
the entertainment,-0.05987089030472057
spin off,-0.05998088866246269
though in,-0.06000515137016359
neil,-0.06000991137674811
right to,-0.0600560378236396
its just,-0.060071940327640995
douglas,-0.060076161692085295
at every,-0.060214405609957077
and some,-0.06021689110615692
close up,-0.06021745737230315
blonde,-0.06028098653240933
from it,-0.06033289789616283
laughable and,-0.060359322362399166
course in,-0.06037729434127572
tomorrow,-0.06040123837991608
big city,-0.06040201308025416
see an,-0.06042349090484396
region,-0.060425360975478716
back but,-0.06048511090535475
for me,-0.06053681233658061
that good,-0.06054938896348425
refused to,-0.060552038702226446
by,-0.060568559276716734
few of,-0.06059875472281109
link,-0.06060459865506106
start of,-0.06064378483564985
has had,-0.06064478786619325
everything from,-0.060666308870509396
associated with,-0.060706812563631626
wisely,-0.06078407404544005
special effects,-0.060821267141929355
street and,-0.060829766205713294
the class,-0.060840747393028874
introduces,-0.06086860356886184
managed to,-0.06090306126934421
but with,-0.06092493331653058
wit,-0.06092765961537661
the portrayal,-0.060981967088408404
mid,-0.06111542143904611
process,-0.06122357170506478
doing something,-0.06125529020667093
entered,-0.0612900931506703
they know,-0.0613396738185861
and cinematography,-0.061380473256908916
of all,-0.06144096874326565
too old,-0.06149434465441981
far more,-0.06150502646090434
novel and,-0.061566507905645405
the boy,-0.061588583680314724
knees,-0.061658233578116436
movies this,-0.061662914971869404
hopes of,-0.06171388110328655
moral,-0.061736776455648096
movie out,-0.06182082188026889
are almost,-0.061825415726377786
the sight,-0.06184102868506164
previously,-0.0618482844412872
as do,-0.06187928352682439
hardly any,-0.061885619181711655
slip,-0.06188711008181253
wiped,-0.06189377210456913
rapidly,-0.06191078361824108
get off,-0.06192855419065853
movie well,-0.06196476033540383
whilst,-0.06198761864836671
and without,-0.06210002906189634
would rather,-0.06215305249617354
beside,-0.0621622630889544
bridget,-0.06216324779475554
its time,-0.062194393481129144
an entire,-0.06221939882683437
at random,-0.06223341644164239
lives with,-0.06225427545491796
asset,-0.062275406766960424
acting or,-0.0622871869376126
are like,-0.06230279497039637
card,-0.06230688519680927
we saw,-0.06231754945112825
the graphic,-0.06236354461066294
cop who,-0.06248236908219262
and production,-0.06250715002571132
can play,-0.06251013410404062
wrote it,-0.06255417803614262
and self,-0.06256571880017933
move on,-0.06258200584419339
she tries,-0.062599739338568
points,-0.0626508827293763
gary cooper,-0.06268375967352864
entire cast,-0.06268662320572066
edward,-0.06280408193137563
lady and,-0.06282304905855259
as other,-0.06282879289853394
windows,-0.06283170610369497
anyone,-0.06284092193138072
all things,-0.06288691312776823
make her,-0.06289226571102066
boots,-0.06298657997081206
which of,-0.06303137222169826
movie do,-0.06304521655251101
also is,-0.06305927615790057
1993,-0.06309495048249995
ones that,-0.06312804315502907
cartoons,-0.06312880139475051
tarantino,-0.06316162176029455
what happens,-0.06321221270885838
movie what,-0.06322125831364292
insist,-0.06322216153574166
also get,-0.063314599348509
from another,-0.06332081929602057
meg,-0.06333507187224234
take over,-0.06333716512693575
it seem,-0.0633507895110094
he realizes,-0.06338360087143957
now to,-0.06342865159633447
have even,-0.06344190505538112
that made,-0.06346168627594712
back home,-0.06346288148023584
if had,-0.06351073778465686
it two,-0.06351510272493717
the lighting,-0.06352724669078853
was involved,-0.0635484343007799
scene that,-0.06357855919079233
luis,-0.06358119223518577
at an,-0.06358894028400679
pass on,-0.06359627016586734
far as,-0.06362065566577546
tyler,-0.06362961104596608
sucker,-0.06364222038440333
characters they,-0.06365139317136506
ones in,-0.06365198435783656
film it,-0.06367906319517251
objects,-0.06369417557627068
talking to,-0.06372007902628454
tied,-0.06374497399436886
runs,-0.06374692807071754
beautiful but,-0.06377002802477744
who gives,-0.06378494249819672
but mostly,-0.06381375592172568
and more,-0.06381996371803002
minutes to,-0.06383054734315453
die for,-0.06386628816208434
line the,-0.06389681483949465
his former,-0.06391212116171877
of whom,-0.0639949737729486
movie since,-0.06400623369371211
the standard,-0.0641286344529746
film although,-0.06413406879784772
of me,-0.06414604911200109
the ship,-0.06415280514547148
ease,-0.0641566115035483
defeated,-0.0641600971793589
misunderstood,-0.06416251142777309
successful in,-0.06423295668971223
due,-0.06425036848778233
walls,-0.06430602793987199
expressed,-0.06433364992433711
really do,-0.06433483616521947
point out,-0.0643622590656898
disturbing,-0.06442750301014531
however in,-0.06443520470114981
kane,-0.06446972787787614
explaining,-0.06447696004548119
only one,-0.06449917135134728
of so,-0.06454148898898662
circumstances,-0.06460333559339798
at no,-0.06462809294860673
serial,-0.06474562303786227
st,-0.06474584107055079
was quite,-0.06475410382883717
in just,-0.06483403217117402
that any,-0.06489090316234745
genre but,-0.0649412951047224
for long,-0.06494144367921623
unit,-0.06498088887576635
the trouble,-0.06498442857939185
sequel to,-0.06503936227436308
over his,-0.06505086751266054
entering,-0.06505442762611638
but sure,-0.06506380231396394
is virtually,-0.06509128877795727
cannot be,-0.06509890912994058
what ve,-0.0651307119607866
movies for,-0.06513339119605378
bacall,-0.06519620813207086
and what,-0.06522743185205639
saturday night,-0.06525068334053709
only is,-0.06527389452720242
doesn do,-0.06528110488757861
social commentary,-0.06529595452511774
and sister,-0.06532480718398836
shockingly,-0.06534441648041497
dismal,-0.06536809051367332
another example,-0.06539188813368088
says it,-0.06539822721880173
bruce willis,-0.06540401090071057
mattei,-0.06540742947868064
bulk,-0.06543193962711334
wilderness,-0.06547525385514637
between two,-0.06548334519342025
gore and,-0.06550828626909422
if your,-0.065521645992206
starts to,-0.06552490747104131
the german,-0.06554968963182134
common,-0.06554971058546195
gone to,-0.0655660864097669
kathryn,-0.06556851428549648
only just,-0.06557092137839797
blood is,-0.06557634969784304
lots,-0.06560120370025524
call this,-0.06561403127201218
quite funny,-0.06563499681874371
of blood,-0.06565397219899291
pacing is,-0.06567921061424048
sum it,-0.06571091105695125
that when,-0.06576792503985154
mother is,-0.06577722410527746
through to,-0.06579149635351066
the continuity,-0.06580458068872479
rise of,-0.06581362736458646
via,-0.0658739472683179
course of,-0.06588872294788581
tour,-0.065894155305052
the locals,-0.06592608305174846
the bar,-0.06593367028697904
but most,-0.06593875802622708
girl that,-0.06598812565501815
killer is,-0.06599508029398823
and done,-0.06605581610816409
he loves,-0.06608588125170409
work for,-0.06611515787709228
of town,-0.06612683471267726
was directed,-0.06616849337738971
guns and,-0.0661781979444072
study,-0.06618062941419833
this rather,-0.06619705700552088
or they,-0.06620537447699913
is they,-0.06623296640946069
mentions,-0.06626283607520979
hundreds,-0.06626471160894273
out there,-0.06626974065157719
the mysterious,-0.06627592649216622
then just,-0.06628595445491406
to prevent,-0.06630006890041652
point to,-0.06631927499829673
that no,-0.06634694477887094
map,-0.06636564475796945
makes her,-0.06636849758129014
killed off,-0.06637332654306992
an ex,-0.06641298991129545
everything you,-0.06644818599365068
and getting,-0.06646812947386162
tea,-0.0664817754082571
amongst,-0.06649739481251175
very beginning,-0.066532640826128
on but,-0.06654579569066063
have missed,-0.06654848920037945
bleeding,-0.06657191842151353
is cute,-0.06658378674495202
nearby,-0.06659121729330189
think this,-0.06662434250329727
who thinks,-0.06670723408095439
figure,-0.0667092079248715
thought he,-0.06672028690301245
position,-0.06675952538653221
later it,-0.06676575153537664
beginning but,-0.06676760585682459
producers and,-0.06677362816446902
and one,-0.06678204081643804
name in,-0.06686507514687982
soldier,-0.06687863747509308
affleck,-0.06688372360617886
trust me,-0.06693729078972403
pedestrian,-0.06694758493236273
day of,-0.06695843545325009
himself with,-0.06698715480011168
debt,-0.06699202416421964
am big,-0.06704379794033517
but so,-0.06705230860645334
nor does,-0.06708574289317065
roach,-0.06719178793752427
in places,-0.06721168684060601
only be,-0.06721216847195684
came from,-0.0672300469471205
film while,-0.0672345466212536
european,-0.06726484314498343
phase,-0.06727183624838777
hardcore,-0.06730726709946405
it too,-0.06732406596049052
hollywood and,-0.06733634242407423
the bulk,-0.06733982862025821
the natural,-0.0673871816623391
indicate,-0.06741373949540284
prior,-0.06741987689349761
bit in,-0.06744984782329731
whatever the,-0.06745631083333037
quentin,-0.06753846867894991
characteristic,-0.06753997254200021
extra,-0.0675417009665541
pop culture,-0.06756412287396604
do their,-0.0675654057269847
made my,-0.06762084558475484
and won,-0.0676248909222223
article,-0.06768348590482712
introducing,-0.06770131798014736
during the,-0.0677154225725503
breasts,-0.06772270484575257
story has,-0.06773180114255048
of dialogue,-0.06775882857753482
that after,-0.06780463444249839
internet,-0.06781573930829853
find themselves,-0.06782070115754218
saw was,-0.06785804046001997
great movies,-0.0678725506444067
was of,-0.06791542859691209
baby and,-0.06792936774409732
12 year,-0.067930389865062
to video,-0.06793947722667598
mall,-0.06796107657789456
1971,-0.06800133123089108
appeal of,-0.06804274686252393
roberts,-0.0680447217052569
has some,-0.06806101931923894
scenes that,-0.06810756910625974
them as,-0.06812043246357113
ending and,-0.06812147556988479
forth,-0.06813137815249765
stars,-0.06816718944645622
passionate,-0.06817141119700094
balanced,-0.06820673947754642
coup,-0.0682527617231709
frankenstein,-0.06825304035648067
the absolute,-0.06827342972551308
the cop,-0.06827813821110526
camera angles,-0.06828217894867114
and completely,-0.06828273486000079
to appear,-0.06836354000047973
to witness,-0.06837262116544073
will take,-0.06837595967513363
there they,-0.06838107811205009
catherine,-0.06842331551779936
for,-0.06843113845592513
the undead,-0.06843737173331825
swimming,-0.06845381045037367
elevator,-0.06845513829580284
created by,-0.0685014161291802
who played,-0.06852569014643295
out as,-0.06868924411082976
nicholas,-0.06880854652159019
went out,-0.06889376686878507
up by,-0.06892230226350086
laughed at,-0.06902090987501727
the problems,-0.06905043691903232
didn think,-0.06905858754156416
doubt the,-0.06906684628066166
dig,-0.06909277167324258
and second,-0.0691044263933821
macabre,-0.06918698030648163
fred,-0.06931620218870967
it think,-0.06934631903073447
although it,-0.06935911339259682
left and,-0.06940611488481886
the level,-0.06941825601751006
chloe,-0.069456040266737
the voice,-0.06949049016379705
most interesting,-0.06952391385063589
dose of,-0.06953934170588466
guys in,-0.06956764142869692
many different,-0.0696172957513298
shooting the,-0.06964149035370724
basis,-0.06964581678514935
things up,-0.06970693994841769
due to,-0.06971461360302186
ever it,-0.06973225797958821
bonnie,-0.06974737405776023
she says,-0.06977659372864309
colin,-0.06979534560016112
conclusion that,-0.0698005340465874
pale,-0.06981411006350703
switch,-0.06981574094748567
so than,-0.06981662027611067
morally,-0.06984729815184018
types of,-0.06985876424093945
and why,-0.0698705045328214
the actors,-0.0699087223631915
have watched,-0.06993867219786164
already know,-0.0699838792349757
fancy,-0.06999862486542743
europe,-0.07003410735935267
chose,-0.0700352487366174
shown as,-0.07003608089499408
recognizable,-0.07003987485499447
pride and,-0.07004550706629212
or worse,-0.07007724242199488
photography is,-0.07009702620271313
to any,-0.07025280201668878
opposed to,-0.07028897624788136
girl in,-0.07031037851431919
women who,-0.07034583337150908
but while,-0.07036506960852976
double,-0.07036569262678743
rocket,-0.0704188141490049
destiny,-0.07045184952269878
reasons to,-0.0704760244375644
hip hop,-0.07049982646542022
who killed,-0.07050623052825421
written,-0.07052270915062608
don mind,-0.07055278615540761
in similar,-0.07057520635587249
the matrix,-0.07057597783212538
the hero,-0.07057630709925275
action to,-0.07069645891597479
1968,-0.07071847767149517
film were,-0.07074119453761828
an audience,-0.07076145283419014
del,-0.07077669107503885
interesting to,-0.07079177365119478
footage of,-0.07083231021018295
james bond,-0.07084642060868318
cold and,-0.07085570745874469
silence,-0.07086730844780105
clear,-0.07091138307078082
be called,-0.07091374298605106
shoulder,-0.07091710819433343
isn really,-0.07092681278889404
movie seems,-0.07093285458126397
rider,-0.07093376174369856
you ve,-0.07094079953030988
lost the,-0.07103189398817406
and where,-0.07106643033379377
art,-0.0710682542542599
made him,-0.07107639488772921
out at,-0.0710778732291243
line of,-0.0710905518960632
any kind,-0.0710973812941491
to capture,-0.07119289323275133
won be,-0.07120802858371907
kubrick,-0.07136099389695867
suggest that,-0.07137257836048821
all you,-0.07138328528527527
it clear,-0.07138805519115317
spend the,-0.07139152680280063
distant,-0.07140458049915405
to myself,-0.0714379210728723
cure,-0.07146868756405034
entire life,-0.07154859389967083
the sheer,-0.07162139082612078
surroundings,-0.07162386933399677
ll,-0.07162415970554385
funny scenes,-0.0716436766164897
arts films,-0.07164384544332439
time so,-0.07166402859610384
tacky,-0.07166834230874328
they get,-0.07168992083121535
street,-0.07169840271529543
physics,-0.0717571267135044
fill in,-0.07179716001306177
literature,-0.07180339772985454
interviewed,-0.07180381658591652
clothes and,-0.07184233491867222
was worth,-0.07184794835636589
all he,-0.07185933418836915
character the,-0.07196579853143856
then why,-0.07197560887438013
this all,-0.07197806527618152
by george,-0.07199263025469839
package,-0.07200697583819445
by john,-0.07201043082460962
help,-0.07203252956751131
as can,-0.07204434488458888
has his,-0.07207836807187676
no idea,-0.07211453100901857
the doctor,-0.07212975490259545
said the,-0.07216272387121613
goes off,-0.07220176434958542
about young,-0.07226117669154129
not go,-0.07230153816529904
may have,-0.0723353730308889
to set,-0.07236079726326158
popped,-0.07241007109544763
bonanza,-0.0724660079309741
even as,-0.07249024849259272
as anything,-0.07250639585899055
directors,-0.07254592778227201
aspect of,-0.07257114028031154
scale of,-0.07258014911998946
actress and,-0.07258855795374052
inspire,-0.07261100903820991
for having,-0.07261635562044517
of women,-0.07261786756652701
film to,-0.07263950681503063
jeff,-0.07264824404405001
standing,-0.07268354571083495
leaving,-0.07269467716899775
policeman,-0.0727454240310655
to hit,-0.07279910201522587
either of,-0.07280435380389494
movie more,-0.07293546805932868
love interest,-0.07297636595840672
first scene,-0.07307209976411222
fall for,-0.07308651344345123
be watching,-0.07314218868965415
am very,-0.07315468450646749
story would,-0.07317348784659879
their faces,-0.07322624746384508
cary,-0.07328783699109655
have problem,-0.07331080939811185
nod,-0.07339275664667558
and ended,-0.07342170156763024
it we,-0.07344167675388255
found in,-0.07344423285659028
gain,-0.07345623558062289
agency,-0.07345902414200585
place where,-0.07349672136226425
sequence where,-0.07357258937017015
her first,-0.07358057495709598
getting the,-0.07358401435896066
two other,-0.07368469362173356
worked on,-0.0737106887092511
together in,-0.07372244153791586
of footage,-0.07377266116213016
point where,-0.07378256044216473
movie doesn,-0.07378986968867673
days of,-0.07382526137150928
sequence of,-0.07383022264136216
regime,-0.07386026613239541
emphasize,-0.07386448555463032
in any,-0.07386780473479765
proceeds,-0.0739106791307565
movie might,-0.07392111035479279
eternal,-0.07393115512814045
reliable,-0.07394905068855291
fox and,-0.07398890327318645
the high,-0.07400253079760503
did you,-0.07401143130575293
that found,-0.07403746669771802
in one,-0.07408597503211496
is mostly,-0.07410907384688536
death by,-0.07413057388714334
is made,-0.074146411727809
when it,-0.0741666270990679
of watching,-0.07418905257715822
english,-0.07419203285353533
cases,-0.07423302542395234
discipline,-0.07425755121425764
virginia,-0.07430610409544741
like she,-0.07432217288989618
lukas,-0.07433083074451474
that to,-0.07436003723614416
such it,-0.07437784313324629
remain,-0.0744081306723658
and maybe,-0.07442563156167692
reach,-0.07446086052123001
the weekend,-0.07447816832700042
every single,-0.07455449656975789
an italian,-0.07457993773871754
leslie,-0.07458043228119153
nonetheless,-0.07458977594003019
celebrities,-0.07459867785158032
train,-0.07460549903069788
done better,-0.074614453316921
thousands of,-0.07464101915354708
their way,-0.07468383915766719
shot on,-0.07473429161902789
drop,-0.07474097779615355
1995,-0.0747608889777153
to movie,-0.07476642613524126
lines in,-0.07477720234003651
offend,-0.07481258000460796
uses,-0.07482453000597665
who goes,-0.07483503472837003
survived,-0.07484799198824166
more effective,-0.07486094064436635
me from,-0.07487670720037004
off and,-0.0748829783630669
remakes,-0.07488467822310214
reach the,-0.07490528810656208
there wasn,-0.07492216939203543
of someone,-0.07494949837420357
curious,-0.07497680030163607
riders,-0.07500022286758405
marlon,-0.07504156580311866
tendency,-0.075047851039525
see what,-0.0750794809626143
away with,-0.07508462775961341
gets out,-0.07509419585188704
out after,-0.07510803868423263
it his,-0.07511335890313123
make an,-0.07515733084162324
is filled,-0.0751826729547302
would expect,-0.07520368497639861
was doing,-0.07526363249957771
invite,-0.07529209802467443
although there,-0.07534803036707961
honestly say,-0.07535949614571259
my local,-0.07536828996596368
not and,-0.07537147663191907
was it,-0.07540760903479145
of really,-0.07552621609153466
did with,-0.07561628097536968
on you,-0.0756166676725665
connection,-0.07567156050967763
power and,-0.07567201229903045
be nice,-0.07567517078321141
near the,-0.07567996976778207
as big,-0.07571183314425838
he seemed,-0.07572036647122994
terrible acting,-0.07579590962260419
crown,-0.07582772970504667
scene he,-0.07586728122988493
style but,-0.07586936981286521
films to,-0.07589461498244639
and interesting,-0.07594051115552108
hated it,-0.07597196911737396
chicken,-0.07599942236620237
although she,-0.07602113688725161
2003,-0.07604299174360053
25,-0.07605804251687334
darn,-0.07608108747526396
divided,-0.07612700723268047
have found,-0.07615241294987678
of drama,-0.07619011685685047
really did,-0.07619609536516533
known as,-0.07620643086657203
fanatic,-0.07621532888240946
out from,-0.07621945250442494
pro,-0.07628554573246737
bought it,-0.07631043629498692
about the,-0.07631079486064579
film out,-0.07632191948622524
only had,-0.07632539947079423
am sure,-0.07645226694853466
outlandish,-0.07651945635700597
stretched,-0.07654646225743966
dropping,-0.07655036787083995
mind the,-0.07659128286725161
terminator,-0.07661662950065937
is much,-0.07665155612325883
characters like,-0.07668292299736425
track,-0.07680896438845954
short and,-0.07680996026234273
moment when,-0.07683529987385088
unhinged,-0.07689852010461998
the matter,-0.07693045254969114
and dull,-0.07693522701900252
attacking,-0.07693605136163202
not seem,-0.07694491782499059
its like,-0.07696657986804088
you take,-0.07699392502529366
as another,-0.07701944368707478
her she,-0.07708735721163434
in character,-0.07712303936216806
films ve,-0.07714092382903566
for it,-0.07714354754329114
feel of,-0.0771534946043768
play in,-0.07716120428815068
do know,-0.07726027369429628
one character,-0.0772622994881219
excuse to,-0.0773214779889135
scene to,-0.07733478421970434
robertson,-0.0773376874238162
couldn get,-0.07739493194381691
book is,-0.07741558568010619
this case,-0.07746197227935105
fundamental,-0.07747047334697994
might just,-0.07747376286025673
refer to,-0.077497185053293
saved,-0.07749896597036632
was like,-0.07750505686958509
and nice,-0.07759365004247606
thieves,-0.07762505609600281
we should,-0.07762602403646651
which leads,-0.07763434281491054
the far,-0.07765231218812008
bitch,-0.07765506025801341
was huge,-0.07769091846033964
judging,-0.07769414254282915
is considered,-0.07774089734310943
of american,-0.07782242362282174
my point,-0.07782298249022779
there not,-0.07782793663731981
were only,-0.07785879232132653
open,-0.07789840321898875
factor,-0.07791217846034153
directly,-0.07793017451583392
all by,-0.07793388380430386
love is,-0.07794713140784025
much time,-0.0779730237336048
merits,-0.07797561429837284
moron,-0.07799946789785585
man from,-0.07800915195927963
pushed,-0.07803949460189441
for entertainment,-0.07807353678230707
couldn tell,-0.07808949952137544
aspects of,-0.07810826607660552
wakes up,-0.07813159527131486
believes,-0.07813415469567153
lips,-0.07819621450751695
sat down,-0.07823003604756992
veteran,-0.07825001329422432
original movie,-0.0783130818749706
reminding,-0.0783726775738829
regard to,-0.07837563104818344
uniforms,-0.07839765209637312
this much,-0.0784237867210712
the 1980s,-0.07843789727142059
sketch,-0.07844214720771439
always have,-0.07845846289293729
than her,-0.07847240869255868
been better,-0.07847311323350503
off into,-0.07849554281836994
subject,-0.07849588861646073
make me,-0.07856449992482971
more importantly,-0.07859023491222798
tendency to,-0.0785909269042745
summer of,-0.07860782183125621
far fetched,-0.07862571218218634
fetched,-0.07862571218218634
users,-0.07868525726666004
into her,-0.07869541269192185
whether,-0.07869899870566237
forgive,-0.07873055879125293
rex,-0.07874154675644073
why doesn,-0.07875334888646957
show that,-0.07877339077512942
case it,-0.07878846620226129
is nice,-0.07878952358502571
cut the,-0.0787964420211974
both have,-0.07882445142793497
outfit,-0.07882824796721294
artsy,-0.07884386133454695
say they,-0.07884813904987514
and rather,-0.07885801603112284
foil,-0.07887690223814718
it back,-0.07890421461842217
isolated,-0.0789835674891616
little of,-0.07899686862146979
left out,-0.07913686302616794
in hopes,-0.07913839307372666
alter,-0.07917119211868062
dignity,-0.07917236817796186
or on,-0.07921901546917633
money for,-0.07923507634461373
except to,-0.07927361704982107
head of,-0.07928212765525394
off screen,-0.0793307144189329
of dr,-0.07934448259833524
gorilla,-0.07936814473003737
scheme,-0.07938116175679426
sgt,-0.07938214988301201
interesting film,-0.07941338009496979
one gets,-0.07942497457728877
without even,-0.07949062820549631
redford,-0.07954482394530676
to cut,-0.0795633829211388
well it,-0.0795943217681215
attached to,-0.07961545897837724
the 1960,-0.07963272811300036
trapped in,-0.07963425888234466
the numbers,-0.07966321074506812
better movies,-0.0796634412386056
avid,-0.07968676039533233
teaching,-0.07970465811167206
every movie,-0.07971011260697337
whole the,-0.0798079930645676
lowe,-0.07982402085066345
couldn help,-0.07985121250949383
way as,-0.07986783157484377
taylor,-0.07987457858714954
that show,-0.07991621648109447
an excuse,-0.079933593893494
went to,-0.07998067271134275
resolved,-0.07998510750645936
you with,-0.0799945664677453
bernard,-0.08000923698856705
just few,-0.08003730583816338
conflict,-0.08005735118188918
stalker,-0.08007335890797729
to everyone,-0.08007390568243966
say what,-0.08008488665783779
leading man,-0.08015269901088043
here was,-0.0802502637116342
resistance,-0.08029267489635077
major problem,-0.08029441941350313
jaded,-0.08032147509931796
deeds,-0.08039057039045307
gave,-0.08042030707226251
chaotic,-0.08054750698023638
is any,-0.08054933843874355
that kept,-0.08055040373906625
just really,-0.08055798599668587
is based,-0.08065827498242062
around,-0.08065882303028882
for others,-0.08070297664125446
regarded as,-0.08070668751142246
pole,-0.08075881407451357
he decides,-0.08081276336320764
am still,-0.08084409213435462
sure that,-0.08085438256549254
limited,-0.08090752414977638
strike,-0.08094815951175234
into some,-0.08095805154325364
fun at,-0.08106325478248061
they got,-0.08107769914280734
and dialogue,-0.0810799241663346
killer and,-0.08110912065004712
gang of,-0.08111670814053475
the cake,-0.08115961781644258
the course,-0.08126913300109649
lives in,-0.08132487581646261
beloved,-0.08133950949027706
speeches,-0.0813399284285444
fans and,-0.08135489399582702
solve the,-0.0813650306057967
once but,-0.08138100086995649
agree to,-0.08138412722963789
dj,-0.08139121721823472
story at,-0.08143756619295998
doesn go,-0.08145165830340825
chased by,-0.08145592961845081
can hardly,-0.08146540818838155
and two,-0.08147061498895498
narration,-0.08147391191999218
glimpse,-0.08155695672512209
witches,-0.08158656379109369
ear,-0.08162679801453704
remaining,-0.08167074244473005
comedy that,-0.08167805104635445
males,-0.0816953543980423
free,-0.08171282388938972
an interesting,-0.081713821393906
inside the,-0.0817259719736256
job on,-0.0817261228108221
dime,-0.0817402861840652
rest is,-0.08178985081927535
the work,-0.08200624546740283
actors that,-0.08203939654875661
elizabeth,-0.08203951883078071
terry,-0.08204520590163313
2000,-0.08210837964286702
question of,-0.08216557827616974
no clue,-0.08218239841456029
placed,-0.08218382709207209
who likes,-0.0822011696522633
affairs,-0.08224612222978431
hara,-0.08230110728564738
is or,-0.08235060911526784
are in,-0.08236152763089162
person who,-0.08236274500133152
up of,-0.08237740420715299
and perhaps,-0.0824233307739331
convinced,-0.08242493039818168
and many,-0.08242759417317876
come from,-0.0825041439043448
don really,-0.08250600478385851
had little,-0.08262919294437575
movie had,-0.08263259910827504
twenty minutes,-0.08267337032544715
years back,-0.08268532902757104
on or,-0.0827809858127955
me to,-0.08283858889910375
and try,-0.082866297271317
drive,-0.08291532867923505
wish could,-0.0829502764571836
collector,-0.08295533240528472
and black,-0.08295681650721998
gilbert,-0.08296099717321168
stars are,-0.08299695515405747
norm,-0.08304307122285043
can do,-0.08311870817380622
to stick,-0.08321463117932194
look and,-0.08322709970144865
the deaths,-0.08322771753650059
it never,-0.08325396561020025
breast,-0.08326324585691663
watch in,-0.08326380673290176
pity,-0.08326610863530863
about my,-0.08327743051486386
was another,-0.083315846020545
with these,-0.08331865661645865
but by,-0.08341013625320137
films the,-0.08344289665187343
idea to,-0.08346834681216393
as opposed,-0.08351583865886172
twenty,-0.08355256068780145
himself is,-0.08355297530983469
streisand,-0.08356375472680058
the secret,-0.0835995737145854
would just,-0.08360208978327587
them are,-0.08360330289925376
good about,-0.08364078973281781
aided,-0.0836938088393888
logical,-0.08370708089003888
if anything,-0.08373512338005192
lit,-0.08376413852921127
long to,-0.083768632742272
star of,-0.08378339938669832
into his,-0.08380399185475393
that went,-0.08383878659538174
away and,-0.08386085571694278
movie stars,-0.08403675298490425
aware that,-0.08407108262802007
she did,-0.08407890111523188
it obviously,-0.08412656019318007
brother and,-0.08414952117989592
films out,-0.0841518533428561
for not,-0.08417697959195243
this must,-0.08422017226276055
and now,-0.08422324669197183
surrender,-0.08431137631528346
musical score,-0.08432019145232034
tall,-0.08436486805481903
its characters,-0.08438118735753444
ever,-0.08443749273463588
movies if,-0.08451867313918777
if so,-0.08457872707818688
until it,-0.08458505036026591
root for,-0.08464124440275864
death scenes,-0.08468281187153924
the hand,-0.08476421372424
who isn,-0.08476580510914358
add to,-0.084837890373313
leader of,-0.08484356606938225
at and,-0.08490467443190619
true that,-0.08491292752891592
kings,-0.08493953973861065
timothy dalton,-0.08495564563557308
shots and,-0.08497889625573234
marshall,-0.08508904685829544
not been,-0.08509810407257684
were well,-0.0851092037194691
cape,-0.08512711875471324
nail,-0.08513148994458615
this will,-0.08514496887122319
the plane,-0.08514727338234175
respectively,-0.0851511804561877
have saved,-0.08521902591835756
sadly the,-0.08522675020528953
ve,-0.08522935240774102
hand and,-0.08523423721695776
me is,-0.08523501770796017
that such,-0.0852452884190821
face it,-0.08529472738272238
cars,-0.08531595575355329
gas,-0.08532110353596441
leg,-0.08535807022538204
relevance,-0.08545736726980735
access,-0.08545978022314872
park,-0.08547811436326776
invited,-0.08548039802623818
one from,-0.0855409041128317
notorious,-0.08554833574212845
vehicle for,-0.08555057220662576
cross between,-0.08556844074157557
thrilling,-0.08560056295668593
and director,-0.08570427937502101
and old,-0.08575452679104696
lead,-0.08576761797051298
capable,-0.08577731396375211
track down,-0.08580491708106672
down by,-0.0858133384943834
in sight,-0.08584577182017027
of just,-0.08585129188283441
let the,-0.0858548836411729
the accident,-0.0858791881987757
don look,-0.08589415363861018
experiments,-0.08592053641939995
exotic,-0.08598998835001564
people don,-0.08610901176556456
is however,-0.08613673543619378
exposed,-0.08614970092777545
social,-0.08615214770478012
sits,-0.08620201215443016
laughed,-0.08624705073464763
struggling to,-0.08626931891574095
do the,-0.08634774388345336
yes there,-0.08640649056432013
losers,-0.08643767704746669
mad,-0.08652023194996285
water,-0.08652220320285443
laden,-0.08658278993209635
character actor,-0.08658675875828949
the run,-0.08660832263342175
she comes,-0.08661710953589978
voiced,-0.08664351300446131
reads,-0.08665377632755616
exchange,-0.08666595863446525
later he,-0.08667533248435343
but on,-0.0866753714386865
3000,-0.08671742975989045
rejected,-0.08680129175564075
be something,-0.086844865608025
replace,-0.08685585678375503
angst,-0.08687566206098898
institution,-0.08689051718659223
golden age,-0.08693686759974473
woman he,-0.08694178069173236
some movies,-0.08707748759083639
which could,-0.08709548185891859
something about,-0.08713566871702978
the horrible,-0.08721245946797716
near as,-0.08728000693092965
eyed,-0.08729824480292812
wildly,-0.08731698069108706
are completely,-0.08733665747437594
giving this,-0.0873422920320196
everything and,-0.08735543028097213
resembling,-0.0873646738784346
in fact,-0.08737662137092907
chicago,-0.08739984808356652
very young,-0.0874194072092291
the plots,-0.08745807563287061
answer to,-0.08750129405292471
it takes,-0.08751673825697827
unfortunately there,-0.0875771309445106
abandoned,-0.08760118927373688
they aren,-0.08761332394705215
the plague,-0.08761584979624444
all three,-0.08763520888656225
commit,-0.08766936297860195
of my,-0.0876756755533475
two of,-0.08767879597725178
actor he,-0.08767918330437799
anil kapoor,-0.08777440032440137
turns out,-0.08779750670066125
read that,-0.08780277488726694
aware,-0.08781466895958358
last one,-0.08786502764975247
that ll,-0.08790336661104499
towards the,-0.0879048875636965
the chief,-0.0879058572092478
the basis,-0.08791234565577175
cheating on,-0.08791299129627062
middle east,-0.08792179078574879
what in,-0.08792491138379663
roger,-0.08792860290786987
book was,-0.08796088192306488
original the,-0.08798373740475357
her is,-0.08800423247219505
stumbled,-0.08805588200812862
steve,-0.08807565046413704
like my,-0.0881458353623646
haunted house,-0.08815951463036421
story was,-0.08816060902226099
make good,-0.0881763984752834
his house,-0.088271437402888
chuckles,-0.08829589744601364
plant,-0.0883088398514128
bad because,-0.08833782749356486
to endure,-0.0883447401724409
screen in,-0.08834846924647269
human beings,-0.08836893759589937
to choose,-0.08841271291816988
and gets,-0.08842178512676935
very beautiful,-0.08847817292241117
use,-0.08848984748693405
this again,-0.08852613724174778
the need,-0.08855938384686508
that have,-0.08860218492530908
it feels,-0.08860773337986173
effects in,-0.0886225490152115
high tech,-0.08871630337897292
pal,-0.08873118406989533
viewing this,-0.08875084044140324
too bad,-0.08876628267974747
much longer,-0.08876683214306529
pink,-0.08879105195444402
people is,-0.08886354702871078
me he,-0.08888553431064748
where do,-0.08888633118729039
by saying,-0.0888901938900656
analysis,-0.08894935391510395
involves,-0.08898006499962603
sets and,-0.08901604599351347
shot in,-0.08901930803008153
you hear,-0.08902825737400646
there would,-0.08903093931453061
this by,-0.08905049282138644
together to,-0.08918419912174151
cast as,-0.08922036477512467
real story,-0.0892376217141276
is most,-0.08928409505980824
intended,-0.08931843840427632
gus,-0.0893277565155687
incidentally,-0.08932975459665471
has any,-0.08934119966965881
has such,-0.08946817962731447
other way,-0.08946967373684579
encounter with,-0.0894749465457133
twist,-0.08948832569503175
from what,-0.08950766519874719
movie first,-0.08954881343306152
director to,-0.08967613123311437
earth is,-0.08968468690554761
really didn,-0.08970198116599398
meets the,-0.08973454398634031
camcorder,-0.08974657811622955
sound and,-0.08975111694639636
fantasies,-0.08978613106452893
and comes,-0.08980739950958323
paced and,-0.08987060578682139
never had,-0.08987448282245813
this we,-0.08992023591153452
females,-0.089922675490267
movies in,-0.08994094907717684
wounds,-0.08994305866124341
could ve,-0.08995465819244111
idea that,-0.09006091885408242
bottom line,-0.09007582992991406
presented,-0.09007989340326103
they only,-0.09014515075615573
is either,-0.09015805817075068
was truly,-0.0902004000265144
min,-0.09028074881355698
as for,-0.09030122749411142
and went,-0.09032152541929095
irrelevant,-0.09043848339741015
to kill,-0.09043980799323167
sexually,-0.09046706277472101
was young,-0.09046999617994242
justify the,-0.09047391656263754
heavily,-0.09047443823505792
few minutes,-0.09054736130638036
everybody,-0.09059402895083289
section of,-0.09059615979254078
christopher,-0.0906045644473488
fathers,-0.09062524856540412
no surprise,-0.09063267583319869
beatles,-0.09065970687880032
just go,-0.09067601128230114
to move,-0.09067998231089208
off but,-0.09070590812669335
premise that,-0.09072406499763742
then this,-0.09073196358093263
re fan,-0.09073698053819315
since it,-0.09074895920457078
me out,-0.09077800097589986
was by,-0.09080116636997392
friends of,-0.09080220718753304
hopeless,-0.09080576991180403
who want,-0.09081561853542178
lead role,-0.09085721291383335
make sure,-0.09090860825760065
this comment,-0.09091838937190583
clunky,-0.0909548112841663
the grand,-0.09098073329486504
the dragon,-0.09104054658058618
two minutes,-0.09109934192670043
some friends,-0.09110535304549192
rooney,-0.0911342565035953
interesting the,-0.09117803457759842
sheer,-0.09117847960344344
signs of,-0.0911939964544268
his last,-0.09119641577518549
haven been,-0.09124680284571247
chemistry,-0.09126038057692291
talked about,-0.0912718653443738
they say,-0.09135491588694736
hard,-0.09137695354502781
apply,-0.09143358812642206
get him,-0.0915804020510733
talent in,-0.09159360571637698
shepherd,-0.0916114729148423
clever and,-0.09162000720319609
as far,-0.09166959972169471
the review,-0.09167606190368091
in almost,-0.09171021524578835
work that,-0.09176171638062894
professor,-0.09176537347425942
set out,-0.09177144873684182
yet this,-0.09184353264628714
reasonably,-0.09200099290504779
by him,-0.09201136110863849
movies about,-0.09203298322515696
someone would,-0.0920725870432683
and hard,-0.0920843293902516
you might,-0.09213311633245753
dawn,-0.09214483090439195
he never,-0.09214722257134257
are truly,-0.09219679347746296
predictably,-0.09222833910601734
reviewing,-0.09236201734827684
collective,-0.09246288211775422
not exactly,-0.09254812334965455
23,-0.09259118964084191
to like,-0.0926197360803995
manner that,-0.09265685152849958
gosh,-0.09277099271905959
make some,-0.09277466902278754
using,-0.0927856441632403
name of,-0.09279192921196076
person to,-0.09282958184038342
inhabit,-0.09287107869496579
after while,-0.09287698723224501
fever,-0.09287913017522179
do get,-0.09292167550131608
to bring,-0.0929256921697294
have something,-0.09293164056699792
having sex,-0.09294463196461208
rented it,-0.09296935010985989
marks,-0.09298395165662389
to hire,-0.093037095248932
shortcomings,-0.09307878360486362
marked,-0.09311128439431089
films for,-0.09316643876815225
designed to,-0.09318739188089573
day he,-0.0931954544084106
was written,-0.09328684296034648
thing to,-0.0933495190359869
joel,-0.09335937968651965
her head,-0.09340016652174585
who wrote,-0.0934118255486571
have never,-0.09341806244101691
deceased,-0.09345222473811972
tradition of,-0.09348006124150227
trees,-0.09348583252900337
is none,-0.09351097783541862
threatened,-0.09355913481264891
this sort,-0.09358075187215428
mere,-0.09359473300190797
late in,-0.09359501984532705
automatically,-0.09361021452784057
the tv,-0.0936134123857238
moment the,-0.09361706257377914
two and,-0.09362406639743281
internal,-0.09362958899713544
sets the,-0.09367711956432812
the over,-0.09371088649841373
wanting to,-0.0937214309734902
here that,-0.09375251309395435
but more,-0.09381922910682892
have written,-0.0938474808616082
on display,-0.09390032491278698
make movie,-0.093948098954352
in big,-0.09396563486054464
more time,-0.09399692892445585
added,-0.09403784403989761
also to,-0.09408276512066069
wedding,-0.09408827766249538
the background,-0.09410867087597319
couch,-0.09412788314838608
for anything,-0.09414738182636383
seeing the,-0.09422108229990782
his love,-0.0942800996730447
decision to,-0.09429086528487982
presence of,-0.09431327211501005
the french,-0.09433283097436883
existence,-0.09433902774767662
starting,-0.09434641306196087
make such,-0.0943632749449
health,-0.09439452808405906
which just,-0.09440819810641718
and somehow,-0.09441927143747464
happily ever,-0.09442740887175244
the finale,-0.0944480887083432
paul verhoeven,-0.09455290426000945
but as,-0.09455662432237981
nothing that,-0.09459008588579557
an extremely,-0.09459210364261475
junior,-0.09459472780183531
by one,-0.09459655920554992
men and,-0.09459901929311554
slow motion,-0.09469816864066519
much it,-0.09471999549616901
of mind,-0.09473933372536399
director but,-0.09480813022223807
another movie,-0.09483086762663183
me at,-0.09489160454560201
tempted to,-0.09493365212043056
film has,-0.09498398196949241
talks to,-0.09499924776546874
new and,-0.09500913804065554
bright,-0.09500927856464104
suggests,-0.09502602123254164
for 10,-0.0950584020303756
the walls,-0.09506337200329158
worked for,-0.09508455090007926
manners,-0.09513123121396648
he will,-0.0951605839593265
werewolves,-0.09517511104004306
motion,-0.09531132593073664
within this,-0.09541285049378413
depths,-0.0954313296283756
doing this,-0.09548592160725439
the captain,-0.09548824179853171
violence and,-0.09548908644268213
mom and,-0.09559231160970048
the crime,-0.09560282499070981
seen but,-0.09562002321356666
shoot the,-0.09563684475029526
ursula,-0.09564960874805503
prior to,-0.09568314558043214
really,-0.09570508740570682
cut it,-0.09571224722528911
believing,-0.09572022535928153
to develop,-0.09577586176420808
does she,-0.09578065496941536
so many,-0.09579952239476616
vastly,-0.09580968396003275
impossible,-0.09581585506310401
him if,-0.09585481758757493
wars,-0.09585727316005817
sixteen,-0.09588471023009679
do something,-0.09588728441642616
out one,-0.09589363518682009
documentaries,-0.09591575317595777
art direction,-0.09596922796800746
they take,-0.09598502560894863
work was,-0.09599063549098028
at my,-0.09603342218321022
the wife,-0.09605180442427823
wander,-0.09611115073965669
rated this,-0.09611973294396016
true the,-0.0961259688506865
cold war,-0.0961470899804282
sooner,-0.09617449096009105
and making,-0.09617513858948089
title role,-0.0961829147053588
owned,-0.09624216427465271
some nice,-0.09628134952518912
or whatever,-0.09633594207275882
did nothing,-0.09635405908831896
in but,-0.09635407143469221
attracted,-0.09635423533386267
down the,-0.09636567388695208
he knew,-0.0963769896161035
of those,-0.09638993722186767
producer,-0.09649477259024401
cookie,-0.09650646585405975
scenery,-0.09652605939956184
and always,-0.0965587007915313
hated this,-0.0965677123289219
busy,-0.09659400133093093
mother who,-0.0966300637248806
film don,-0.09663884944886306
indians,-0.09668326203121429
aforementioned,-0.09669470604533276
willis,-0.09677063869999113
the bible,-0.09680888758903919
cameras,-0.09680977039303688
the facts,-0.0968339625292705
since he,-0.09687608004206742
it are,-0.09688255330125238
props,-0.09691764373011091
definition of,-0.09699655475268545
really stupid,-0.09701185258186468
price,-0.09703006557476787
look good,-0.09704156915919646
is silly,-0.09705860463266062
doesn know,-0.09708685435099206
that with,-0.09709856044434391
how do,-0.09712088215242964
during,-0.09713863596129402
martin,-0.09714643312278465
and our,-0.09715774572251816
replaced by,-0.09716542527993183
who knows,-0.09716946106330783
depending,-0.09717576738526415
suited,-0.09717970387196327
sasquatch,-0.09721310028691726
the cartoon,-0.09722009731895467
stereotype,-0.09722885708030848
competent,-0.09723850508636792
lot like,-0.09724001308941882
however is,-0.09724234417041369
its so,-0.09727137976997892
girls and,-0.0973517088810303
claims to,-0.09736661669290096
with something,-0.09738101020895645
significant,-0.09738735298267039
hello,-0.09738750234778636
the exception,-0.09744379907829993
to light,-0.0974973204030068
fashion,-0.09750810928230606
unlikable,-0.09760192010696565
offs,-0.09762314938340895
samurai,-0.09766326025449028
trouble,-0.09769804532678597
approaching,-0.0977423213865682
excels,-0.09774569265440076
indian,-0.09775528560093287
mon,-0.09776707085825856
his latest,-0.09779252520870652
employee,-0.09799888944301953
scenes which,-0.09800564889544863
potential to,-0.09801558388154202
enemies,-0.09803592915787014
it better,-0.09804372396832511
bait,-0.09807267349625251
sex scene,-0.09815244506807645
function,-0.09817763104165103
it begins,-0.09819214677286774
invited to,-0.09820972941343897
merit,-0.09830434291620835
door,-0.09832731387544995
traits,-0.09833980862772973
hateful,-0.09837586372340222
brains,-0.09838007911077612
had it,-0.09838206847040305
the rape,-0.0984222448925347
learn that,-0.09842303284479985
brother who,-0.0984536777990243
is non,-0.09845544010525284
ocean,-0.09851115006955206
such bad,-0.09851961066077576
third of,-0.09865092396587587
repeats,-0.09865812136475255
very difficult,-0.09870907557033543
are still,-0.09871194610448934
load,-0.09872076235900655
disliked,-0.09879957376616731
seem like,-0.09886495994041156
somewhere,-0.09886659078061205
access to,-0.0988915299593502
it almost,-0.09890160243694275
woman and,-0.09897418584749734
songs and,-0.09901711494798891
twin,-0.09903121847679508
the 50,-0.09904872845747734
an ending,-0.09905193558220746
stiller,-0.09908388787960366
for as,-0.09909099674475579
no better,-0.09916232624814628
beginning with,-0.09916484277489507
the reasons,-0.09919075088551024
and got,-0.09925567102919741
you had,-0.0992643730823353
my attention,-0.09931176348007617
chair,-0.09932314842749089
of film,-0.09940798440099641
nearly,-0.0994128590098202
the dumb,-0.09943781983008279
stephen,-0.09943783538175675
her friend,-0.09944116975871337
to pay,-0.09949259873506067
by someone,-0.09953982966118385
do this,-0.09954761120955605
she still,-0.09954770670822549
movie actually,-0.09958557885960023
her way,-0.0995982325008183
with which,-0.09960097365817445
far away,-0.09971694088120382
their love,-0.09977304739723772
go for,-0.09981772695462812
him by,-0.09992788133409508
go from,-0.09996874462468547
you couldn,-0.10004553951325985
time is,-0.10004766143661985
stardom,-0.10005042630288419
meredith,-0.10005792672014156
something but,-0.10007735301227304
yep,-0.10011824019031343
subject of,-0.10017493178473261
so no,-0.10018361251995311
gave him,-0.10018985478165056
she only,-0.10019047205817504
since there,-0.1001956005317797
she looks,-0.10019647945833123
sometimes it,-0.10019872620693021
of problems,-0.10020926249603443
infamous,-0.10024353655108437
or good,-0.10024886176822932
1955,-0.10025040580697722
what not,-0.10027272738984937
to perform,-0.10027378054222058
are always,-0.10030528940634928
budget movie,-0.10034822192963916
be at,-0.10037134107665933
acts of,-0.10042135745039259
shock value,-0.10042225395203144
vietnam,-0.1004735429470037
pants,-0.10048992855070178
definitely the,-0.10056259835871607
into something,-0.10058058524288255
main plot,-0.10060620932101055
burn,-0.10060799805202429
the location,-0.10069273118355854
church and,-0.10069832030033814
dvd for,-0.1007218126975549
releases,-0.10073142495458681
primal,-0.10073877267441628
steiner,-0.10077133128533308
before being,-0.10079777313479857
movie not,-0.10080383421481438
be serious,-0.10083824765266483
to allow,-0.10085320875302632
19,-0.10098058296848036
to comment,-0.1010863461363634
executive,-0.10109663970872844
just one,-0.10116214812967562
was produced,-0.10117613865279577
know they,-0.1012060282766363
the mirror,-0.10121388782891494
falls into,-0.10129776611880964
the civil,-0.10130655517333075
sergeant,-0.10131819184615162
took the,-0.10132896632326918
that should,-0.10134421384944872
the week,-0.10135155493126136
before she,-0.1013633731101835
actors to,-0.10137573465044288
are already,-0.10150376569597597
comments on,-0.10153135776615245
middle aged,-0.10153496736651701
times before,-0.1015460000943881
imagining,-0.1015800162057229
morgan freeman,-0.1016478186306853
hate this,-0.10169793037932387
not by,-0.10172524568010526
amused,-0.10178600554626269
edition,-0.10182128511860443
handling,-0.10185465163948311
one year,-0.10195040711864654
station,-0.10195420853555008
the style,-0.1019863518195644
here but,-0.10204810735563034
for revenge,-0.1020486407968
to run,-0.10206764130354727
conveniently,-0.10209531591309104
until they,-0.10209648290893313
it any,-0.10210436866933503
crying,-0.1021735523256062
reason and,-0.10222082768604977
at your,-0.10223566731668762
chased,-0.10229103413487207
woods,-0.10234280211716826
the air,-0.10235106208779826
unfortunate,-0.10243338087430863
where she,-0.10256260903571342
would also,-0.10257439314611316
that looks,-0.10260598153347635
jon,-0.10261690315636168
might actually,-0.10267044804248561
storyline and,-0.10267575884618635
resort,-0.10274902952035701
an adaptation,-0.1027550564939636
this title,-0.10277121779806697
person and,-0.10281007880013919
are couple,-0.10283439972989215
kill them,-0.10284904094980982
hopper,-0.10286218861060914
as little,-0.10288098552277919
that got,-0.10291834269842212
gig,-0.10297642806615422
board,-0.1029915549013111
incident,-0.10299496428541846
does what,-0.10300390285043877
history of,-0.10300548656553923
wreck,-0.10300939701820609
bunny,-0.1030229929253144
depending on,-0.10316229007962958
fault,-0.10321224643713926
the supposed,-0.10325129776706307
chase scene,-0.10329387278049114
woman is,-0.10337796592852821
and costumes,-0.1034488798461259
off on,-0.10346204267888044
just some,-0.10352582638734767
everyone else,-0.10353281378923167
in no,-0.103564118669456
film being,-0.1035815877892063
disdain,-0.10360461856238261
phrase,-0.1036149000861265
which means,-0.10365064060007514
well have,-0.1036730507583047
faux,-0.1036921211450207
actually made,-0.10371832876554456
burt,-0.10373198343701406
reviews on,-0.10374166040997583
equal,-0.10374496853871226
some more,-0.10375197610884168
she gets,-0.10384739538366136
don care,-0.10384827040411426
themselves in,-0.10385589362204349
dirt,-0.10385654689010446
however it,-0.10386220772804733
the female,-0.10389459585550542
pair,-0.10393394378690936
girl was,-0.10393849421337423
shoots,-0.10396988267119533
sentence,-0.10402307854834876
the horror,-0.10403480784627137
depicting,-0.10406082412511955
vaughn,-0.10407288952611944
lip,-0.10407921082421329
on stage,-0.10409475580594438
like when,-0.10411744274116369
ass,-0.10412590338546861
the moon,-0.10412819276330824
10 lines,-0.10417259912229468
profanity,-0.10425853796424575
of little,-0.10426108353441631
atlantic,-0.1042740233412093
original story,-0.10432312369775845
better the,-0.10433400419465763
minutes or,-0.10438016820676964
cleaning,-0.10439027274902575
with another,-0.10442166713057287
her to,-0.10446339659598065
of science,-0.1044769996187526
not his,-0.10447989800896088
scripted,-0.10451774824183332
had made,-0.10454355134568634
required to,-0.10455985889043735
concern,-0.1045681416285133
else it,-0.10458666665360514
quit,-0.10466063497904143
could give,-0.10470409183474758
writing and,-0.10471129400509946
as result,-0.10475107894046402
cabin,-0.10475381758357176
no way,-0.10477998421561091
there one,-0.10479586949399368
cheating,-0.10482329580968844
turn out,-0.10491458273246126
lead character,-0.10496159522255545
2007,-0.10498690794474576
so it,-0.10499473713637979
my brother,-0.10502026879659218
films made,-0.10502213295714287
ever after,-0.10503101105676288
which isn,-0.10510733852540538
the kitchen,-0.10513281478213361
there absolutely,-0.10514110700331836
operation,-0.10514928729815722
to express,-0.10514946506935154
be over,-0.10516310134365849
film if,-0.10521816977936957
on him,-0.10523193949031533
beverly,-0.1052765189057637
boys and,-0.10535649644016368
rid,-0.10536310608049339
not show,-0.10536741296038729
get any,-0.10538468664110014
till,-0.10539362074225189
the sci,-0.10541018239096428
progresses,-0.10545861483644577
and like,-0.10548549597095007
action adventure,-0.10549464712190923
ten years,-0.10551178357735548
the much,-0.10554305597810439
laughter,-0.10560845969456423
disguise,-0.10565262339440859
the anti,-0.1056683575456358
away in,-0.10568868381409899
level of,-0.10577857785737783
palestinian,-0.1057865792778546
this might,-0.10581350877210906
participants,-0.10581760521387783
of why,-0.10582504048024595
rocky,-0.10587021194952154
story but,-0.10590150032603433
never seems,-0.1059189571712416
scenes the,-0.10594884167359007
do better,-0.10597447299184813
was really,-0.10601373164276591
according,-0.10601718551343244
big brother,-0.10603415825722556
whether it,-0.10609114385624091
entitled,-0.10611895461569242
action films,-0.10613374303335621
still have,-0.10614110509832016
portray the,-0.10618738101074573
and look,-0.10619718741907767
one out,-0.10619977303297573
good reason,-0.10625942041048424
ps,-0.10627133182493351
as usual,-0.10635751352852874
it deserves,-0.10636034512238093
vehicles,-0.10639438988482575
clay,-0.1064001501117872
hint of,-0.10662287165595638
conversations,-0.10663188528783023
got this,-0.10668888447187723
pool,-0.10672708591799783
expect much,-0.10672810427334437
it another,-0.10676764951908972
from movie,-0.10679028472235806
look of,-0.10681567058599482
acting to,-0.10687407382082464
done with,-0.10688670988958968
not work,-0.10689236610597967
mouthed,-0.10690231642117978
abortion,-0.1069360083702959
befriends,-0.10694826283382133
1998,-0.10697702886772945
career as,-0.10704587516614066
army of,-0.1071322980637905
me like,-0.10716016236993084
decline,-0.10716444205879984
yes,-0.10718677977647409
jar,-0.10721293004559171
irish,-0.10723756283602849
iron,-0.10726212235801842
she should,-0.10727418984818844
wealth,-0.10733558669156111
excellent in,-0.10736739919018638
investigating,-0.1073691921903704
in for,-0.10738103363103067
is important,-0.10739302448037598
series in,-0.10744631856886966
band,-0.10751075254163368
endure,-0.1075191920236863
disgusted,-0.10753943521089698
take some,-0.10758844963484983
not entirely,-0.10759847840336567
visit to,-0.10760251450427942
wound,-0.1076897692318875
this dvd,-0.1076967333319909
the directing,-0.10771119592907218
if one,-0.10775994920015977
so long,-0.10780936649556899
sidekick,-0.1078927845068557
have left,-0.10791996420940878
offered,-0.1079418360405423
was such,-0.10796379947695857
aspects,-0.10796806606677216
running out,-0.10799358722546296
argue,-0.10800876464537786
murder of,-0.10801546603126863
had very,-0.10807729617601093
produces,-0.10807766892682895
steven,-0.10817805096788166
found myself,-0.1082871678044829
hannah,-0.10828861774531337
can honestly,-0.10830179257234823
really happened,-0.10831761597589734
to bed,-0.10833657440413569
to listen,-0.10838553585387206
and asks,-0.10839617910933964
naschy,-0.10840256722976366
work but,-0.1084028913485263
absence,-0.10841477214612348
he wasn,-0.10841813218190349
it from,-0.10843098202084733
and despite,-0.1084430635297152
storm,-0.10848970272124647
this or,-0.10855275960114544
sticks,-0.10857747068705181
there that,-0.10864122267633179
radical,-0.10864254941890941
cd,-0.10865179971302884
with big,-0.10865212382170458
it gave,-0.10865586812293132
instances,-0.10869173930601132
did we,-0.10872425734793376
device,-0.10876334391377818
crisis,-0.10882964422689165
on what,-0.10883324554566005
the difference,-0.10888645392541002
few people,-0.10891672360409951
didn make,-0.10894107121388326
amazingly,-0.1089413697699359
gordon,-0.10895440803231998
in addition,-0.10896378387064486
not do,-0.10905477843748819
movie than,-0.10905491029960421
no excuse,-0.10909439561546358
composed,-0.10909529954795338
be used,-0.10910385200189278
laugh,-0.10917722558590562
it had,-0.10920013152407468
the lead,-0.10920491592712327
cliches,-0.10921950271376657
charisma,-0.10922520635181092
get real,-0.10924959322693957
four years,-0.10928543478305845
film would,-0.109302208224275
do much,-0.10938891098591495
camera and,-0.10946450969647158
behavior,-0.10948361120580327
and people,-0.10950778229592531
around and,-0.10951892311804302
her from,-0.10955807655456419
where this,-0.1095588958730099
yelling,-0.10958381856868113
terrified,-0.1095898841146736
that something,-0.10960243210377028
to eat,-0.10962394402280622
they couldn,-0.10964352624627836
where did,-0.10966628981245628
how to,-0.10974376615521587
who gave,-0.10974382646442724
horror flicks,-0.10978911704908681
the night,-0.10980423906836828
person in,-0.10986089449346255
that film,-0.10990183650533718
bit of,-0.10990673328893523
cut and,-0.10995100159823563
sorely,-0.10997616478026269
candy,-0.11000528193593792
lab,-0.11000819150717665
porter,-0.11001016120115112
this before,-0.11003953672276116
need of,-0.11004005204158035
place it,-0.11005074585046033
drawn to,-0.11012427343338085
comes back,-0.11013146984104216
decisions,-0.11015744524636262
product,-0.11017710876102646
the success,-0.11022323144003071
but her,-0.11026543746399675
would seem,-0.11036758835907831
live up,-0.11041856081748762
the attack,-0.1104200879001595
youtube,-0.11043252888533542
in contrast,-0.11047519197514276
never made,-0.11048096235700623
session,-0.11048904757767776
dedicated,-0.11054774296707691
do is,-0.11062073036439296
definitely not,-0.1106508924199258
nearly as,-0.11068644709088402
them into,-0.1106913909693169
bitten,-0.11072349243282172
died,-0.11072651462361467
yell,-0.11074587330397351
affair with,-0.11082521919397614
for christmas,-0.11085840723754209
priests,-0.11090070294199729
and frankly,-0.11091973320831237
certainly not,-0.11094384198806376
thrown into,-0.11098999174615744
though is,-0.1110009821712407
of poor,-0.11102256636726472
the bunch,-0.11104961928003372
mad scientist,-0.11107311161509044
these characters,-0.11108585183075115
stalking,-0.11109128883720465
also an,-0.1111056857330274
this same,-0.11115154707559977
intensely,-0.11115630042471125
audience that,-0.11120357251819879
might not,-0.11122909657056593
premise is,-0.11126960654212355
two stars,-0.11127519626337516
might be,-0.11135941706244996
story lines,-0.11140962935189933
francisco,-0.11145891446731802
divorced,-0.11152821972004649
and and,-0.11155709437697958
his film,-0.11157043404046381
interest for,-0.1115896792429574
ally,-0.11169635754451308
good this,-0.11170381254394626
an all,-0.11176726596979494
up he,-0.11178208644286632
is usually,-0.11180059777831779
people on,-0.11180665954577731
hatred,-0.11184074163689865
their money,-0.11191333745850225
only because,-0.11193519809366298
scenes at,-0.11198816998476464
ratio,-0.11199898908792734
sue,-0.11204504146841561
critique,-0.11212720812114102
preview,-0.11216652602624973
was boring,-0.11216802137060114
during that,-0.11226224627645709
long way,-0.11226707012675718
you that,-0.11228866406339898
realize,-0.1122960130757634
check,-0.11234806551405446
action flick,-0.11235110212200328
masks,-0.11237680792570677
dates,-0.11244575006773898
feature film,-0.11247791176044802
horror of,-0.11250587108408892
havoc,-0.11257170170555941
alert,-0.1126129085121876
10 year,-0.11263360277766506
explained,-0.1126370703003687
go back,-0.11266684073057974
abraham,-0.11275361427204465
shaw,-0.112755258120978
an over,-0.1127575679836929
stop it,-0.11276177686079876
boyfriend and,-0.11279222005257646
on at,-0.11292378167277745
little kid,-0.11293566549490922
the job,-0.1130234556610698
production and,-0.113032046882423
why you,-0.11303260776390164
build,-0.11304944975805527
and simply,-0.11305521315383224
22,-0.11307740999725673
was definitely,-0.11308605658192829
now he,-0.11308656413725822
kid who,-0.11310676014367932
graham,-0.11318054579456673
that said,-0.11320602602909889
turn to,-0.11320763991602006
to walk,-0.11322639823352035
horrifying,-0.11323087120156695
character actors,-0.11323423476843307
characteristics,-0.11324682946683756
don understand,-0.11327528429477868
cain,-0.11329133701729766
daughter who,-0.11332431178405462
thinks he,-0.11333552966423054
cab,-0.11333869419254794
some other,-0.11334339391342392
homosexual,-0.11336391589980362
climatic,-0.11338831716216383
boy was,-0.11340455595852067
but only,-0.11344437776454457
of place,-0.11351434158645038
it which,-0.11352150727572728
these scenes,-0.11353316328547489
jenna,-0.11354031372662977
led to,-0.11354762495622693
woman but,-0.11355328302684076
because am,-0.1135680383952746
mile,-0.11357485844214567
it turns,-0.11357895116624155
film or,-0.11358336181473574
brought in,-0.11360165543083489
irritated,-0.11364030595645931
shocking,-0.11368269430697957
love between,-0.1137625351523316
stupid it,-0.11379766028006373
the content,-0.11384395790270888
one word,-0.11386037895686829
one might,-0.11387017528140354
neither of,-0.11387523752418936
what could,-0.11389302016037328
nice but,-0.11389813461201165
writers and,-0.11391017094776745
one they,-0.11391073328531362
in two,-0.11391922110175585
foolish,-0.11395114585108933
cross,-0.1139742001477129
the 70s,-0.11398343399672466
he keeps,-0.11399993136819554
had so,-0.11406272706719395
face to,-0.1142876883335874
movie ends,-0.11431462437041398
told the,-0.11432196244140412
cena,-0.11435002580184095
impression,-0.11440530081972289
make no,-0.11442400032801693
psychotic,-0.11442703181428007
advice to,-0.11445684858522691
linda,-0.11445811515006489
we ll,-0.11450782136205884
in case,-0.11455347125428644
of which,-0.11456169358139252
even see,-0.11457768676128642
it often,-0.11467942600519508
there the,-0.11470033156611865
films this,-0.11471749652705997
the makeup,-0.11474015146614834
her lover,-0.11475229235917676
asked,-0.11478993378391558
disappear,-0.11479685015069181
on with,-0.11483008510097256
two are,-0.11493242398584526
in every,-0.11497828870573382
you give,-0.11498716947336557
all very,-0.11499803709895161
two or,-0.1150246844100844
out this,-0.11507138055179468
stops,-0.11509630365726307
toilet,-0.11510096275858922
crap that,-0.11510820650297117
that way,-0.11511381191002182
resources,-0.11513646296402967
he isn,-0.11518870934037091
no attempt,-0.115210857609272
spread,-0.1152688127329533
tempted,-0.11527535063305426
but without,-0.1153176659939062
altered,-0.11534879724153087
it do,-0.11538546357401848
fun as,-0.11539687720851433
duke,-0.11542075020923774
je,-0.11544046945152178
films have,-0.11544675779030676
that kind,-0.11547005015751442
ghetto,-0.11549733642272618
side the,-0.1155035028829869
stories of,-0.11575707216386884
is clear,-0.11577074135660065
the actress,-0.11579303283856272
crystal,-0.11583328114588792
likes,-0.11588125042394609
could of,-0.11593419504645174
director would,-0.1159701358789167
believe how,-0.11602608881202696
cover and,-0.11606316106146217
fallen,-0.1160814140931238
which can,-0.11609870606871056
coat,-0.11612177205372534
was one,-0.11615156386234152
enthusiastic,-0.11616698875900625
possibly be,-0.116204879688292
the laughs,-0.11624194009388304
pretending to,-0.11627667432223521
it together,-0.11628316621301471
being,-0.11649934560894101
us with,-0.11655010659344069
writer and,-0.11655989625218872
equipment,-0.11661632370148022
with not,-0.11668967056341892
idea for,-0.11670517155146623
tons of,-0.11671030891876606
blowing,-0.11673288115638016
it anyway,-0.1167390012084593
from different,-0.11677007032301648
get the,-0.11678370296990168
evidence of,-0.1167960799184967
stunned,-0.11679963536036428
as others,-0.11684886435459133
that on,-0.1169045839846995
but couldn,-0.11691821772616527
for good,-0.11699206480107008
good movies,-0.11703613674163123
onto the,-0.11703636143042283
changes,-0.11710039014880969
larry,-0.11716207435085246
her face,-0.11723026258960223
production of,-0.11723660469378494
over for,-0.11730726967682098
human condition,-0.11731943551666822
show how,-0.11732112495918826
right mind,-0.11736918787383513
loretta,-0.1173755975644715
his sister,-0.1173923397321209
itself is,-0.11739765373555149
champion,-0.11740679715687447
reruns,-0.11746291041266296
shootout,-0.11746804409842893
fist,-0.11746885754944394
russia,-0.11748444883494007
the house,-0.11750303923257131
this horror,-0.11753922944292196
entertained by,-0.11754632969301365
husband and,-0.11766373419777486
in most,-0.11768597491512775
done the,-0.1176945592819316
better then,-0.11769795319369696
go down,-0.11771240813409506
and who,-0.1177181090268746
their best,-0.11783561530005053
long it,-0.11788303091273139
is new,-0.11788732029796385
reid,-0.1180244748211197
insert,-0.11819667618683166
after being,-0.1182014752955573
know it,-0.11821222274344564
happy with,-0.11824395330738832
supply,-0.11831626573939585
peter,-0.11833072606657344
all are,-0.11843576692071764
servants,-0.11844741490822987
faster,-0.11846885157578727
intrigued by,-0.11849055683158458
to cast,-0.11851325641634632
ghosts,-0.11855148243387711
the total,-0.11855372242574994
kiss,-0.11855595087750327
flower,-0.11874753190295562
the earth,-0.11879257452478699
the news,-0.11880753419915872
the disney,-0.11884544923070832
kingdom,-0.11894913959557016
hungry,-0.11898248845274252
last film,-0.11901579648259587
of fear,-0.11904082544278978
weird,-0.11908386532561022
man to,-0.11909416160975288
for starters,-0.11910052670582241
millions,-0.11911504554533893
add up,-0.11921288933322005
biblical,-0.11923784860044968
of hours,-0.11926514353311107
that don,-0.11930237100257611
great actor,-0.11932938924227622
with different,-0.11945037669676119
from any,-0.11950264580277589
orgy,-0.11950574568725439
filler,-0.11951716827363064
space,-0.11960767727547808
to take,-0.11968183638765696
amounts,-0.1197630242802804
and may,-0.11982874827685154
turn into,-0.11985643712711125
wife and,-0.11987753132953016
they took,-0.11987791563336872
and totally,-0.11992668489241372
silliness,-0.1199542890858534
the stories,-0.11996624617889014
after her,-0.11997007884203534
full,-0.12000816656010607
ll admit,-0.12002349037123605
path,-0.12006273049558205
realize that,-0.12007147169869943
before that,-0.12007558429921328
my girlfriend,-0.12012351769338968
comparing,-0.1201610534516545
they put,-0.12029029966857868
believe in,-0.12037001219957826
lead to,-0.12054055413744269
how can,-0.12059251478415854
runs out,-0.12063828616230499
re all,-0.12069863508648701
gore effects,-0.12081813313456045
big screen,-0.12086043438510964
bonham,-0.12086372197314371
bonham carter,-0.12086372197314371
is some,-0.12090364261350449
can not,-0.12092714086118878
the production,-0.12095149498663037
natalie,-0.12098609609486952
re just,-0.1209888441657317
aside from,-0.12100182683565901
to present,-0.12104259674964521
is sad,-0.12113008301589989
an empty,-0.12115034139707952
thinking,-0.12117197876981455
going through,-0.12120862871160282
being chased,-0.12123092850003424
had done,-0.12125258815198044
pearl,-0.12127824198299268
like was,-0.12132086653612881
on some,-0.12133164065935768
maybe that,-0.12133493475167656
performance and,-0.12134677560732253
make their,-0.1213752795196124
later the,-0.121392297089126
who gets,-0.12143113018556428
mentioning,-0.121478597340775
could it,-0.12154619962729686
the annoying,-0.12158466685682445
or that,-0.12158560223596118
he had,-0.12158779910654238
this does,-0.12163391947222532
america and,-0.12165731099607226
is low,-0.12170000921419964
rent it,-0.12172947295632977
reeves,-0.12173974992248136
story there,-0.12179671849706997
dogs,-0.1218073510074181
travesty,-0.12181259378552595
and way,-0.12181269176962627
life was,-0.12184317954086156
philosophy,-0.1218749366450827
face and,-0.1219222310666959
half hour,-0.12194487910524304
still be,-0.12194781274229816
with and,-0.12196836021025723
monkeys,-0.12198259085175524
to pass,-0.12198467759283081
is best,-0.12199144246978516
melting,-0.12199210498553076
pains,-0.12205545281784592
that for,-0.12206382012584725
so on,-0.1221076276525268
flick is,-0.1221192932176199
demonstrated,-0.12215488494050193
and talks,-0.12219947864994823
bad taste,-0.12221489532927525
passing,-0.12224656115852076
here there,-0.12227096065969549
friend who,-0.12231823958188552
involving,-0.12232504031372636
we live,-0.12234710263069659
the street,-0.12236822370311015
especially with,-0.1223856602566845
crude,-0.12242993628325283
who enjoy,-0.12245743529971034
demons,-0.12249574749595804
is taken,-0.12254393768302281
same,-0.12261297895003678
intent,-0.12265314449537133
arguing,-0.12265606801003869
central,-0.12274302293792952
excuses,-0.12279709261037255
the soldier,-0.1228229716344048
premise and,-0.12284297104463232
shots in,-0.12288933739364809
snl,-0.12290042236982435
picking,-0.12306995794393398
one really,-0.12309471879422047
the truth,-0.12310612828751433
just can,-0.12314806850046643
flesh and,-0.12321278683750024
inadvertently,-0.12322023455945064
two dimensional,-0.12322418153830059
with low,-0.12322527598604953
play the,-0.12323330073514997
pacific,-0.12325131142127375
people but,-0.12335595694347672
others are,-0.12337848854636284
what about,-0.12338294167544765
arc,-0.12340898307024853
outfits,-0.12341014290026311
cringe,-0.12343381229952582
understand the,-0.1234695694971538
by that,-0.12352400344077527
movie theater,-0.12354462119379425
reporter,-0.12361399055416795
on camera,-0.12361662027802206
movie while,-0.12368069408094899
flashback,-0.12368538307479332
quite as,-0.12370109385585235
ever saw,-0.12372729206183536
whereas,-0.12376494032876821
off in,-0.12376586639586432
years but,-0.1237698639812434
proceed,-0.1238591521117661
and art,-0.12386733302914317
to rescue,-0.1239363861260651
efforts,-0.12397730700388504
than anything,-0.12398086261076822
vein,-0.12398482116625713
will admit,-0.12398608975187228
enemy,-0.12402362595335424
but did,-0.12402573573520258
you remember,-0.12411572342137105
is extremely,-0.12415220504183254
ought,-0.12415398238532477
film industry,-0.12422687595186037
this terrible,-0.1242752277495211
unrelated,-0.12427718609089257
1944,-0.12429822069362113
joe,-0.1243231835226322
there even,-0.12435354382269645
the window,-0.1245116711051177
serve,-0.12452876752361648
said about,-0.1245346352088795
eli,-0.12454083614555642
someone else,-0.12454084907657484
james,-0.12455904833526474
titanic,-0.1245661136478061
stations,-0.12467312596774814
at last,-0.12473356652443038
movies where,-0.12480702700936439
liked about,-0.1248306313263908
plot lines,-0.12487869617594508
camp,-0.12489805923160477
be very,-0.12492150910639632
and acted,-0.1249365476276088
error,-0.1250247836603446
and boy,-0.12505450842619154
holy,-0.1251002405006078
genre the,-0.12512420712659852
at some,-0.12520711341921587
struggles,-0.1252573840798403
lacking,-0.12526566244777262
rising,-0.12528050074401595
friends to,-0.1253234891891341
and co,-0.12538815958061825
in great,-0.12539726309180882
shah,-0.12544582969969764
have her,-0.1254831936350023
1st,-0.12550209032860554
choice of,-0.12553794958869405
again the,-0.12557345107849102
seems like,-0.12557593621766264
through an,-0.12558135438333173
and set,-0.12560545481279525
refer,-0.12565957911209158
the serious,-0.12568347245861503
though she,-0.12572293382258787
pretend,-0.1258346458414572
coward,-0.1258787135978256
photographer,-0.1258939659177689
types,-0.1259085386921218
who make,-0.12594857965009001
how long,-0.1259689537704268
he gets,-0.12597509140805893
at him,-0.12598775297523176
which in,-0.12599839550076905
afterwards,-0.12599908582191385
1975,-0.12608614640573265
had in,-0.12608626779238985
bothered,-0.12608716425246616
ridden,-0.12618639732940054
because there,-0.1262034756529175
woman who,-0.12624088657281726
yes that,-0.12625451199864862
get back,-0.12629848182074072
the money,-0.12640822315605751
by peter,-0.12645007971248767
script the,-0.1264743755321541
worst part,-0.1264767891495406
practically,-0.126499081704665
the lack,-0.1265076033607071
do for,-0.12651794103804212
over it,-0.12656693395767
before,-0.1265740234572554
support,-0.1265795382137287
intellectual,-0.12658563010112978
the really,-0.12659831342888805
presume,-0.12660985332724406
and since,-0.12661114192945183
snuff,-0.1266405951479644
morons,-0.12664581635923922
shaped,-0.1266670567953592
firm,-0.12678207718673773
so my,-0.1267970872102451
goes through,-0.12681113889015838
good moments,-0.12682446590251825
issues,-0.1268497672738901
man and,-0.1269039518952019
conditions,-0.126919954498636
character has,-0.1271011429129824
1988,-0.12715146901896957
outer space,-0.12720512651225901
for years,-0.12721965384067463
video camera,-0.12723389739925584
proving,-0.1273205813368834
have given,-0.12734088665232554
legs,-0.12734273487268483
agenda,-0.12742377578949804
to place,-0.12742859312105573
spoke,-0.12744717441832507
sally,-0.12746749883752148
stuff,-0.1275630494584016
pay to,-0.12760001539036298
freaky,-0.1276107920838581
put this,-0.12761146796382086
film what,-0.12766287710725824
claiming,-0.12770555864808067
how much,-0.12771019715366344
storyline is,-0.12777112420725167
benefit of,-0.12779150431784408
what else,-0.12781109964654547
the major,-0.12785491773776164
basinger,-0.12786525747954805
before they,-0.12801832905760674
the grave,-0.12802328756903772
pair of,-0.1280610253540313
an interview,-0.12811077389082698
about her,-0.12812786862232348
promoted,-0.12816702580958125
the passion,-0.12822909463582619
spirits,-0.12832600118597617
me but,-0.12832891677387429
here he,-0.12840588709173772
flash,-0.1284508175933287
funny thing,-0.1284726067275178
fact it,-0.12850470605486455
or you,-0.12855141814822657
that another,-0.12855206442798384
who never,-0.1285531108877588
and john,-0.1286826301016147
have this,-0.12875307379156833
harmless,-0.1287876433614967
see if,-0.1288061557392396
in order,-0.1288628920146974
playing the,-0.12886787922976856
make them,-0.12892676525207786
ten minutes,-0.12893880095662483
this because,-0.12902772483617334
poem,-0.12903445994286572
the demon,-0.12904059845214055
to tell,-0.1290426067132486
forget about,-0.12909749048645264
doors,-0.12910211892878581
kind of,-0.12911054318943693
sets,-0.12912497954659774
witted,-0.12918153571801522
them off,-0.12925194493888545
of mr,-0.12925900341275956
the bizarre,-0.1292772167071418
flashbacks,-0.12938788619298144
but has,-0.12939097637248334
spare,-0.12942373123135223
bit more,-0.12943032412112768
is your,-0.12948211791452116
undeniably,-0.1295162346025183
family the,-0.12955621577671092
watched,-0.12956437458820727
which takes,-0.12957211388980813
ain,-0.12982394542325823
briefly,-0.12982767796515127
misleading,-0.12983805196846646
much too,-0.12986971819302626
cartoonish,-0.1298709185636683
heading,-0.1299542237426881
best friends,-0.1299606836554334
ought to,-0.12997386844419348
but are,-0.1301292199603944
graveyard,-0.1301336670439158
possess,-0.13013503915283112
rampage,-0.13014642525257789
weaker,-0.130171736679603
standards,-0.13019758573430165
the cops,-0.13025651688814133
and actually,-0.13032150487259359
forget the,-0.13032207569525164
kill her,-0.1303338130752822
my friends,-0.13037838195360474
as being,-0.13038525239770335
from which,-0.13039251892474446
memory of,-0.1304415699273214
can think,-0.13049769035086514
to continue,-0.1305257137458003
isn it,-0.13057996762124302
movie goes,-0.1306040066221066
scene the,-0.13077118433564486
the non,-0.13079608737479634
perform,-0.13080403166566995
the almost,-0.1308115077620242
consequently,-0.13084587374447315
to fast,-0.1308571047010697
had an,-0.13089968997442844
modern day,-0.13093727340192834
glowing,-0.1309732063920486
the gore,-0.13097634902221691
have anything,-0.13102719443017188
portrayed in,-0.13102829553374506
roles but,-0.1310834437832983
higher than,-0.13109487396043074
had good,-0.13110226755131857
look as,-0.13111099238399804
does the,-0.13111343972915043
giving,-0.13112606581142122
changing,-0.13117186697643832
decide,-0.1312031105628255
apocalypse,-0.131243110071596
reading this,-0.13125162130025403
production design,-0.13131888881065068
are quite,-0.13136331226107018
meaningful,-0.13136757218909872
it seriously,-0.13138421172495066
invasion,-0.13140803529359718
establishing,-0.1314412051421992
streep,-0.13149298970481849
image,-0.1315623460077459
again but,-0.13158941954166609
dramatically,-0.1316391453956
chain,-0.13165880964784252
sitting in,-0.13170046128937157
correct,-0.13172519103728905
serves,-0.13175127153224203
performance was,-0.1318291440664105
those are,-0.13184209472060748
attached,-0.1319142769526823
baffled,-0.13191512399617314
this entire,-0.1319373493520076
himself,-0.13197220012439212
is to,-0.13199030021176217
break into,-0.1320356206832367
paris je,-0.13207862094814474
hills,-0.1320841792471344
is merely,-0.1321000106418941
too slow,-0.1321307235857934
how anyone,-0.13213842848387852
case you,-0.13218146508103562
lady in,-0.1322843415990986
dylan,-0.13231550714584733
orders,-0.1323290003126795
who don,-0.13236814413280634
basically the,-0.1323850761566977
mysteriously,-0.132528774762583
about any,-0.1325427823863897
turned it,-0.13254560966717174
firstly,-0.13254839095483947
exception of,-0.1326123505459428
more so,-0.13262716977100256
to speak,-0.13263073593695376
the various,-0.1326413849391979
struggling,-0.13275729352566276
daddy,-0.13275825683043277
prove that,-0.13279188618068494
watching it,-0.13282066179749344
hit by,-0.13284058686977782
jokes that,-0.13286187557375428
celebrated,-0.13287313430466455
other movies,-0.13290148723513334
featured,-0.13291092317964084
as its,-0.13297143479779855
off his,-0.13297408941358937
actress but,-0.13298752964019717
would never,-0.13310811415072066
tie,-0.13313528232496805
but after,-0.13315662084517663
handled,-0.13320989322137183
living dead,-0.1332143361239911
his lines,-0.13322358428130196
as you,-0.13322454322541205
school,-0.13322465372705902
starters,-0.1332712626551593
over an,-0.13327479465970712
doesn really,-0.13330667334962618
scare,-0.13339568466237145
time around,-0.13340459908283442
cook,-0.13354846491031191
live action,-0.13361274390008218
with real,-0.13361331567284196
things in,-0.13363241085483824
cut off,-0.1336703256176063
to fix,-0.1336744212011586
the theatre,-0.13368336333279493
what so,-0.13371106904745272
on to,-0.1337569565721116
very few,-0.13375813286824773
lot in,-0.1337779854911971
laughs,-0.13383030869724527
they started,-0.13387868587060978
zombi,-0.13401240925470553
what exactly,-0.13401383286220675
almost every,-0.13401517810811386
vomit,-0.13405545334996122
couldn believe,-0.13408052549759095
been shot,-0.13415254830251583
innovative,-0.13418731969614478
was intrigued,-0.13420246051176393
to someone,-0.13431468037865496
way if,-0.13433195482909066
never quite,-0.13436934294710245
best to,-0.13439728232699508
understatement,-0.13440691888027922
to scare,-0.1344213795360076
designer,-0.13442734580118332
punch,-0.13448304332476807
co stars,-0.13451143193724108
isn bad,-0.134559810901327
1981,-0.13460591055327462
understand what,-0.13466552925619685
following the,-0.1347402592342067
over with,-0.13474930847705308
for anyone,-0.13478124135118857
their lines,-0.13482787102519161
back at,-0.13484017339845844
talk and,-0.13488062165882964
themed,-0.13504705700324574
as possible,-0.13506953856433074
resulting,-0.1350872125793425
can say,-0.13513818185297427
particularly in,-0.13517120595488982
good guy,-0.13517203199651523
nonsensical,-0.13517887482453078
warn you,-0.135203322923024
viewed,-0.13523184319961004
on that,-0.1352600532161432
movie version,-0.13528597991712488
programming,-0.13533226953880176
fi channel,-0.13537703329957418
members of,-0.1353988909872129
gregory,-0.1354303155984594
effects the,-0.13544054242529238
does this,-0.13555848177322238
aka,-0.1355922490824577
one at,-0.13561586567687478
highlight of,-0.13568760515425995
creek,-0.1356917782587574
wow this,-0.13569527196755143
only few,-0.13570832181442163
bride,-0.13582723367382285
determined to,-0.13583732692419342
1985,-0.13587833644417624
so in,-0.1359066699857773
zone,-0.13591282492670625
even think,-0.13592400992580725
hugely,-0.1359498882287749
funny it,-0.13601916709018347
waiting for,-0.1360310521866382
house to,-0.13605591098156639
hour and,-0.1361143104003886
long before,-0.136132388996218
just been,-0.13628955017809977
it ever,-0.13632132584021506
good director,-0.136327246556505
parts of,-0.1363287447251655
wouldn have,-0.13633265605409678
the introduction,-0.1364057412029117
acted,-0.13645968380384832
the ball,-0.13647289156483317
dvd player,-0.13653737643693534
the idea,-0.13656169386030087
depth to,-0.13659274138354016
gates,-0.13662926538704442
like one,-0.13664423002701515
see him,-0.1366447093974007
attacked by,-0.13669279064564865
brow,-0.13669760078825322
not yet,-0.13679229006747118
bad script,-0.13685034259477846
doctor and,-0.13688619792561374
of sex,-0.13695015765216892
1970s,-0.13695378714331635
btw,-0.13698355320700592
piano,-0.13704431453701205
twilight zone,-0.13705324246093947
walk away,-0.1370852129256458
from this,-0.1371094578815374
liberal,-0.13711132521251265
static,-0.13713746356745296
the single,-0.1371814740840856
look on,-0.13720560847562574
seeing it,-0.1372216135365317
begins to,-0.13725316673918433
the monsters,-0.1372719384686199
people that,-0.1373203079869537
them all,-0.13732370430170807
because have,-0.13734035646911052
know that,-0.1373462375339162
drugs,-0.13737340606447565
about some,-0.13739597232684808
he must,-0.13742447580027117
actor is,-0.13745008588603164
not expect,-0.13745973189541177
mother and,-0.13749576620858917
version with,-0.13753413583896681
choice,-0.1375590543904655
spoiler,-0.1376161079173335
industry,-0.13768794971391557
of characters,-0.13769588284235076
suffering,-0.1377082379217921
posing,-0.13780483698612905
would suggest,-0.13782309750510344
what kind,-0.13783092586716666
haired,-0.13785592546737951
be avoided,-0.13786448213199035
of stock,-0.1380552109643351
this director,-0.138066034549319
dad is,-0.1380716568759364
it amazing,-0.13807231602266729
get you,-0.13809745599888792
the cool,-0.13810268727528538
on for,-0.13810661454793163
hate the,-0.13813292256068754
very quickly,-0.13815581447563824
noticed that,-0.138180897636084
inducing,-0.1382105684576511
fair to,-0.13822377838524474
being made,-0.13828813557598035
gets killed,-0.13831036769649566
madison,-0.13835598360858214
the effort,-0.13840555031244697
no place,-0.13841174401991252
he couldn,-0.13841631956013375
according to,-0.1384325061502295
on his,-0.138453113888969
life or,-0.1384632143447938
subjected,-0.1385272119846453
director the,-0.13855999630747834
painted,-0.13860720078611075
upside,-0.13862170363395482
sonny,-0.13865175063792945
with better,-0.13866807361638947
matrix,-0.13871055640289928
body and,-0.13871870862044366
80s,-0.1387516720715089
characters were,-0.13877331788227926
idea and,-0.13878785833841933
film at,-0.1388166780371046
angels,-0.13882533738231267
point that,-0.1388452875243538
was major,-0.13886798987377194
recently,-0.1389234895890827
pop,-0.13892352638758285
manipulation,-0.13901468150760973
grudge,-0.13903859339276917
strip,-0.1390422866071982
film seems,-0.13905265721705654
are either,-0.13909431761812718
fail to,-0.13909767738417506
pretending,-0.1391773220269301
classes,-0.13924119040742608
working for,-0.13925483630846683
this seems,-0.13925646668813724
an early,-0.13925746335419834
top of,-0.13925843372120547
much much,-0.13933357664044194
quality of,-0.13938177414543967
writers of,-0.1394611154241272
you find,-0.1394978643982641
you say,-0.1395445542251861
alcoholic,-0.13955475593840552
lie,-0.13955852492043988
whether or,-0.13959190866577695
mind numbing,-0.13964469172922814
prevent,-0.1396602830362584
because if,-0.13969040584933948
the cheap,-0.13969734332426875
light of,-0.13970011714269448
jan,-0.13974521269274598
that too,-0.1397737418065112
tribe,-0.13979948291814778
therefore,-0.1398235753100192
evelyn,-0.13982939239640343
launch,-0.13986043321115935
claim that,-0.13986829175053414
is yet,-0.13986939729021042
if all,-0.13990405220887567
load of,-0.13993295722381974
1977,-0.13995084292830978
equivalent of,-0.13995354457418913
plotting,-0.13996154855473814
movie except,-0.13999260780790912
thinking it,-0.14002757398471213
and nobody,-0.14003111734827794
make it,-0.14010593260469242
of more,-0.14016399704007995
monkey,-0.14018065130454999
the remaining,-0.14023348434491467
the benefit,-0.14025732510645295
the half,-0.14026518124381226
because his,-0.14030362329562732
directorial,-0.14032020194878783
does anyone,-0.14037238516887116
his performance,-0.1404203311446302
few lines,-0.1404262026137766
yet the,-0.140452108091329
taxi,-0.14051871741090094
slim,-0.1405638254123503
thinking of,-0.14057940240245306
trap,-0.1405839262374438
allowed,-0.14066227762649255
stopped,-0.14066986698168568
weather,-0.14069682011120338
raped,-0.14072428912541637
guessed it,-0.14078178986927625
give her,-0.1407964877770238
rampant,-0.14084113755965394
commenting,-0.14092071543163917
that people,-0.14094488187208004
comes along,-0.1409612987275364
occur,-0.14103421858691906
christopher walken,-0.1410630677960375
well known,-0.14107824076021067
carry the,-0.1411309586053454
derek,-0.14115548417883575
screen time,-0.141163921139181
bargain,-0.14123041920896773
even on,-0.14128429806192533
funny but,-0.14131569019734908
the titanic,-0.14134651456274056
which,-0.141352212999852
young and,-0.14144298713224474
centre,-0.1414468267533342
sunny,-0.14147154259629252
thomas,-0.1414810280292299
in from,-0.14152089622743103
poker,-0.14160016278336063
be desired,-0.1416011786470493
sign of,-0.14160971782401924
and by,-0.14161730526474703
scene from,-0.14165925463150145
anne,-0.1416620443260728
reed,-0.14168266164288124
book the,-0.14173810189110653
on any,-0.14176384304512962
country and,-0.1418518734907478
undead,-0.14186153893058093
left to,-0.14186278348576137
goes from,-0.14187242268811612
is revealed,-0.14187454610215078
because he,-0.1419051714492028
bad to,-0.1419079459780215
am huge,-0.14191821508791744
bo,-0.1419634735302691
looks as,-0.14198359437282465
allies,-0.14205231424364606
heather,-0.14205456162957095
the storyline,-0.14207972993485699
akin,-0.14208223685698473
akin to,-0.14208223685698473
the germans,-0.14216671118088167
sold,-0.1421729237085404
reason that,-0.14219207517488586
editing is,-0.14221487400357494
stupid the,-0.14226645593966514
and kill,-0.14230985544854216
repeatedly,-0.14233028681108836
unclear,-0.14235298173128869
diamond,-0.14240464986025445
removed,-0.14241997752128893
than to,-0.1424236480672832
scifi,-0.14243320313541658
are extremely,-0.14244267155242218
1980s,-0.1425696522013567
though the,-0.14257108119894674
display,-0.1425850002782441
do that,-0.14266333666165526
seen that,-0.14273572373695187
element in,-0.142739047460567
far far,-0.1427527297417183
said to,-0.14277108511709546
movie got,-0.14278451396818215
wears,-0.14287867844194566
violence in,-0.1429768259351387
smart,-0.14298805204785334
to convey,-0.14300481340106724
order to,-0.14308364833650955
entertainment value,-0.14314278710959774
this it,-0.14315952837090118
profile,-0.1432123045860333
smug,-0.14321441721470518
wounded,-0.14329977143696473
the 1950,-0.14330689757828757
begin with,-0.14339362432048897
that saw,-0.14339745815348676
fight with,-0.14341176685384677
rent the,-0.14344479308202593
treated,-0.14346502452592547
that pretty,-0.14351739471312824
very small,-0.14352722546702923
sums,-0.14356681121041567
and acting,-0.14360105589504377
to such,-0.14360548488454003
and leave,-0.1436898884027978
ups and,-0.1437365850434262
use the,-0.14383000395376386
something you,-0.14383948586789647
butler,-0.1438724623789373
take her,-0.14391418212999388
landed,-0.14406267750786306
only get,-0.1440803970396897
blair,-0.1440808818826633
the parents,-0.14409283139562745
the screen,-0.14411943523009782
40s,-0.1441541358829379
heard that,-0.14417228082197964
alba,-0.14421985261408587
prostitutes,-0.14427057044396438
staring,-0.14428194246953935
got so,-0.14429606512666202
level the,-0.14442125534536582
san francisco,-0.14450529693223382
actors have,-0.14451261031620058
it either,-0.14453023544027566
boris karloff,-0.1446244225298946
him it,-0.14466352281584938
thereby,-0.14471711531683176
me off,-0.14473799701453816
outright,-0.14480651921003088
just had,-0.14481977321431383
really wanted,-0.14483918588859698
was wrong,-0.14489389056256669
in slow,-0.1449028587849084
aimed at,-0.14491001753721736
the last,-0.1449439280459069
are few,-0.14496340993360166
do all,-0.1449667777468905
burt reynolds,-0.14497271211592255
the adults,-0.14503655958090828
really was,-0.1450396956899577
read,-0.1450487851334373
never saw,-0.14512499101497162
immature,-0.14519089303913857
kidnap,-0.14520517022345555
continually,-0.14524568780669297
cg,-0.14533169572541046
been so,-0.1454074919864416
services,-0.1454231130904928
never did,-0.1454803673208398
to visit,-0.14551327128411667
victim of,-0.14553390318200277
sarcastic,-0.14556559780297024
and looking,-0.1455829458088653
the couple,-0.14559324954381017
the field,-0.1458255043891458
don believe,-0.1459037088765972
dozen,-0.1459786764412272
footage and,-0.14600007055139566
taste in,-0.14603928377318517
shot with,-0.1460843242305667
was just,-0.14609915263913228
disbelief,-0.1461153276001981
disappointed by,-0.1461224933457732
worst thing,-0.14612684766356432
author of,-0.14616385254955713
shock,-0.1462077520676772
need to,-0.14623737883630503
in place,-0.1462492601037768
folk,-0.14632594104050098
now if,-0.14632758759156436
image of,-0.14634784221376812
prove,-0.14636765926478779
this stuff,-0.14637178915861226
ve never,-0.14637397632375118
her into,-0.14646244308308
but instead,-0.14647587404870055
why the,-0.14648544494688942
all together,-0.14651049478812816
be true,-0.1465114404788137
ruin,-0.14652457040346342
elements that,-0.14653827918420212
about 10,-0.14660083281629166
fashions,-0.14660528802443018
fooled,-0.1466062627177592
appear in,-0.14666112865088574
it way,-0.14668798406482844
hadn,-0.14677672628259747
be honest,-0.14694310812235245
they should,-0.14695086721075815
done this,-0.1470027716181947
opened,-0.1470625309957606
of tension,-0.1470770405541498
private,-0.1471413739067771
goes out,-0.14717412524765766
he thinks,-0.1471856399131043
wwe,-0.1472398613600325
aiming,-0.14730701605450294
get good,-0.14737350515370481
fly,-0.14743810956440498
save it,-0.1474537855598728
they made,-0.14747614862826963
the mix,-0.14747633110749425
belongs,-0.14747888223101466
profession,-0.14752978175949608
1933,-0.1475330666228823
and young,-0.14756902166486555
acting it,-0.1476381004216847
precious,-0.14764708283450376
don ask,-0.14773894759559195
stabbing,-0.1477424308912355
opportunity,-0.14774613502517916
is ok,-0.14774908939613354
infected,-0.14777300657039363
empathy,-0.14786572275818874
edgar,-0.14796915798030635
you really,-0.1480143370114584
brand,-0.14802173921052916
to no,-0.14807668734612764
give,-0.1480833385020766
related,-0.14808406745203265
art film,-0.14809962231937598
flick and,-0.14810204615901676
comparison,-0.14813777493954378
creativity,-0.14819953818641207
300,-0.14820285657707188
be some,-0.14825305704164854
budget horror,-0.14836079939146363
fiancé,-0.14848675990617152
time if,-0.14851364841581244
new to,-0.14854117637684325
audience is,-0.1486367011113774
that tries,-0.14872030703330646
having the,-0.14872953498914618
with much,-0.14874733150978092
priceless,-0.1487752358678617
juvenile,-0.14877892105212842
theatre,-0.14878112650266578
ending the,-0.14878127987269593
have done,-0.1488532485121272
and editing,-0.14890041442468507
that as,-0.14891636500793368
of way,-0.14892604980457932
horses,-0.14894378798523664
spend,-0.14895641503445084
are pretty,-0.1490484819388133
movie are,-0.14917757831969758
technically,-0.1491883071439566
under,-0.1491995132638229
talked,-0.14921783707065112
definition,-0.14925410604886757
jokes are,-0.14935830032155753
is her,-0.1494331227497463
movies on,-0.14960092531300548
with it,-0.14961422422787735
they even,-0.14962144633959265
the core,-0.1497343053128488
being very,-0.1497541788186212
or why,-0.1497651505663403
staff,-0.14978724965853005
by his,-0.14981216844387965
something else,-0.14981827321041788
give up,-0.14983274799407414
straw,-0.14983696778460975
bedroom,-0.14984435758374567
share of,-0.14986204430346858
dust,-0.14987371448455142
said,-0.14990126026129597
younger,-0.14992633680908454
to suffer,-0.14995262224316017
funeral,-0.1499569937081219
especially since,-0.15000199530240788
all been,-0.150005038802291
no means,-0.1500191668474
violence,-0.15002903447206078
this he,-0.1500291383335235
alone and,-0.15003166852504224
out she,-0.1500496771313346
maniac,-0.15009219442253224
appealing,-0.15011136787321486
the apes,-0.1501177715065711
corrupt,-0.15012725775502286
action in,-0.15013802621608754
this made,-0.1501678926740225
thread,-0.15017485777511
uses it,-0.15017744287671175
element of,-0.1503048432859241
mute,-0.1503362619130309
spacey,-0.15035822664705428
racist,-0.1504169608433995
tame,-0.15051785926820857
control of,-0.15052974971943445
taken seriously,-0.1505627753441613
the infamous,-0.15059510000685716
vcr,-0.15064959566684746
this wasn,-0.15067198104127788
scientific,-0.15072334115304975
handed,-0.1507255649759083
bats,-0.15078212001385025
is generally,-0.1507913254890516
in in,-0.1508059968771637
the youngest,-0.1508182189063144
and wants,-0.15087617159809674
the sound,-0.15089117956266826
ok the,-0.15101506145731095
eating,-0.15102443535809887
power to,-0.15103191325367402
don know,-0.1510498349483367
be prepared,-0.15106561768733917
appear,-0.15110184761714496
sub plot,-0.1511343503331394
goes for,-0.15115946254260262
leading to,-0.15116353836734345
pg 13,-0.15116459360241635
will just,-0.15121786195286413
or was,-0.15123683595099752
when the,-0.15133372492464814
authors,-0.15148198989104383
you think,-0.15149460879766424
from,-0.1515625370861222
then in,-0.15157229799953398
bollywood,-0.15174671204848308
was with,-0.15175696418684023
video games,-0.15177302546651927
be as,-0.15184879762030323
making the,-0.15185707338287843
what should,-0.15187756946043257
spoiler alert,-0.1518946183761503
movies are,-0.151982272755498
rather watch,-0.15200200046841486
goodbye,-0.15200743397194716
pigs,-0.15202200705877425
performance but,-0.15212818822231577
dead in,-0.15213112178061078
to nothing,-0.15219395374276024
drags,-0.15223177564883422
features,-0.15223560273948955
an obvious,-0.15223630192705898
in africa,-0.15223788949460454
suave,-0.1522774159053525
just makes,-0.15242422863787528
the theater,-0.15243775273564797
point for,-0.15246096459747033
movies just,-0.15250307053614207
death in,-0.15251203166054356
pushes,-0.15255008324631497
was disappointed,-0.1525933299175694
the word,-0.15261565708955757
consistent,-0.1527513290685502
them for,-0.1527980622540695
line was,-0.15280797500361396
beneath,-0.15280973655197364
of having,-0.15282567962475835
convinced that,-0.15289511555366225
field,-0.15290610941207353
it went,-0.1529460514462374
opportunities,-0.15294871096738175
to remain,-0.15297708779931496
with some,-0.15302885075861164
to match,-0.15303450182511422
is with,-0.1530406794975082
get through,-0.1530755496137953
questions,-0.15315090985701385
the animal,-0.15317320893244535
stripped,-0.1532153597090272
few moments,-0.15325566857476283
baked,-0.1532633721110935
were not,-0.1532777760105716
this would,-0.15338546112980925
but didn,-0.15341111738260893
of as,-0.1534753201333922
time watching,-0.15351338943999857
captain,-0.1535409555320536
the monster,-0.1535625550333292
get there,-0.15356336420582933
takes the,-0.1535811586810765
crashing,-0.1536593039366512
results,-0.15367118634481008
the kids,-0.15368588543211928
production value,-0.1537026413606786
clock,-0.1537773372024976
film itself,-0.15385891411475108
he been,-0.1538800807277502
bland and,-0.15389022224724644
paranoid,-0.1539705964038615
even bother,-0.1540032271649068
the russian,-0.1540259811455918
ask,-0.15405127786672912
some funny,-0.15405377531927159
he even,-0.15406312379340426
did mention,-0.1542507120583256
set in,-0.154280409842626
was better,-0.1542972093769951
short story,-0.15444892180276765
made for,-0.15447416840234826
he seems,-0.1545448406536175
bold,-0.1545972320027298
commits,-0.15459736327687199
to very,-0.1546189193336977
portrayed as,-0.15463161313608206
they show,-0.15467864240279156
he killed,-0.15468244510800916
rapture,-0.15471400839203142
the fbi,-0.1547262979477219
valuable,-0.154738723740888
acting like,-0.15473992035765416
notion,-0.15484462221818715
and blood,-0.15491388173762974
cliff,-0.15498483357321752
boom,-0.1549953398047502
same as,-0.15499557818313725
come off,-0.15500653350182014
fun but,-0.15503281783335976
movies the,-0.15510816831653987
up there,-0.15512005090342715
his parents,-0.1552831477086884
and end,-0.15530114089357744
eat,-0.1553212495292314
to death,-0.15534259857183394
nothing like,-0.15535639005476298
an,-0.15541056448083543
refund,-0.15541538687429146
charms,-0.1554489698657436
are the,-0.15554791321214814
horny,-0.15561645753049047
placed in,-0.15565252964018453
in several,-0.15568742519651432
alleged,-0.1557009369538418
they tried,-0.15570613173402537
screw,-0.1558309489036455
player,-0.1559502453829874
about every,-0.15597385054853233
the lost,-0.15600123172285518
it may,-0.1560876964097611
this has,-0.15612162128583357
rendering,-0.15621360670239287
expect from,-0.15622193483721245
dead but,-0.15623305036102028
butcher,-0.15629087008200354
nowhere and,-0.15632381364122877
the author,-0.1563536785730983
approach,-0.156522582351458
are given,-0.15652854277306977
maybe the,-0.15653006279364062
heads,-0.15657857249197468
the central,-0.15668231026960078
too far,-0.15668312394222905
also on,-0.15668517490362116
survivor,-0.15669199767548123
directors and,-0.15673720030284458
word for,-0.15677468454176186
there to,-0.15679916856567488
sea,-0.15679945137963675
pray,-0.156813575781146
enters the,-0.15690274149130065
deaths,-0.15697495366726133
we hear,-0.15702050088526456
cover of,-0.15707533395374904
british film,-0.15712602116276733
spider,-0.15715745007725654
one by,-0.15723799547142883
subtext,-0.1572675598494094
jeep,-0.15728584377957747
etc the,-0.15733355715322653
for moment,-0.15735279543790906
waiting,-0.15735346597250432
absent,-0.15735442028131616
complexity,-0.15741973416948812
had this,-0.1574226776619717
all just,-0.15751079729000145
the shelf,-0.15755997200941152
we learn,-0.1576391173914934
summer,-0.15766561164614554
capable of,-0.1576865668556683
arguments,-0.1577129073882645
argument,-0.15775696050528853
crash,-0.15780909954572134
tells her,-0.15781841054613063
advise,-0.15788010875005765
theories,-0.1579031190947335
need,-0.15793211228054335
besides the,-0.1579638876371128
good actors,-0.158072454123745
franklin,-0.15809466726210258
more the,-0.15811216023459132
fifth,-0.15812499867273286
pack,-0.15813871710283242
stranded,-0.15815121625146167
the lot,-0.15817735804002817
she ll,-0.1582448851580069
national,-0.15828920728196114
just be,-0.15830425757738634
as film,-0.1583070450211551
mothers,-0.15834233538364245
better if,-0.15837716992699097
letter,-0.1583864446006929
first they,-0.15844984538165788
role that,-0.158517630456274
renaissance,-0.15862908799892628
screenwriters,-0.15866500341436998
unattractive,-0.1586693089902134
about their,-0.15870284538236276
so could,-0.1587242442599796
sitcom,-0.15874534630628534
pay,-0.15882738704356117
what are,-0.15898647975071575
bothered to,-0.15904952182391147
anything for,-0.15907325090463542
trashy,-0.15907500063181804
who does,-0.15911156139810434
virgin,-0.15912612664657644
hurts,-0.1591455835703238
whatever you,-0.15914718217921564
nearly every,-0.1591532998262599
this you,-0.15918104131701252
cruella,-0.1591874451497079
would you,-0.15921246347876197
makes one,-0.15922500904630402
makers of,-0.1592590891453173
guests,-0.15929029862468974
have helped,-0.15930536199422846
collins,-0.15938955308903172
this should,-0.15944073934086087
is about,-0.15944160905857377
the others,-0.15947207089249588
pick up,-0.15952206315317866
me the,-0.15954797033974222
freeze,-0.15955720996515108
like something,-0.15956725779406505
they look,-0.15967785379918034
perhaps if,-0.15970154588428226
clooney,-0.15970278856771236
and crew,-0.15975516686664065
namely,-0.15982827052919757
story to,-0.1599025338551217
is dead,-0.16015198649186438
rented this,-0.16023209130971813
sink,-0.1602803233231208
annoyed,-0.16029692992462388
hope that,-0.16033599391609674
and usually,-0.1604037799584306
axe,-0.1604389215653009
comedian,-0.16048250099421607
teenage,-0.1605056010197485
are lot,-0.1605120058795212
attempted,-0.1605426333497377
with any,-0.16056876471339096
khan,-0.16062857966724686
well guess,-0.1606528564598901
responsible,-0.16070547294621676
leave the,-0.16076308051921331
parts and,-0.16077314475352722
well to,-0.16084505028319593
small role,-0.16088258078608003
is shown,-0.16089436158186302
get my,-0.1609444828146033
mart,-0.1609573197194486
staged,-0.16098130694811902
your kids,-0.16098610133035954
character as,-0.1610167267225147
bowl,-0.16102071442471244
editing and,-0.1610734566306801
and gave,-0.16111790152456437
her voice,-0.16120241187705406
offering,-0.16120981730892092
heights,-0.16122753456170338
or for,-0.16124502130974486
based on,-0.16145820027624483
18,-0.1614652836881923
is shot,-0.16148793975889936
because their,-0.16151973153722493
selfish,-0.1615412013786787
coming from,-0.16155518429728813
whenever,-0.16158544365007976
only real,-0.16168270516577207
gotta,-0.1617322037047405
over to,-0.1617650976026637
had nothing,-0.16181610519920023
anything in,-0.16182020845439166
general,-0.16188331442055717
story the,-0.1619309024755553
dolph,-0.16198915424302984
stabs,-0.16202396796263124
course they,-0.16203485768471165
screens,-0.16204900491844215
outrageously,-0.16206996893645864
discussion,-0.16209694660861879
straight out,-0.16211708418937798
in better,-0.16212790291280188
has made,-0.1621703485467856
it falls,-0.16218665977171678
the positive,-0.16221402864366619
balls,-0.162221628597008
other actors,-0.16227221909530312
violent and,-0.16235197541664412
the trailer,-0.1623846689845582
editor,-0.16245572409598005
yours,-0.16249111975017164
ve heard,-0.16249150773998
who saw,-0.16252420110803686
move,-0.16252526896912461
it once,-0.16257997855485617
wins,-0.1625858193269523
tacked,-0.16265785689583745
nor the,-0.16267820588865392
fish,-0.16270695401781118
fury,-0.16270930927411995
dumped,-0.16272044720755124
man with,-0.16275087377851125
wouldn be,-0.1627990234318919
the sex,-0.16288156037000254
what she,-0.1628905991455223
killed and,-0.16290052186001389
carry,-0.16291744041509595
blazing,-0.16299769920739796
of events,-0.16300944365551848
script for,-0.16304018400206507
sex in,-0.16317672832066174
really the,-0.16320220750386877
way they,-0.16333299984072522
couple of,-0.16336444802477007
movie makes,-0.16336974465808643
the son,-0.1633936188020502
furthermore,-0.16343021055431847
hell,-0.1635566317547205
to either,-0.16357925703976772
does nothing,-0.1636669494013886
shirt,-0.16367942587452647
arms,-0.16371004600527264
who was,-0.16376890268422603
transplant,-0.16380237200396522
climactic,-0.1638036123749609
logic,-0.16394937372939872
up some,-0.1639504589023032
70s,-0.16395428755926747
like someone,-0.16395543978175056
the cutting,-0.16399619758227788
filmography,-0.1640361463090955
unsure,-0.16406486563655104
remind,-0.16407521442685877
give him,-0.16408041831001696
ellen,-0.16410071629813333
equivalent,-0.16416051379693328
paired,-0.1641870886084144
movie itself,-0.16423649797682938
now that,-0.16426282499572106
written the,-0.16431810519394385
rejects,-0.1643617627213407
end there,-0.16436247535722606
scene where,-0.16440460000947255
evidently,-0.16440684632506716
effect,-0.16444141170492368
married,-0.1644750974698069
voted,-0.16452372216379146
watching an,-0.16452744217644824
only hope,-0.16459489525915066
throats,-0.16460151397583758
care less,-0.16460990971153996
the home,-0.1646370026878282
1972,-0.1647266213170713
from outer,-0.16475582826504315
spoken,-0.16480674592100528
to steal,-0.1648161801509144
off as,-0.16483177358066123
he really,-0.1648593429778785
industrial,-0.1648878130405935
making her,-0.16494337711465767
performers,-0.1649685376201308
the killings,-0.16497775465938452
crap the,-0.16505305446637517
seeks,-0.1650540706836674
to wonder,-0.1650546434462157
jesus christ,-0.1651317180535136
witchcraft,-0.1651566708609614
every level,-0.1651665475190593
why anyone,-0.16522243258560027
this story,-0.16523530604345918
superstar,-0.16524264977948203
it interesting,-0.1652927749496847
make us,-0.1654042995289989
for reasons,-0.16547969304404245
happens in,-0.16549483582700397
round,-0.16561318759683735
reactions to,-0.1656227463574446
there just,-0.1657300108189984
center of,-0.1657320805073655
unsatisfying,-0.16578952665183794
blatantly,-0.16580811771470189
dinner,-0.16584746892633287
evil dead,-0.16590021937982805
extended,-0.16593178678602077
minority,-0.16598510884028544
are left,-0.16605223293200103
characters are,-0.1661146406034966
hire,-0.1661283030649986
impact of,-0.16615431976668157
virtually,-0.16622957481573053
seem,-0.16626510877618808
is trying,-0.16629152614227483
spin,-0.16632967513549862
lunatic,-0.16633921314935327
minded,-0.16643173474923034
christopher lee,-0.16644081092867588
sadistic,-0.16652560042287287
remove,-0.1665404544498374
10 because,-0.16664176190427407
poe,-0.1666752803313446
however this,-0.1667570999620654
or what,-0.16686025784732794
drag,-0.1669532005980864
required,-0.16696663779360957
film they,-0.167084779569477
subjected to,-0.1671317944694837
highlight,-0.16716749544218493
van,-0.1672239393973917
run by,-0.16725853257267603
exceptions,-0.16735386050024406
1999,-0.16735564747612525
worse and,-0.16737772022305994
women the,-0.16744433063903813
drama is,-0.16758088949135647
background,-0.16760810184266137
the blood,-0.16761983089383214
walking around,-0.16766704774702584
the south,-0.1677516405239868
killed the,-0.1678229072512539
many many,-0.16784652120466867
bucks,-0.1678956784630903
many others,-0.16792509972617348
is she,-0.1679588217671167
swear,-0.16798826649347018
credible,-0.16803021425155443
star is,-0.16809641699397124
line and,-0.1681008419602522
in on,-0.16814496049917957
lake,-0.16816332460553274
the same,-0.1682243827497178
been written,-0.1682252520139015
offended,-0.1682338761340561
is only,-0.1682401583054144
mention that,-0.16825046024395726
think they,-0.1682505728548448
regret,-0.16830174972734155
the special,-0.16831236901602412
sixth,-0.16840924880224437
wasn even,-0.1684333099488446
far better,-0.16848868470864262
coach,-0.16852668687781
he only,-0.16864632313209885
resemblance to,-0.16866887141401052
had all,-0.16877150110122077
combs,-0.16878509661721589
and were,-0.16885512351264997
critic,-0.16892642137333447
sure if,-0.16893774433208553
helicopter,-0.16898249501256582
unexplained,-0.16900763584086634
millions of,-0.1690600425167092
from me,-0.16919011105897735
latin,-0.16926479669612898
was waste,-0.1692711534146411
distance,-0.16927329039356961
movie starts,-0.16934343776811264
if that,-0.16935382573750107
of robert,-0.16936963158820514
annoying the,-0.16941275298081102
the sea,-0.1694813363834985
bar,-0.1694894500308285
cave,-0.16961287304108807
messing,-0.16963227783201973
of fire,-0.16966450678123338
was way,-0.16967731384938692
he looked,-0.16968498437164095
large,-0.16969935221603064
few scenes,-0.16975523704849535
puppets,-0.16981139645400714
went into,-0.16984234897354916
by people,-0.16984451667396452
write the,-0.16984479721771367
suffice,-0.16988885864841738
drinking,-0.16990583431592562
this video,-0.1699152593217791
in so,-0.17006659471001367
movies were,-0.17010789224764786
five minutes,-0.1701275999896285
well let,-0.17013677194183885
regardless of,-0.17014597315292504
and becomes,-0.170188628027068
to force,-0.17021384452004945
at other,-0.17024815031910373
of much,-0.17027593884371067
print,-0.17034007551288285
connery,-0.17036800155974166
have already,-0.1703783984088589
incest,-0.17041947108498065
no redeeming,-0.17046027596351682
and ultimately,-0.17051591089852564
which the,-0.17063067834292217
don have,-0.17066063635689546
have little,-0.17066373462543308
who seems,-0.17077651507738065
out was,-0.1707958897626631
around for,-0.17104178588787827
are usually,-0.17106418354255779
rating out,-0.17122664224356096
nothing new,-0.1712539186680362
that hollywood,-0.17125409750642923
deranged,-0.17126871901736618
to drive,-0.17131185062801563
surgery,-0.17131802879673888
size,-0.1713392939810884
and lack,-0.17150608942445414
bible,-0.17155673199470706
the project,-0.17161316721914402
evoke,-0.1717242668366165
taking,-0.17173842295603584
too obvious,-0.17181249559118017
the funny,-0.1718556618596647
but what,-0.17199965218577676
steal the,-0.17201789415444702
being in,-0.17202825077498154
my husband,-0.17208247115012684
happening,-0.1721248742752146
books,-0.17214040357954533
comedy is,-0.17215732941676318
basically this,-0.17218702237742958
run out,-0.17228399560880486
stick with,-0.17229075978860522
dose,-0.17229738648025503
and lots,-0.17235964866860656
train wreck,-0.17239105196498816
production the,-0.17240256364874798
some really,-0.17240335173252153
pamela,-0.1724258376994544
fetish,-0.17257063081890328
sickening,-0.1725853193518156
long enough,-0.17259248438437516
preston,-0.17262389929876307
summary,-0.1726589150958096
really should,-0.17269499412653128
dialog and,-0.1727829446859715
the situation,-0.17279979923494776
allow,-0.1729009637707831
included in,-0.1729048933062326
hitler,-0.17291974655430842
teeth,-0.1729597548265811
mtv,-0.1729611669334645
with only,-0.1729935007112693
does that,-0.17299971546349396
well at,-0.1730568641232723
thing for,-0.17309434663708656
stuff like,-0.17310578060030377
even try,-0.17311813086067637
air,-0.17319358462157694
gal,-0.17320513017962375
was done,-0.17320990364641609
meet the,-0.17321215434812506
was extremely,-0.17329465572581843
not help,-0.17334537372860925
pressed,-0.1733736048775172
how come,-0.17340867930918566
and being,-0.17353845057495415
earn,-0.17354607129894647
end you,-0.17355142779168597
would get,-0.17366629090624394
ll never,-0.17377069104203016
motel,-0.1738631349879089
the proceedings,-0.17386717097272825
anything of,-0.17398463714254245
don feel,-0.17400305380866418
made movie,-0.17408233984672944
but can,-0.17409591921547374
values are,-0.1741368246519381
then again,-0.17416852537280575
looks good,-0.17417497877706561
circus,-0.17420040628319716
hoping to,-0.17423509707619877
then that,-0.1742572048943987
trailers,-0.17433518630076195
worthwhile,-0.17433597536450215
me there,-0.17437952032245052
nothing happens,-0.17440443646005954
hear,-0.17440740543602584
by those,-0.17445228609581487
levy,-0.17449875315276167
copies,-0.17450469962340862
never explained,-0.17451292826160023
to review,-0.17452466516756915
movie its,-0.17462383972020057
claimed,-0.17463715493410184
to what,-0.17470983089757824
people to,-0.17474644217166688
was waiting,-0.17476594977079904
make film,-0.17478024629786715
fall,-0.17481035938011205
taste,-0.1748172690719983
of every,-0.17486175688895905
inclusion,-0.17488117957947363
it stars,-0.17488728590301017
stopping,-0.17490010776925016
now we,-0.17491731201999058
that right,-0.17503444940298907
attracted to,-0.1750438643557447
exaggerated,-0.17505578396979887
other movie,-0.17508474942716729
use it,-0.1750937305566856
the answer,-0.17509978693207512
race,-0.17518281640908126
bronson,-0.17521982089814853
and daughter,-0.17532552740428356
thru,-0.17537808635959207
describe this,-0.17538306961923067
wasted in,-0.17541052249823366
and sound,-0.17547052813432115
mama,-0.17547221298462085
what happened,-0.17548652181936295
grief,-0.1754984424970182
on her,-0.17559482247862682
her character,-0.1756514016211724
this program,-0.1756624528726988
just when,-0.17567249596756557
emerge,-0.1756747347158001
rating is,-0.1756750148819605
outer,-0.17576137165862576
lines like,-0.17579065842809116
buddies,-0.17579960432250943
run away,-0.17582929694432617
this version,-0.17585835940043754
outline,-0.1758783488448457
isn much,-0.17588074988051997
out by,-0.17591853129010518
of,-0.17592296163330873
ruined by,-0.17595270062251273
latino,-0.17606991163858668
suitably,-0.1761922832063279
to one,-0.17627781004609303
between them,-0.1762905592270727
set on,-0.17640436485787236
dialogue that,-0.17641883536751585
purposes,-0.17644025898087556
aids,-0.17644667512804288
we get,-0.1765260369465267
wants the,-0.17653747259871988
ve got,-0.1765523380357588
the heck,-0.17661225512308318
one this,-0.1766248001201886
by making,-0.17666730845047537
morgan,-0.17669701166836152
held camera,-0.1768812010343274
came across,-0.1769719458608759
purely,-0.1769902001942286
to hell,-0.17701134471969823
the head,-0.17703902629673854
lines of,-0.17704785295606287
but he,-0.17707857938690433
novels,-0.1771353368397187
this review,-0.17713588117027093
it by,-0.1771372834933928
and whose,-0.17716920427544475
shoddy,-0.17718939960158164
on in,-0.17719266911149076
something more,-0.17723793577755861
assignment,-0.17727357650498768
he comes,-0.17737887101418523
as mentioned,-0.17742294285571106
was simply,-0.17744912384903166
regularly,-0.17752411273996507
film comes,-0.17758058242730324
the center,-0.17767355015184827
the aforementioned,-0.17771228151139115
the size,-0.17772277071478051
characters that,-0.1778050179321838
it supposed,-0.17789888733091683
so poorly,-0.17797008423715757
film he,-0.17816941405756084
know anything,-0.17821335088955967
is not,-0.17823461124842035
vague,-0.17825805338899844
female lead,-0.17834726384515706
the hope,-0.1783541434751776
jaws,-0.17836688453396782
for love,-0.1783813028102975
send,-0.17839209866836922
and seems,-0.17841608679437548
sign,-0.17841951052984337
by my,-0.17842268185489868
relies on,-0.17844189652315254
run the,-0.17852361657328636
strained,-0.17854729028302185
picked,-0.1786531479642329
scientists,-0.17873599312802058
more money,-0.17882104927768258
comes,-0.17886562969461917
chance of,-0.17888750728693317
or some,-0.17889563104746065
her mouth,-0.17889905808122145
exercise in,-0.17891219294326083
version of,-0.17892968654719243
stretch,-0.1789307061797448
nude,-0.1789496424828887
on them,-0.17895279563801095
who appears,-0.17904339110403328
who she,-0.17905754678063535
convey,-0.17911578582076582
crashes,-0.17915571824586635
their time,-0.17920019336786397
looks great,-0.1792579047070685
read it,-0.17926183745215293
justify,-0.17926310795906505
this in,-0.17930304505693173
service,-0.17934612975093045
guy that,-0.17942798118534348
locals,-0.17943886569290263
taste and,-0.17943888222147755
creatures,-0.17946826895113385
oil,-0.17977451618985932
comes with,-0.17978642686357604
tv movie,-0.17990353116379454
patience,-0.17991869787155082
sense and,-0.17999477302732994
saw in,-0.18000712747833358
pacing,-0.18002849280787853
it wouldn,-0.18005551952716586
appearances,-0.1800664945976957
first of,-0.18029226765022396
your,-0.1803199226722982
clyde,-0.18043295891032457
madeleine,-0.18055665605601068
content,-0.180584319130053
his part,-0.18069216139632757
the twist,-0.18072657868468003
of death,-0.18073660826975585
pin,-0.18076510351896338
sure but,-0.18083961799778436
production is,-0.18088936389384264
1979,-0.18097776404910507
served,-0.18102057190641274
get some,-0.1810354977079665
informed,-0.18106763279706858
toys,-0.1811025582452751
viewer is,-0.1812795942025855
ten,-0.18128650529024196
distraction,-0.1813128380543518
by watching,-0.1814188356723199
the water,-0.18147174723450654
fool,-0.18147624610240673
sticking,-0.18154528689605418
old lady,-0.1815890017444635
melodramatic,-0.18171541412893863
gray,-0.18172947798468694
another one,-0.1817384086062835
few other,-0.1817793382034116
back for,-0.18179010234006687
baby face,-0.18182755990806646
serves to,-0.18185380445878407
success of,-0.18194205032466718
off of,-0.18198347739221954
off at,-0.18199650824092242
let me,-0.1820180813166114
for movie,-0.1820253795440229
ran out,-0.18213412521467945
followed the,-0.18214393983807706
better as,-0.18217552656549543
this awful,-0.1821834162960744
hide the,-0.18224040492957322
niven,-0.18226021865832728
aim,-0.18228633189619256
here at,-0.18230359366942164
to ruin,-0.18240075881299744
ll give,-0.18243501941610057
would take,-0.18252382318848892
watch out,-0.18257159318929045
at each,-0.18258951101544602
bad they,-0.18261769234157854
attendant,-0.18262089989364447
although he,-0.1826297453730223
was hard,-0.18264964949034393
engage,-0.18268485868790071
playing,-0.18279556951090803
killer whale,-0.18281548906808343
masters,-0.1829532178430424
and so,-0.18297441130048597
original was,-0.18311288899265132
channels,-0.18328499544459376
about in,-0.18329632657576386
consequence,-0.1834036593659666
rape and,-0.18342718606318367
try to,-0.18344591745721753
very sad,-0.18346786298089865
than an,-0.18363042049722803
fifteen minutes,-0.18364442791314364
movie because,-0.18366754624879378
the quality,-0.1836739094091265
aimed,-0.18367584354493696
soul,-0.18375959762223695
reduced to,-0.18380700369200303
like it,-0.18381481832899094
walks,-0.18389399522300617
young girl,-0.18390191553690857
learn how,-0.18402348373563765
wasn too,-0.1842024459021416
side of,-0.1842292134048181
understandable,-0.18427345412459697
and ridiculous,-0.18456246554453726
bad there,-0.1846529646990723
bad in,-0.1846981158247226
something new,-0.18472140043637625
something like,-0.18472953162706954
beyond me,-0.18475169321712148
shirley,-0.18476956463545646
the mother,-0.18477880832399532
might think,-0.18482840587008323
play it,-0.18487951853637657
don rent,-0.1848907690935583
reminiscent of,-0.18490977059826597
revolt,-0.18491947765295563
the likes,-0.1849402640865498
at which,-0.18498063112943192
hell was,-0.18506678865773235
and forth,-0.1850740543132926
their right,-0.18512718694175476
jumped,-0.1851313722929273
ultimately,-0.18513354097821536
got some,-0.18518253254041947
breckinridge,-0.18519596319662543
films were,-0.18520802177465212
agree with,-0.18521159215560315
sins,-0.18521963870172564
redundant,-0.18523573440471763
theo,-0.1852359614147818
warren,-0.18526345743488618
speech,-0.1853779007549545
turns into,-0.1854133253867292
moments of,-0.18541613152982422
reminiscent,-0.1855334020023746
sequence and,-0.1855684349897234
help the,-0.1855921671868397
jay,-0.1856205370627905
freddy,-0.18562787385953514
clichés and,-0.1856380748436264
cared,-0.1856400788464445
or any,-0.1857273345778821
inhabited,-0.18577244713304059
conclusion,-0.18578268728459546
pulp fiction,-0.18580315378638562
elsewhere,-0.18583144833092832
mean spirited,-0.18585771547090602
eye,-0.18589943935855732
work at,-0.18591488948201815
after that,-0.1859531053034293
madman,-0.18595342702232126
lacked,-0.1860596597647359
arrow,-0.18607308692565294
singers,-0.18609836199535085
was okay,-0.1861120341399035
her sister,-0.18621548109625105
they must,-0.18631430721160108
nothing special,-0.18638339628654224
than the,-0.18643730841847989
recover,-0.18646484134948302
suddenly,-0.18653281391575016
check out,-0.1865580992922267
take off,-0.18660509235753445
susan,-0.18661113264429754
nothing else,-0.1866577977677949
ninjas,-0.18668500887491873
and sexual,-0.1867992453623009
them it,-0.18684171178795042
wong,-0.18684783360602344
comes across,-0.18685133975956644
biggest problem,-0.1869082785162587
was entertaining,-0.1869343118534838
rubber,-0.1869875142294071
and women,-0.18700431132300666
saying that,-0.18702797987238687
even with,-0.1871554354120667
in high,-0.1871679307712302
prequel,-0.1871709628847114
playboy,-0.18721868215832543
among the,-0.18749059936292123
wear,-0.18757372742373243
so far,-0.1875882849341608
really have,-0.1875974673418372
involvement,-0.18763592910438845
curse,-0.18769437711900136
say you,-0.18777570413949649
tube,-0.18779986194845538
wrote,-0.18781239290620308
the ghosts,-0.1878599765680846
campus,-0.1878798654985892
heck,-0.18790363512747824
girls are,-0.18790665380298216
set the,-0.1879398840095133
about half,-0.18796283154422094
tell,-0.18808523932452864
the pacing,-0.18810567140858964
loren,-0.188259327843353
catches,-0.18828834456677318
phones,-0.18830488546709442
only two,-0.1883358217683355
was when,-0.1884292378708197
needless,-0.18845984080113723
source,-0.1884858178466028
kidnapping,-0.1885237103944664
organized,-0.1885670750542455
produced in,-0.18858399876314316
the rating,-0.18860675921518186
in short,-0.18863714492019976
gods,-0.18865843787008843
acting bad,-0.18865849126880455
apart,-0.18866087103165213
apparently the,-0.18866168340977602
wallace,-0.18866509702502016
after they,-0.18867251774829374
even for,-0.1886777068547383
having said,-0.18873300867931694
someone who,-0.18895086356610638
hated the,-0.18901203025784577
traps,-0.1890946532758805
slasher movie,-0.18916951329183204
tons,-0.18925274088102315
characterization,-0.18926778954195592
on something,-0.1893333150961638
screen for,-0.18954230586475235
was never,-0.18958147904622158
there really,-0.1895903931419503
rehash,-0.18959269577676738
show in,-0.18969004894012012
minus,-0.1897509511770961
the stupid,-0.18975356473044466
named,-0.18976887042115195
judge,-0.18977378639600273
christopher lloyd,-0.18981826693302964
arrogant,-0.18986353695566735
chest,-0.18986408312617475
better job,-0.18986619509468886
killings,-0.1898695267765686
are some,-0.18988158263912513
to making,-0.18990580519348071
instance the,-0.18994609923328823
show on,-0.18995087735190969
that had,-0.1899603543129804
he actually,-0.19012426863929918
five,-0.19020561910185166
ll probably,-0.1902085212149089
the dialog,-0.19027074300155128
target,-0.19028966371408826
one reason,-0.19043440799061317
are introduced,-0.19044024567199383
deaf,-0.19047754695341138
which it,-0.19051528534973086
strange,-0.19054942554810253
is missing,-0.19071315610203132
and certainly,-0.19077864620291227
rod,-0.1909524029781221
novel,-0.19095902127890368
or to,-0.19102570515734366
of junk,-0.1910619037173547
sounded,-0.19109884471089308
particularly,-0.19117011391281816
an incredibly,-0.1911769974756139
not true,-0.19118043813463986
after about,-0.191181473649736
tickets,-0.19118778489241525
head in,-0.19129179593693338
groups,-0.19131911715966743
incidents,-0.1913197815524608
mouths,-0.19132134097112424
everyone in,-0.19138257734126252
religious,-0.19138661745151453
misses,-0.19148839115175875
darkness,-0.1915065338295148
the crap,-0.19151839042037655
promoting,-0.19155117162850785
failing,-0.19180306080554702
lowest,-0.19183363311904178
brat,-0.1919281444105929
second the,-0.1919415340526982
consist of,-0.1919421366636233
johnson,-0.19197008554147524
climax,-0.19208209706229948
entire movie,-0.1920998543446371
in long,-0.19222994468165078
killed by,-0.19233390816578477
don give,-0.19233570177210574
hired,-0.1925307408197606
saint,-0.19254018575636617
watch something,-0.19254450302191473
music is,-0.192591946039323
to say,-0.19269821380818966
isn enough,-0.19273647711980904
so we,-0.19275089151226088
with too,-0.19276295916037242
never even,-0.19277065395282914
out with,-0.1928564031613103
to give,-0.1928609873244461
seconds of,-0.1928853879312789
rides,-0.19296659150103646
camera work,-0.19298763652232678
kapoor,-0.19303085208110068
adaptation,-0.19304091975674584
switched,-0.19305756006494385
dropped,-0.1930730806885817
first five,-0.19309504627787907
vile,-0.1930952922815333
is incredibly,-0.19314510274560456
teens,-0.1932660021130829
and mr,-0.193274385376269
the naked,-0.1933079541049367
in front,-0.19342247997115938
mike,-0.19342496628122632
is slow,-0.19343249160814863
miss the,-0.19354981607003482
this adaptation,-0.19357496466265978
capshaw,-0.193721987771928
be fair,-0.1937754008968423
so little,-0.19391129267326812
good horror,-0.19391332706297754
loss,-0.19393323254635406
get their,-0.19410102844282284
we are,-0.19425028762564966
no action,-0.19431081415428605
to join,-0.19442429437606878
dead and,-0.19443037475670463
the exact,-0.19454085500024504
is big,-0.19456064526740974
that much,-0.19464119450186843
debate,-0.1946713717377564
sets out,-0.19471769564887076
except that,-0.19484014592058407
the hands,-0.19484227848665875
of seeing,-0.19489248453633418
has got,-0.19498335928349214
movies and,-0.19524553429782898
horror movie,-0.19527236786391278
of anything,-0.195348111499022
was as,-0.19537998582346738
likes of,-0.1953918715394688
the 1930s,-0.19539583875828498
and couldn,-0.19543156270708106
either the,-0.19543207317952047
it like,-0.1955065678032999
the formula,-0.19551034770410386
one movie,-0.19569776452881554
horrible and,-0.19570515245856
or it,-0.19582145392723818
damned,-0.19587577729016922
that your,-0.19588101374425057
ideas and,-0.19597845817125234
brady,-0.19603734510556087
has two,-0.19611090768050998
those things,-0.19631512842081747
act and,-0.19635173269829714
show is,-0.19645173153947992
dubbing,-0.19658047308999688
pulled,-0.1966130104978702
stars for,-0.19664555820342275
if was,-0.1966544099457369
outside,-0.196707053984493
prostitute,-0.19679886378677103
tara,-0.19680546416086517
practice,-0.1968102189289985
10 but,-0.19682453049202078
considerably,-0.19694329420925982
saw that,-0.19704713214107333
who in,-0.19709859597678642
should never,-0.19710756036497729
numbing,-0.19711396809192291
ghost of,-0.1971283584203414
are just,-0.1971539063191669
spaghetti,-0.19716385318416355
par,-0.19720254268956672
50,-0.197273543270961
originals,-0.19730336096851495
first to,-0.1973036360086534
odd,-0.19732771471241228
exploited,-0.1973886447788134
teacher,-0.19741325268302765
were the,-0.1974595777806183
seemed like,-0.19749075588690485
himself as,-0.19751824503092225
that its,-0.19751835904720974
mistaken,-0.1975725416470886
1930s,-0.19759754912083652
few good,-0.19771282905653073
dump,-0.19778206850377292
errors,-0.19786462535905086
brien,-0.19786821714268063
see some,-0.19787452028566352
westerns,-0.1979020616833102
but how,-0.1979277368954229
were made,-0.19797644178117033
and movies,-0.19819383939238538
gets his,-0.19825089954622305
high expectations,-0.19826528840148314
inherent,-0.1983081388879895
style of,-0.19842119874086342
for example,-0.19858351622042636
this but,-0.19861150195913158
wore,-0.19865866796831394
all and,-0.1986599537290045
frat,-0.19873751734058745
terrible and,-0.1987745893604861
made by,-0.19885791952009593
up at,-0.1989067911621125
the impression,-0.19895212508114044
kids who,-0.19899376921899473
and script,-0.19911225576758448
second half,-0.19927905969323492
plot to,-0.19933402244949622
movie opens,-0.19935581671138022
tommy,-0.19941792543687967
was set,-0.19942956098905398
guess the,-0.199517631525643
of something,-0.19952554063564154
it some,-0.19956493804886907
of america,-0.19956860219392444
they really,-0.19959727426802193
that even,-0.19964743552698883
amusement,-0.19967328603303028
menace,-0.19967449900635575
thought they,-0.19972640859716498
the 13th,-0.19974873416905856
because,-0.19978319546486076
some reason,-0.1998396335398596
so hard,-0.19984532272934816
visiting,-0.19988732948581014
career,-0.19994931984624617
rockets,-0.20002246904758325
the bank,-0.20002833630667494
older than,-0.20004902429463292
pain,-0.2002580523460482
footage is,-0.20029166365194262
moore,-0.20048361165234244
forgotten,-0.20053031752849096
for free,-0.2005687642536873
that couldn,-0.20059580505875688
very similar,-0.20061065720654297
eternity,-0.20069955170328282
akshay kumar,-0.20078806754517248
didn work,-0.20080575960471783
stumbles,-0.2008676226832263
amy,-0.200909402569798
straight to,-0.20100390840159665
drunk,-0.2010635623322707
the set,-0.2013721822705717
gore is,-0.2013892488710487
sex scenes,-0.20149251693231277
movie especially,-0.201540952162965
sexuality,-0.20157710613134572
story in,-0.20157747778950127
dear,-0.20158143740687332
grab,-0.20159618625867165
knight,-0.20168647838928888
promised,-0.20169831706095678
evidence,-0.20169998855014942
to film,-0.2017391881618424
he needed,-0.20175289288792575
wig,-0.20177262247825586
code,-0.20178932633435387
both of,-0.20181074503729454
script that,-0.20185519066493635
lugosi,-0.20189116854181968
doctors,-0.20197822732945897
his head,-0.2021703840685735
front of,-0.20229075756972825
enters,-0.20244747942500627
wow,-0.20250922008021643
traffic,-0.20255770813013685
were too,-0.2027271556972323
are you,-0.20275981186784264
blank,-0.20280637018782294
cheaply,-0.2029337172682033
consist,-0.20300993983420276
normally,-0.2030220220971248
year olds,-0.2030235923771548
olds,-0.2030235923771548
isn one,-0.20302506293325584
the emperor,-0.20303985941971442
seen lot,-0.20304884389273023
it worse,-0.20316221189603895
material is,-0.20317771367292448
will only,-0.20322027117494657
guitar,-0.20336346677644654
generations,-0.20337448201766697
alley,-0.20351140002959908
the so,-0.203516339790492
farrell,-0.20353085367600499
hoping that,-0.2037043851133288
someone with,-0.20384387989496816
and time,-0.2039159604055354
prepare,-0.20396837168580872
film like,-0.20397331474308986
anything about,-0.20398347501382963
after school,-0.20399030843333177
could see,-0.2041048189554278
they decide,-0.2041169505059326
lone,-0.2042035648901576
shelf,-0.20443209033801046
instead we,-0.20443273306405169
shooting,-0.2045628559300008
before the,-0.20463994978573055
rated,-0.20468195603873382
phoenix,-0.20469076708370454
you saw,-0.20470229675815138
repulsive,-0.20474254396202865
slasher film,-0.20475503402217865
the above,-0.2047606294863043
talent and,-0.20482202053561852
the concept,-0.20488642367438353
makes no,-0.20488761590013627
choosing,-0.20489002661294697
fitzgerald,-0.20492399341330508
auto,-0.20492875390791185
independence,-0.20498684968991257
airport,-0.20507671513532086
gag,-0.20511155001520295
of an,-0.20515966974412372
involved in,-0.20516424108351164
should be,-0.2053296846748722
is written,-0.20539622163478233
up but,-0.2054126597686013
john carradine,-0.205452319118226
to sum,-0.2054551365788783
natives,-0.20551263616238893
main problem,-0.20552095001805887
wolf,-0.20567131444894682
plot that,-0.20578562750372503
only as,-0.20593016184508392
picture is,-0.20597606347061273
funny or,-0.20609728046824244
example,-0.20615479610835796
smoking,-0.20616448824922723
as said,-0.2061676257551195
though he,-0.20630189333313664
film was,-0.20631415161758576
author,-0.20639401407162564
after another,-0.2064234790208814
back of,-0.20646105019330976
scenes are,-0.20650012282344407
beliefs,-0.20650992929710385
whole lot,-0.20653554537722574
minutes in,-0.2066822352092646
heist,-0.20669730164466682
but why,-0.20670346335938575
to really,-0.20670619743286886
seductive,-0.2067286395669424
radiation,-0.2068790452280402
was complete,-0.20691153340311072
are supposed,-0.2069184225748395
would ever,-0.20692562966488523
original series,-0.20694146639642721
chases,-0.20696314715992317
film ends,-0.20696489469468393
the ghost,-0.20701738123536897
olivia,-0.20702687713223486
charles,-0.20715053295627658
talents of,-0.20724544505895331
the latest,-0.2072735519961906
film are,-0.20731163456834495
build up,-0.20735325240266297
claire,-0.20746912477765034
clue what,-0.20747616487205373
know why,-0.20748688678823626
harm,-0.20760143243379783
story or,-0.2076118994797475
and go,-0.207617167118441
other two,-0.2076474747088629
and start,-0.20768614258389675
not at,-0.2077048786293294
what an,-0.20777509333324656
bird,-0.20779398048046266
good actress,-0.20782502444006243
one not,-0.2079160424997024
he said,-0.2079540483290785
old boy,-0.20800577784162283
we never,-0.20807608532672173
begging,-0.20809014240095955
resolution,-0.20822830804577497
are about,-0.2082553043301564
slow pace,-0.20829390289436378
serum,-0.20833874035197616
virtual,-0.20842522189101131
that at,-0.20850130301833372
one just,-0.2085263262628006
robots,-0.20855503148331364
high hopes,-0.20870119217609556
bad bad,-0.20878311471999642
cool,-0.20882946644393788
reel,-0.20890869815492863
hoping for,-0.20892492744640917
tell him,-0.20908736566073888
schools,-0.20928812348170422
and leaves,-0.20930967813854776
wish had,-0.20932917125975906
little more,-0.20933924615792934
women to,-0.2093524083863751
inspector,-0.20936699767519432
might as,-0.20953487609748148
another,-0.2095360177769072
boris,-0.20954266349804274
rented,-0.20960136806567337
reduced,-0.20960431873156068
this trash,-0.20972410762094695
friend and,-0.20974333905211162
category,-0.20974991076207172
the hype,-0.20978597896632695
do anything,-0.2098044839180833
rico,-0.2098638713015337
the results,-0.2098752600378072
scratch,-0.20988798093442657
activity,-0.20990938411679574
if could,-0.2100126031743723
best the,-0.21006878421698993
wants to,-0.21010417379132967
cheated,-0.21016089545485064
expected to,-0.21021363150240052
wonder what,-0.21022360338880405
meandering,-0.21022511209227127
sound of,-0.21026617102083173
isn very,-0.21032212799993966
paid to,-0.2103279480553956
context of,-0.21036409199982567
all star,-0.21038629532842343
alongside,-0.21045344738875818
of like,-0.21053128181879702
flowers,-0.2106361005773403
plot has,-0.2108128336850773
watched this,-0.21082306993277525
actually the,-0.21085559128148884
the talent,-0.21085808539388645
mermaid,-0.21086893930800796
joke and,-0.21089704940210496
you expect,-0.21105249479847987
john wayne,-0.2111271995792605
actor but,-0.21113344649925797
and just,-0.21116092868773753
deliver,-0.21117485532430402
makeup,-0.21118132596115927
it were,-0.21119187011296986
sad to,-0.21119844780732128
backs,-0.21119940832780196
feeding,-0.21120981204554165
execution,-0.21123534983592998
best thing,-0.211265653372047
on and,-0.21128438276417075
direction is,-0.21135645082042254
parent,-0.21155930416269733
put it,-0.21163832144764858
generation,-0.21164556543949428
just couldn,-0.21168406317741292
he made,-0.21174712939395346
me you,-0.21177265665720144
twins,-0.21182535192147395
that movie,-0.21187282646403457
is called,-0.21196242711922936
also the,-0.21197489544409712
only if,-0.21200685240586212
it seemed,-0.2121867556141727
clinic,-0.21219079804044427
agreed,-0.21222439661867656
lying,-0.2122533830622531
the huge,-0.21228595280384419
did she,-0.2123468247752379
me not,-0.2123963461872573
fun of,-0.21248571825995097
let alone,-0.21259214606277888
abound,-0.21259616548695817
theater and,-0.21262156215871805
rescued,-0.21262874693084693
additionally,-0.21266560113210675
she would,-0.21266568879503225
improve,-0.21270072657836792
creepy,-0.21273190412836987
he starts,-0.21281587797034565
models,-0.21298315799660816
cold,-0.21301210867857123
not scary,-0.21302175426001133
every other,-0.21310323330744213
dressed up,-0.21310492803949735
made to,-0.21310586996192846
literary,-0.21311452713889234
no it,-0.21312597449158366
problems,-0.21316052996253698
nothing of,-0.2131924247865143
not on,-0.2131960909174187
see any,-0.21322821446797527
room for,-0.21326342551358873
he didn,-0.21326902744321663
benefit,-0.21328853778480422
film with,-0.21329652843368258
sophia,-0.2133053445157383
it failed,-0.21339575132991592
that anyone,-0.21340518258891095
or rather,-0.21343191238115383
all what,-0.21346175087588093
throws,-0.21354296264205042
inconsistent,-0.21360415149670448
of them,-0.21366708664582454
remake,-0.21371441634826768
sure there,-0.21373618260940083
for about,-0.21380997888163983
going on,-0.2138282620427983
mail,-0.21388042563065898
germans,-0.2139158807362244
excruciatingly,-0.21397871214777248
has only,-0.21399405948292574
electric,-0.21406340130989124
by robert,-0.21412270074325257
film school,-0.2141256307465463
turns up,-0.21417862523317055
to provide,-0.214214225161934
uncomfortable,-0.21426764434529033
looks and,-0.21436292686038044
kumar,-0.21439539537657626
calling,-0.2143972495175275
dragon,-0.21443721353667974
make up,-0.21447575179762973
rips,-0.21451674816184366
gloria,-0.21453273113875307
an idiot,-0.21471406733661758
block,-0.21482044236495929
well if,-0.21502163175235517
rainy,-0.21512308424452503
tracks,-0.2151925378514797
excited,-0.21527339929840186
subject matter,-0.21534548769215267
slow moving,-0.21534907045630067
the ridiculous,-0.21536249702151106
gere,-0.21542114406569884
hotel,-0.2154236931751846
pointed,-0.21554887415919619
saves,-0.21557642683785253
present day,-0.21558480939167418
even be,-0.21562642492543915
probably because,-0.21565512479122773
movie no,-0.21568585644725946
out my,-0.21571684455032775
and find,-0.21572165403892934
made some,-0.21572834963513135
the live,-0.21584807713441234
disappointed with,-0.21605375791488318
baxter,-0.21607269125871997
the humans,-0.2160741318320381
be said,-0.21607622289386752
sided,-0.2161314363250066
substantial,-0.2162314797834274
kills the,-0.21626900804647267
oprah,-0.21627031846524888
reviewers have,-0.21628297814036482
hack,-0.21635128370679202
played the,-0.21638373421616408
slow paced,-0.21647882257147266
picture the,-0.21649396819142275
not see,-0.21651209029452803
convincing and,-0.21668507958547634
it have,-0.21671048099259602
which brings,-0.21676339434156341
not film,-0.2167663579943837
seen movie,-0.21678695596757858
then he,-0.21678762448103767
infinitely,-0.21689277253814768
big time,-0.2169544267470272
oh my,-0.21697720546119714
uh,-0.2170099775119614
advertising,-0.21702832114259057
no character,-0.21704212129669898
better films,-0.21713125358470198
movie they,-0.21725120195171282
1960s,-0.21730779629431488
and slow,-0.21747120813272883
bobby,-0.21753467461541884
couple,-0.21762946851454024
effects were,-0.21766421294202756
had better,-0.21766763986439677
angela,-0.2177544758336913
director has,-0.2178121048838178
know where,-0.21792084852903726
the jungle,-0.21797310423945027
are they,-0.21809394844630106
snake,-0.21811504860990988
show the,-0.21826053527519962
jill,-0.218270694941635
remote,-0.2182800277684293
wondering why,-0.21851561686879956
is beyond,-0.21853846091297055
it sad,-0.21861730766899493
instead of,-0.21887121746544588
reviewers,-0.21889864725517558
possessed,-0.2189322340458326
an adult,-0.21895696537964038
the bed,-0.21899224667238504
and did,-0.21903826966625
proceedings,-0.21912433087352312
event,-0.21915434596103958
stale,-0.21917839549385723
nothing and,-0.2192330193918398
one it,-0.21928035291788378
formula,-0.219285721931401
in reality,-0.219411104310791
anything to,-0.21941884344872112
have enjoyed,-0.21944199341284568
take away,-0.21947445748887165
even that,-0.2195238217242837
financial,-0.21960711595151455
one should,-0.2196079373686599
assume,-0.21987823000391465
pig,-0.2199039148042902
cinemas,-0.21994055648959043
irwin,-0.21996817658961879
goldie,-0.21999220396230854
hint,-0.21999480275965547
it impossible,-0.22005111356326473
down as,-0.22017320351001746
hanks,-0.2201833611611923
roommate,-0.22036779290695105
agreed to,-0.2205969736064867
the ones,-0.22061669881808088
alice,-0.22066951434197032
celluloid,-0.22070138325169888
voice,-0.2208731960653916
work the,-0.2209495177996214
global,-0.22098139134792197
to hold,-0.22117266162399282
arnie,-0.22123605327077864
watcher,-0.221306347120596
times in,-0.22133158518331197
the alien,-0.22136123651821243
orwell,-0.22136253166356815
needless to,-0.2213652601410118
pat,-0.22142526101620064
more interesting,-0.22144011421295168
weapon,-0.22144320816334756
never,-0.22144744209737127
this so,-0.22152052923924456
afraid,-0.22158223255861698
boogeyman,-0.221596654764763
they might,-0.22165359272222626
his girlfriend,-0.2216662175609932
hmm,-0.22166936329543138
only for,-0.22173030858206685
allowed to,-0.22182601630392032
all know,-0.2218688893904895
gary,-0.22195433310038734
is then,-0.22199088648656132
posted,-0.22199586925059311
messy,-0.22201344797328337
doctor who,-0.2220489945094325
test,-0.22207760540697838
my head,-0.22226776857242267
go the,-0.22236654177933943
of garbage,-0.22246304733865496
appeared in,-0.22249988208584703
ants,-0.22258489282492616
rating of,-0.22264634408019487
improbable,-0.22264863322518258
claim,-0.22268768749497225
be allowed,-0.2227851476013274
hammer,-0.22284181722218183
something good,-0.2229703526598554
the lowest,-0.22300762751936148
goes into,-0.22301559323310036
is given,-0.22307592104850446
the dumbest,-0.22313541290975422
you be,-0.22318023964141723
give the,-0.22328931298075463
his uncle,-0.22330239093373097
problems with,-0.22345208559977325
listed,-0.22346482495493214
onto,-0.22360101759084475
but does,-0.22360156142065862
minimum,-0.22361479689565408
that it,-0.2236284699208526
itself,-0.2237015226197469
much and,-0.22371385345944872
thing and,-0.2237282496876
on so,-0.22384494818860273
hang,-0.22384876183773716
to man,-0.22393997629540285
parking,-0.2240528094525494
wait,-0.22406288487270595
flick,-0.22416064051362938
titles,-0.22425181552823437
and starts,-0.22428304031320279
as though,-0.22429678496732572
white,-0.22430441100032117
taught,-0.22431108292562194
have such,-0.22436717915919074
guess that,-0.22447908337191208
wife in,-0.22473297185980395
of boring,-0.2248041235743274
to ask,-0.22484627438236637
to offer,-0.2249162006168211
favour,-0.22497926990322836
awhile,-0.22498105269706617
repetitive,-0.2249879756582564
friday the,-0.2250136225912347
quality is,-0.2250213034243702
makers,-0.22506598180565837
good points,-0.22508045546985916
christianity,-0.22512043280560723
was full,-0.2251231801508796
oh well,-0.22516416341050505
bad writing,-0.2252859820153025
start the,-0.2253341277986913
paid for,-0.2254279290328894
madsen,-0.22547579646592034
missile,-0.22549117243129024
you probably,-0.22553248466670833
audition,-0.22565981374446584
the second,-0.22566703091600532
jesse,-0.22568292096562334
noteworthy,-0.22570712011390617
in dark,-0.2257503655699099
case the,-0.22585705551381008
worse the,-0.22590757960664987
well they,-0.22603730817959825
treated to,-0.22604737801061484
ending,-0.22605843646514642
ad,-0.22608697258547272
on top,-0.22608956603028527
racial,-0.22614323191289665
cue,-0.2261774847313349
money the,-0.22623922887655065
jew,-0.2262877069190545
keitel,-0.22629280119687523
of nowhere,-0.22630168831271857
of white,-0.2263441846763028
that man,-0.2263795162148268
expression,-0.22642025239159191
imaginable,-0.22644784068264723
where it,-0.22648359497673035
square,-0.22653391650811625
corman,-0.22655049725609255
sinking,-0.2265537393101498
save yourself,-0.226629613625456
fine but,-0.22671638671271127
actually,-0.22691474517111945
the execution,-0.22696706643341166
people with,-0.22703768958539886
tradition,-0.22704951492935332
severe,-0.2271094762146689
ah,-0.2271563682547475
seemed more,-0.22733829564107325
however they,-0.22746092383241726
cia,-0.22764269909891202
described,-0.2276598696009664
attacks,-0.22766320740473803
is total,-0.2277734276002992
budget film,-0.22794352441164537
person,-0.22797247469367077
universal,-0.22808986267510187
the directors,-0.2280932450013734
badly written,-0.22814065600029934
audiences,-0.22816723819694446
members,-0.22816761803651356
it without,-0.2281930996147975
take this,-0.22840092244389804
any sort,-0.22840593687766245
the romantic,-0.22847993225782615
presumably,-0.22849432906215011
very long,-0.2285530103761291
this at,-0.22864370813565363
movie would,-0.2287080049298718
better acting,-0.22871727853047377
of one,-0.22873159970265103
troma,-0.22882853123285565
explanation,-0.22882885813145556
label,-0.22885847976453466
can make,-0.22887378890818433
structure,-0.22887614062607106
you can,-0.228903797641123
with friends,-0.22893313638082619
known to,-0.22893752834840883
and no,-0.2289380297690244
there some,-0.22894445778133898
minutes and,-0.22897052815542931
running around,-0.22903286728435598
best part,-0.22908653867512488
have that,-0.22918137307639863
the screenplay,-0.2292020258109763
the question,-0.2292310419521969
up until,-0.22937948716857165
started out,-0.22946528034941815
an example,-0.22948134173434773
hybrid,-0.22951871368175927
15,-0.22956555789628635
were more,-0.22963246983587676
exactly,-0.22966347577898882
subplot,-0.22968787035343805
franchise,-0.22970262683109308
of that,-0.22985036862427952
photographed,-0.22994857705078792
later when,-0.22998258144775893
derivative,-0.23001416250583645
porn,-0.2300146513923256
the flick,-0.23008196777452583
reason this,-0.230216708646056
status,-0.2302609625412107
repeated,-0.23031965849887787
nothing but,-0.23039209750129064
peter sellers,-0.2303925073765829
too long,-0.23041601568471004
nervous,-0.2305009659160269
there with,-0.2305255653549611
illness,-0.23053642484769174
puerto rico,-0.23062970584040968
hours and,-0.2306673430137764
by then,-0.2307063851034414
called,-0.2307241598435444
her acting,-0.2308376093424886
broken,-0.2308817011356681
woman,-0.23096825888441752
parents and,-0.23100961730112257
wanders,-0.23112120349241336
the actual,-0.23116604991693424
encourage,-0.23119413381851067
oh dear,-0.2311978299748166
tasteless,-0.231202222682058
at that,-0.23131368200911964
cries,-0.23132714033637702
quite possibly,-0.23141862399240207
talents,-0.23153290294998227
an effort,-0.2315442756776408
on board,-0.2315934865564293
stage play,-0.23160084135404757
has absolutely,-0.23166491769819014
the silly,-0.2317902114109198
is pathetic,-0.23188766793439303
bergman,-0.23190011128452773
sloppy,-0.23194889460040624
sending,-0.2320659301242455
spiritual,-0.2322461576817804
three,-0.23228087482806636
that one,-0.2323049976272911
distracting,-0.2323783501796205
of it,-0.23239525543235956
minimal,-0.23242915714697568
healthy,-0.232432170836806
attempting to,-0.23246596116986504
ok so,-0.23248705140591905
been great,-0.232548273427313
film might,-0.2325621540403771
dumbest,-0.2326873266876513
but wouldn,-0.23273540714125665
then it,-0.23279326076696094
jerk,-0.23285617819681906
hour of,-0.23287604586729424
could make,-0.2328919955166923
backdrop,-0.2329470783703983
leon,-0.2329505835020068
trailer,-0.2330587947028673
version and,-0.23305882842688033
direction of,-0.23310054779794845
piece,-0.23321626781052074
even worth,-0.23336198863034677
is being,-0.2334440212813652
borrowed,-0.23347464771017404
wonder if,-0.2335052276331845
hands of,-0.23352804964007606
then there,-0.2336022118220509
ranks,-0.2337093695956736
daughter is,-0.2337368630732427
everything else,-0.23376739669268157
started on,-0.23380938847641058
latest,-0.23384025442382791
her new,-0.23385694760782455
forced,-0.23389108210805948
believe,-0.23399219470002477
this low,-0.23399364801187042
im,-0.23400421596474458
indifferent,-0.23401081092621887
werner,-0.23401882389096237
warned,-0.23407523458672141
film have,-0.2341187961951905
approach to,-0.23415319587653693
fairly good,-0.234170552844967
the bbc,-0.23420086908648294
skits,-0.2342016951392404
guessed,-0.23425985149572529
find something,-0.23431791803197
acting ability,-0.2343614580403957
sam,-0.23440705003790732
of sam,-0.2344219478012352
porno,-0.23451781068572608
film looks,-0.2346754084300102
the victims,-0.23480472983932663
and far,-0.23482957336388516
not waste,-0.23494495807976765
silly and,-0.2349819281113489
heavy handed,-0.23503723340765936
say the,-0.23514154187376463
impossible to,-0.23519737251881317
his car,-0.23522218378593696
giving the,-0.2352677350938924
guy in,-0.23534088977370252
kinski,-0.23536121073366595
clumsy,-0.2353908203556271
communist,-0.23550752418736726
and killed,-0.2355360478064101
the upper,-0.2355878939076341
he have,-0.23565730919479674
southern,-0.2356955492872707
and left,-0.23576377579771143
but we,-0.23577731939572338
dry,-0.2357901776361032
in making,-0.23587589431706474
huh,-0.23587884876150442
fair,-0.2361038029047805
resume,-0.23626445357588255
previous film,-0.23627915592369306
mark,-0.23640802761807134
appeared,-0.23643364607331024
is meant,-0.23645924772551932
time with,-0.23645963047702
charlotte,-0.23646874292498826
wooden and,-0.23648729283988287
maid,-0.23651809961412848
responsible for,-0.23654163179786547
ham,-0.2366930983308796
to start,-0.2368238889124167
couldn even,-0.23688477487295004
act in,-0.23691647803414834
are bad,-0.23695879528423058
an ancient,-0.23696611226456726
cohen,-0.23699276021681787
bored with,-0.23700068407085584
if they,-0.23700981465688106
been an,-0.23721704227902402
madonna,-0.23726446141654592
sense the,-0.23735175899724625
bennett,-0.23735392799133773
jerry springer,-0.23735604649537165
exception,-0.2374421255207997
off after,-0.23748488060425427
title and,-0.23757463373116175
loud,-0.23757952431509521
was horrible,-0.23763291669982953
13th,-0.23764630379919827
officer,-0.2376464718441957
of about,-0.23765749175372514
we really,-0.23776722499386577
to create,-0.23789620217113297
through it,-0.23795016128369273
was much,-0.23824531254928297
excited to,-0.23831218483570846
one note,-0.23831957954534985
louise,-0.23841111859046243
get better,-0.2384495389728437
that didn,-0.23848543576183903
contempt,-0.23853742590636925
wendy,-0.23859306198628924
them is,-0.23879985009948287
naturally,-0.23887629600090354
sad,-0.23889818195036205
room,-0.23890070210976136
as comedy,-0.2390612882563203
keep this,-0.2390698649293558
thing was,-0.2390706355423784
turned,-0.2391123870080535
bank,-0.23917465961958556
stuff and,-0.23920292527534517
up his,-0.23947538492291945
is painful,-0.23956864084442334
lamas,-0.23967725436079412
relies,-0.23977808576292287
lou,-0.23977939956633476
so awful,-0.2398120058934296
up being,-0.2398543263980118
cast of,-0.23986313181733077
lauren,-0.2399133189039488
been the,-0.23991463634736174
from being,-0.23993017211821485
and be,-0.2400749753258466
in hell,-0.2400926790436556
and trying,-0.2401116658103153
the occasional,-0.24021313786837228
fed,-0.24027589389813114
photographs,-0.2402846843200225
tax,-0.24029911943430643
actual,-0.24041570183239164
his usual,-0.24042204584796031
some decent,-0.24049724412329418
ve ever,-0.24055303430685815
movie just,-0.24069290016505177
that point,-0.24104124497913618
and plot,-0.24109032871419994
bob,-0.24109864519553678
thugs,-0.24115663813640817
the back,-0.24128041687350754
only that,-0.24130669046489517
his talent,-0.2413214730420194
then on,-0.24139916352849478
platform,-0.24140292198972246
calls,-0.2414121802639056
london,-0.24150691601551372
of self,-0.24150901235730848
about it,-0.24153131753178786
body,-0.24165051038425012
proof that,-0.24175845620641184
is wrong,-0.24178987714896025
that am,-0.241906137815118
so so,-0.24206409745629606
hum,-0.2420645558690835
40 minutes,-0.24209801011877494
the leader,-0.2421063438045368
better off,-0.24211144801125656
beach,-0.2421343865105384
deleted,-0.242135402808253
boy,-0.2421487778293026
started to,-0.24226667674360863
underdeveloped,-0.2422912265830248
wrestlemania,-0.24231021202519262
thinking that,-0.2423667567514182
suit,-0.24237843092845585
wellington,-0.24242157626641994
lloyd,-0.24252327316484187
on their,-0.2427275441639223
dude,-0.24283320420924273
he and,-0.24294987506808488
ads,-0.24299865605070303
passed,-0.2432018119525462
exact,-0.2433922875693347
could possibly,-0.24340083487270317
shepard,-0.24354601996038153
fifteen,-0.24354642956683323
crawford,-0.243638974932833
big deal,-0.24366223834893036
terrorists,-0.24370314218847103
narrative,-0.24381646749014665
of been,-0.24396101112141608
floors,-0.2440295607666517
the scenery,-0.24405865793312392
never mind,-0.24413203808463574
half an,-0.24419367503979142
truck,-0.24433878480845647
you wonder,-0.24443764060359405
pg,-0.24447352231489394
why was,-0.24462462669779847
sitting there,-0.24463234054365407
wing,-0.24465751492219778
lackluster,-0.24472554022017332
directed the,-0.24478442458105495
all we,-0.2448182108380263
the comedy,-0.24488572833809835
hair and,-0.2449644957408786
apes,-0.244985547825623
is full,-0.24526028733450417
mafia,-0.24535608451243593
strictly,-0.24548371885789788
make much,-0.24555117609557292
sitting through,-0.2456120860813404
vain,-0.24562249816759185
an extra,-0.24568192027271027
steal,-0.2457983785646127
memory,-0.24588702176160418
years earlier,-0.24590479043065203
devoid of,-0.2460655695421046
devoid,-0.2460655695421046
imagine,-0.24612503887052883
lines that,-0.24623044182412812
director was,-0.24625633053195575
to laugh,-0.2462898327888618
be good,-0.24642850015728243
archie,-0.24642943241509696
schneider,-0.24647925986906558
to die,-0.24648440526678198
mindless,-0.2465392418750495
attack,-0.2465393627798642
star in,-0.24658087243038748
is stupid,-0.24661453064661923
films are,-0.24674307174620977
like they,-0.24674359213459834
magazine,-0.246807416768688
make out,-0.24692105481727894
why does,-0.24695313377580258
bringing,-0.24695529619746792
real reason,-0.24712713656286342
keanu,-0.24716915163430128
but these,-0.24717699403077315
the fast,-0.24722266216861996
believe me,-0.2472454235013606
man but,-0.24726387401376398
nothing in,-0.24727106849817185
only to,-0.24730015990074591
followed by,-0.24749778443022138
cliche,-0.24756802757120286
on how,-0.24759254405139955
idiot,-0.2476850424392709
alien,-0.24788308302884332
and unbelievable,-0.24796675559062964
apparent reason,-0.2480600095676728
want good,-0.2481407246679112
excruciating,-0.2481553371853056
is weak,-0.24815990353385473
and oh,-0.2481770914812864
thats,-0.24821388822059848
britney,-0.2482552506280203
cannot believe,-0.2483869713570194
lundgren,-0.2483984105589837
really want,-0.24841633515762404
the context,-0.2484838923286545
no more,-0.24864811487470753
awfully,-0.24874041899232124
locked,-0.2487437937054873
quest,-0.24881246736805182
third,-0.2488843296526036
shaky,-0.24888531469079817
throat,-0.24889002109169514
the oscar,-0.24893844399708842
the 1960s,-0.24914385080536816
bringing the,-0.24918418520956478
sarcasm,-0.24927710815169568
ve seen,-0.24930661163244264
mars,-0.24932271380943008
implausible,-0.2493591176944821
state of,-0.24940582967926922
correctly,-0.2494061013632396
time and,-0.24942285109450155
horror flick,-0.24953398588500145
ending of,-0.24959297858288132
destroy,-0.24961939004909126
possibilities,-0.2496324727919468
maybe he,-0.2498225077995696
to stay,-0.24988409323452793
hate to,-0.24991788015555827
premise of,-0.24997042206140335
wondering,-0.24999373686076387
impression that,-0.25010356402538625
this sequel,-0.2501760034889882
either way,-0.2502978742785344
warrior,-0.250342433274373
blood and,-0.2503557150127557
is actually,-0.2503641970596926
the title,-0.2506580982626656
weight,-0.2506701050821539
seemingly,-0.250829363546669
reason to,-0.25101086686372764
self,-0.25117462145407743
was supposed,-0.2511806523824658
fx,-0.2512499542074907
people like,-0.2514928907602447
effects are,-0.25152152384393905
much less,-0.2515740898097941
it all,-0.2518415009987102
director and,-0.2519395615276492
just made,-0.25196796196243654
husband is,-0.2520187005171514
don need,-0.25210032388634307
we were,-0.25213219365277645
funding,-0.2521642800883277
rises,-0.2523510534076546
as someone,-0.25244975889594445
the dialogue,-0.252472404212222
humans,-0.2525768932388106
wait for,-0.2527605290853027
the 10,-0.2527684119312778
was weak,-0.252884350023199
attack of,-0.25313742096012903
not to,-0.2532455416461141
start and,-0.2533792698961698
gold,-0.2534798362111034
line,-0.25352264353223825
an opportunity,-0.25356543492065076
actor in,-0.25364161189191464
hazzard,-0.25379037298146145
tortured,-0.2542745296390556
orange,-0.25428423598668304
for television,-0.2542942031132475
end up,-0.2543148902557425
tied up,-0.25434623943096496
the mst3k,-0.2543725471070621
thrown in,-0.2545001338253875
essentially,-0.2545868773920858
and annoying,-0.2547308399851239
they think,-0.25483940728777826
fire,-0.2548423742729788
chainsaw,-0.25484636080065576
1973,-0.2548883243633931
movie after,-0.2549018429707405
poor acting,-0.25498572303469036
wrestling,-0.25499237832085725
are so,-0.2553776131286312
soap,-0.2554436632568767
to stop,-0.2554990999270833
very slow,-0.2555314004874628
but alas,-0.25566347123301825
chiba,-0.25575048578524795
the hospital,-0.25577548427524105
somehow,-0.2559236324659032
barrel,-0.25596226455273824
over in,-0.2562214060025919
excess,-0.2563440332002686
the catholic,-0.25639174378347795
mix,-0.25649771999208004
wealthy,-0.2565000609453465
guy with,-0.25653457853882067
my humble,-0.25660644134010324
hours of,-0.25669316300762657
minutes the,-0.2566987928099718
blows,-0.25685565012595535
joker,-0.25690557567375905
nudity and,-0.2569197436084818
plodding,-0.2570018327434151
to drag,-0.25713925856504427
begin,-0.25717167730072577
ape,-0.25722781512344395
even remotely,-0.2572503433218061
earth,-0.2572986792620899
45 minutes,-0.25742828993800154
ignorant,-0.25756129979833736
acts like,-0.25759932382924
are going,-0.2576492197977691
psychic,-0.2577347496712548
francis,-0.25786305848998353
how many,-0.2578870316300272
janet,-0.2580329401824278
hopelessly,-0.25807969637855277
when saw,-0.2582219209367628
was because,-0.258254384127463
banal,-0.25856011913180954
any way,-0.25859767318073923
also not,-0.2586438479206711
many scenes,-0.258692232800252
an actor,-0.25876155313439897
point in,-0.2588049850903993
thing can,-0.2588174883691083
horrendous,-0.25892289032065813
rats,-0.2590329200260556
as are,-0.25907641774317935
production values,-0.2590911178641566
altman,-0.2592254929684033
singer,-0.2592383363200586
spoof,-0.2593257379119352
early in,-0.2593429276888697
goes on,-0.25947444329863717
only about,-0.25965107786585695
and bad,-0.25972751008097283
wrote this,-0.25972969346889013
eve,-0.25987411775002617
and film,-0.25992153184921
can give,-0.25992814279035314
military,-0.2600215864072811
film didn,-0.26012889217631424
father the,-0.26020179798877696
sells,-0.26037562775905626
the sole,-0.2604063295672942
an annoying,-0.2604294827953849
the cgi,-0.2604814176731173
says the,-0.26054041324791555
model,-0.2606025759142208
the moral,-0.2606034180885125
turn it,-0.2607248022215927
writing is,-0.2608206293174822
they re,-0.26089002135434836
hate it,-0.26093597357523995
film is,-0.2610760103650865
juice,-0.26121642203212014
1932,-0.2612308395134789
fix,-0.2612409493659946
education,-0.2612620011554281
terrible movie,-0.26126873829243086
has to,-0.26136661379188625
terrible film,-0.26149610490294206
successfully,-0.2614965229987952
pointed out,-0.26151318177093524
pun,-0.2615519860949932
the creature,-0.26156117013369296
gratuitous,-0.26157742200849876
the aliens,-0.26162613300598636
state,-0.26163166808082144
incapable of,-0.2617087661873118
three films,-0.26172783994896615
call,-0.2617711751415043
for some,-0.26197838465246004
idea is,-0.26199820141810115
the end,-0.2622041555425428
heavy,-0.2622460812744241
the plot,-0.2623062243472378
russian,-0.26231897693977524
knife,-0.2624203773024724
characters just,-0.26250257301134855
moronic,-0.2625462475278827
film just,-0.2627602609333475
folks,-0.2628607881785315
moments but,-0.26288353835221445
why not,-0.2628939705720367
and nothing,-0.2631404204619393
is capable,-0.26317555243415247
feed,-0.2634317555223885
outdated,-0.2635386160617278
incompetent,-0.26369636967321214
renting,-0.26374207710471825
collection of,-0.26380247302118964
given this,-0.26381086543050875
just an,-0.2638566847253301
salvage,-0.2638986478119547
was he,-0.2639027221019385
my advice,-0.2639660057625717
dorothy,-0.2643103693567454
common sense,-0.2643147172041867
some pretty,-0.26436392214248744
not nearly,-0.264366209057553
phil,-0.2643883094008942
didn care,-0.2644404794863378
obvious and,-0.26447540302145295
go,-0.26461014795478044
mira,-0.2647288030315481
root,-0.2648570373683188
yet again,-0.2649076789907582
really need,-0.26516922867342313
holiday,-0.2651899008420772
baker,-0.265280261279074
movie were,-0.26530738722677677
half way,-0.26542164667573764
looking and,-0.2654485073817664
taken from,-0.2654971482557792
feel sorry,-0.26553971097350554
walken,-0.26554226178378765
convention,-0.26554609973047316
or how,-0.2655510198316595
loses,-0.2655604164391002
aspect,-0.26558099710031785
it as,-0.2656284096530384
hogan,-0.26562887204621216
hippie,-0.26565620715444627
have nothing,-0.26571493881601405
this whole,-0.26575380703214774
without the,-0.26577879746064836
make any,-0.26602934166170916
airplane,-0.2661162390653267
and that,-0.26621572620123246
sure,-0.26622144132025377
claus,-0.2662238591790066
bashing,-0.2662935833592529
it completely,-0.26663872573791353
to justify,-0.2666444166853961
direction by,-0.26666226434889156
biggest,-0.26672479575154323
exposition,-0.2668259327823628
laughably,-0.2668948897252144
isn funny,-0.2669673025130871
the direction,-0.2671459924429964
what little,-0.26715823417491213
movie in,-0.26726791407800254
church,-0.2672987412514406
found that,-0.2673806546981809
is no,-0.2673823495923187
educated,-0.26739427152178963
of story,-0.26752566801343697
the priest,-0.2675475419058115
incapable,-0.26757364885171836
two years,-0.2677268345777684
movie where,-0.2677343665906212
agents,-0.2677791901283262
rambling,-0.26806329225177633
main character,-0.26807765773385106
depressing,-0.2681311286320155
that but,-0.2681721301713562
absolute,-0.2683895702864641
ultra,-0.26841288686812087
doesn it,-0.26871042424795166
here it,-0.2687105126979232
wish to,-0.2688426521994006
padding,-0.2688904525753583
topless,-0.2689659251959342
plot of,-0.2690159069427666
tossed,-0.2690383070604451
this bad,-0.2690604920587007
of making,-0.2690644835910638
guinea,-0.2692203196729987
respect for,-0.2692663008187625
string,-0.269341951024321
99,-0.26946517743637755
to call,-0.26957330245275035
it weren,-0.269606295482636
mins,-0.2697239306446669
crazed,-0.2697294471964423
mental,-0.26988430079623843
no point,-0.26992197229908804
functions,-0.2699374052276478
regardless,-0.2699572741471265
ended up,-0.2700757252225935
doing in,-0.270092220858144
and predictable,-0.2702445519518821
but sadly,-0.2702446963471338
students,-0.27030403517270424
me started,-0.2704014521520599
least the,-0.27045870847650255
report,-0.2704697113367816
retarded,-0.27055493266436326
her career,-0.2705669491183606
flat and,-0.27068817265722656
bore,-0.27069893282168567
titled,-0.2708746780437869
transfer,-0.27092009704038506
even close,-0.2709338796892019
value of,-0.2709946441402143
was poorly,-0.271068840493113
statue,-0.27113472048216686
assassin,-0.2711390035794259
where was,-0.2711972887588366
stop,-0.27126351824049466
happened,-0.2717091051694077
male,-0.27172930868308814
relied,-0.2717615396478425
movie don,-0.27205582905422815
and had,-0.27210368992418
claude,-0.2723515952682357
stan,-0.2724009218415255
first one,-0.2724533659839667
giggle,-0.272668086780456
simply doesn,-0.27273216266201794
voodoo,-0.27288164587138286
as movie,-0.2729247425554371
is wasted,-0.2729706701015911
sadly it,-0.2730642330634092
naive,-0.27312118480088127
why didn,-0.27316365905353696
body of,-0.27321953812435806
of is,-0.2732286298279777
walk out,-0.2733847207666228
messed up,-0.27347054231400775
historically,-0.27349848064690385
remember the,-0.27355833412503966
in here,-0.27361315051409724
but here,-0.2737728288609053
experiment,-0.2737797331208222
is never,-0.27381998077649067
how this,-0.2738904837913331
and later,-0.2741148222516902
the premise,-0.2741924261856621
intentions,-0.2744412425537081
daniels,-0.2744877824224118
the picture,-0.2744880270667818
scenes but,-0.2746214539357733
man this,-0.2747366040025882
boring it,-0.27483414528165967
heat,-0.27509955882260395
stella,-0.2751854979918858
women in,-0.2753507024303652
with one,-0.2753675191039332
looks more,-0.2754217186295456
of plot,-0.27543773094746693
advertised,-0.27547480736427093
anything else,-0.2756456595985703
the woods,-0.2756866021787706
about 20,-0.27571453879790014
loosely,-0.27572606493770174
awful as,-0.2757710499600101
regarding the,-0.275777628051574
away,-0.2762039555003704
succeed,-0.2764058605004794
just for,-0.27641384890422743
clad,-0.27651936732841614
movie have,-0.27670168882248547
plot line,-0.2767134334238289
have sex,-0.2767276103788503
1000,-0.27676082568670807
end result,-0.27682125639117683
that wasn,-0.2768293938066496
redeem,-0.2769479816701359
would ve,-0.27701035992152956
worthy,-0.27715673510011
of your,-0.27732179480618757
will say,-0.27747726091546165
on imdb,-0.27748166274247577
too hard,-0.2775905401315148
car accident,-0.2776140640700816
choppy,-0.277716376723677
movie then,-0.2777457946406061
ripped off,-0.2777806822294506
the cast,-0.2778267523775422
marilyn,-0.2778480103790496
valley,-0.2778652253579549
this poor,-0.27793999828347743
nut,-0.2780350990584882
politically,-0.27833971811971053
hip,-0.27835064547856053
making movie,-0.2783915076415637
never see,-0.27845636737858853
made no,-0.27847114541247325
those that,-0.27849217140767146
cameo,-0.2785577304546525
did the,-0.2785757123957466
are,-0.27859327822606733
bad films,-0.27860974175093406
stare,-0.2786306760259062
even he,-0.2786581793429353
whether the,-0.27875068092870875
threw,-0.2787593358457034
nemesis,-0.2787645874612275
acting the,-0.27880559069818406
of trash,-0.27893351913404235
do they,-0.27900646092557313
seen better,-0.2790421924170985
opens,-0.2791092962062845
and worse,-0.27918232128478376
poorly done,-0.2792826451692613
not it,-0.2793409262085373
in such,-0.2793554184136465
time he,-0.2793711555362447
tomatoes,-0.2794096380939808
made,-0.279427363456052
else to,-0.279660666424375
mary,-0.2796714818629181
good films,-0.2796727746685208
the army,-0.2797150841636624
doll,-0.27972401822630044
what did,-0.2797253188577156
to another,-0.2797781684905753
was actually,-0.2797892260074712
on earth,-0.27998495734492507
she the,-0.28000919219072634
mirror,-0.2801940247950704
long,-0.2803143998315614
art of,-0.2803516292985288
gave this,-0.28059961468024847
bachchan,-0.2806620598535407
leonard,-0.28080435728411385
one was,-0.2813378764730805
careers,-0.2814272140660852
was left,-0.28145621818241884
horror movies,-0.28154561396502203
morbid,-0.28155174806076594
car chase,-0.28177373024420194
film there,-0.2818386430855598
unpleasant,-0.2818659732846696
justin,-0.28190904284115664
possibly the,-0.28196044116276153
mask,-0.28213011934416266
after watching,-0.28219230369927717
most annoying,-0.2823742702608803
occasional,-0.28253259799274066
ends up,-0.2825975133127035
terrible it,-0.28260190937156754
character from,-0.28262075522542135
kathy,-0.2827382379518161
that great,-0.28275125870078716
where are,-0.282764517578114
disappointed the,-0.2829002155344049
clear that,-0.2829269526639831
only redeeming,-0.2830029691832563
his wife,-0.28300671665800786
entirely,-0.2831548915103751
next time,-0.2832397013066655
tom hanks,-0.2834718180500309
gabriel,-0.28355556726260867
enough for,-0.28370479642523266
can even,-0.2837349065482794
annoying and,-0.2838420771492219
the island,-0.28409127007868923
pie,-0.28415292712871104
we ve,-0.28424379640576164
messed,-0.2845209538341577
missed the,-0.284688616411183
sure the,-0.2846916288493248
wishes,-0.28489763040136096
really isn,-0.2849402023487043
this kind,-0.28502232191871874
revenge on,-0.2850879854171369
anyone would,-0.2851206001011398
to watch,-0.28526047688307044
sebastian,-0.28534364892563757
the person,-0.2854093446376869
alan,-0.28554540178260573
way in,-0.28567813711529716
feminist,-0.28569677583292075
30 minutes,-0.2856982591824026
still not,-0.285745479702874
pregnant,-0.28577217661815363
et,-0.28578780915940094
penn,-0.2859648500262208
care about,-0.2860878797117483
nauseating,-0.28631644696214864
skull,-0.28638367946967713
across as,-0.28638591040116673
hate,-0.2865053890248952
is but,-0.28682640051347125
thing that,-0.2868486014760775
the documentary,-0.28687814396473515
jesse james,-0.28700340198324203
story well,-0.28701189632741725
really care,-0.2870567623311318
the writing,-0.287093115193727
fatal,-0.2871194247252197
it became,-0.28716620548500094
really really,-0.2871828041203565
the brain,-0.28718840171980387
bullets,-0.2871968626429976
could get,-0.28719896707565734
much to,-0.2873011478995207
mysterious,-0.2873867996226684
claims,-0.28739929295631805
slugs,-0.2876528194440143
simplistic,-0.28778194914315
to cash,-0.28804641273771364
part in,-0.28821301579261877
and unconvincing,-0.2882205642418915
scripts,-0.28826756017523397
stereotypes,-0.2883749754998003
prison,-0.2883967893381538
cancer,-0.2884631597271646
nostalgic,-0.28858792551655055
every scene,-0.28866827995417293
so stupid,-0.28886237940715587
interview,-0.28888411783061907
up its,-0.2889694428558831
attempts at,-0.2890018472793352
cash in,-0.28910159818702624
producers,-0.28911622736825016
of nudity,-0.2892689792950022
which he,-0.28940562365056427
what the,-0.28958627468491943
sub par,-0.28969522267999936
cash,-0.28995532532121493
was in,-0.2900107837425837
in trouble,-0.29007614550181215
creature,-0.29013484405780765
movie there,-0.2902962733598838
attacked,-0.29049876414820397
his name,-0.2905486220204953
like some,-0.2908332020811677
was nothing,-0.2909103304041252
meant to,-0.2910406479411698
far too,-0.2911064204927751
or maybe,-0.2911572343580006
embarrassingly,-0.2913957778748973
writes,-0.2914127611771805
is left,-0.29142247268316473
was watching,-0.2914323053103032
jagger,-0.29148949614971775
movie could,-0.2916111095249465
reasons,-0.29162800151935325
and decided,-0.29168730945744
clips,-0.2917158541576596
the photography,-0.2918856792230483
says,-0.29198259488849704
fighter,-0.2920229687087959
around in,-0.2922841968281689
reynolds,-0.29233129423594295
part was,-0.29244601028067024
film goes,-0.2925423277271857
is mediocre,-0.2926171937721205
result is,-0.2926514053375213
he looks,-0.29266690489088754
burton,-0.2927310295752998
account of,-0.2928205654078614
it bad,-0.29286576402368464
meaningless,-0.2928904962919425
wonder why,-0.2929964802693972
and with,-0.29313778141691216
the desert,-0.2934890586204246
movies but,-0.29350803862496816
and stupid,-0.29361081652280735
sorry to,-0.2936920809417371
making this,-0.29370388631456334
bottom of,-0.29393346902305545
doc,-0.29414676130423506
few and,-0.29417963240533085
confused and,-0.2942540782988005
are nothing,-0.29429439464691365
the left,-0.29438273050011254
is totally,-0.29443881708367897
sh,-0.29454935696452994
think so,-0.2947287407816016
clueless,-0.2947945476482274
whining,-0.29480762949285466
or if,-0.29482434009037023
making it,-0.29504899062117423
out that,-0.29512370781977765
sequels,-0.2952897473136773
else in,-0.29532861910270886
mess of,-0.29544795510007665
diane,-0.2954548342587182
who looks,-0.29552966288564203
time but,-0.2955793980664502
nothing about,-0.2957408714159221
desert,-0.2959599046907777
of talent,-0.29601891440649647
they could,-0.2961823622725169
transparent,-0.29618345042287986
idiots,-0.29650444266977466
hair,-0.29653547682025205
can act,-0.29677847707485244
spark,-0.2969724652399488
and less,-0.2970414561038404
campy,-0.29711111216693314
mutant,-0.2971139374037519
scene of,-0.29722608893514707
buried,-0.29728962803215686
hawn,-0.29729844884777756
it ends,-0.29734796835696503
conceived,-0.2974570632528444
wearing,-0.2975999570721325
wandering,-0.29760262213631766
unnatural,-0.2976345427767836
secondly,-0.29775182907225956
clown,-0.2978241350897377
just bad,-0.2978445197383954
left with,-0.2981000447791222
re supposed,-0.298320864351474
ashamed of,-0.29846181214670053
then she,-0.2985085599576348
cut,-0.2985107058053606
hero,-0.29857005646395385
disgust,-0.2985938629604225
felt like,-0.2986371772220788
aged,-0.298703470562345
and few,-0.2990424772789547
carradine,-0.2990911187457121
overlong,-0.299111690886053
spit,-0.29917239119155514
is pretty,-0.29927239526328114
except for,-0.2992819432744624
did this,-0.2993033869768763
attempting,-0.2993202384862609
cat,-0.2995731985352997
the scenes,-0.29982486267592773
scenes and,-0.3002215321073313
say,-0.3002321674585832
anil,-0.3003551939740318
appeal to,-0.3004556825952758
it lacks,-0.30057110820449373
the bad,-0.3005950779844343
cents,-0.30079840046109824
her boyfriend,-0.3007999607769625
scenes with,-0.3008610385429435
reason the,-0.3009030585135838
as this,-0.3009756861772956
despite the,-0.3010563032345407
the filming,-0.30107170766263797
was at,-0.30120030439943396
or is,-0.30121735555011897
rush,-0.3012236351748286
kill the,-0.3013343778001201
generally,-0.3013602962210903
actress,-0.30138783846959116
tooth,-0.30150661559910225
sake,-0.3017229910307109
way over,-0.3017243960104048
whats,-0.30174049169753514
the mark,-0.3017996055917625
despite,-0.30179972787582215
for horror,-0.3018144003968863
imagine that,-0.3023316166947228
sentences,-0.30240643149306135
dud,-0.30245928172739217
lift,-0.30248082743338783
bother to,-0.3025582536533554
the choice,-0.3025743832181707
for watching,-0.3026573721784444
play,-0.30302506997828993
bad enough,-0.3030664806878085
start with,-0.30308136976128086
anyone to,-0.30310821399656174
my wife,-0.3031405771827144
she goes,-0.3031790876848122
dinosaurs,-0.3033732917538807
they can,-0.3038778664959957
bikini,-0.3038817023530552
maybe this,-0.30395888365264445
recycled,-0.30405464710882685
pretty much,-0.3041580187125261
uwe boll,-0.3041846024178469
remake of,-0.3042292064051831
hoped,-0.30425099065092004
think of,-0.30436456165218473
scene in,-0.30447570479418634
lightning,-0.3045737878477244
the purpose,-0.30462792253958115
avoiding,-0.3046789587250334
full of,-0.30469863921138496
hold,-0.3047009732874868
all this,-0.3047555412398163
mundane,-0.3047868248000113
it wants,-0.30481312286443113
center,-0.3048286432823879
is lame,-0.30484119182934427
to blame,-0.30502182293827557
shots of,-0.3050407282985725
redeeming quality,-0.3052580926336142
directed,-0.3052656941274639
imitation,-0.30530887463559325
understand how,-0.3053354545456261
does it,-0.305350481476098
asian,-0.305385605599153
his face,-0.3054390827772631
have ever,-0.3056249754429404
the name,-0.30570526373905327
people,-0.3061301158363392
nor,-0.30614339870155205
do we,-0.3062944081782251
let just,-0.3063114938964373
research,-0.30636400596718605
40,-0.3063710295740463
basketball,-0.30638907260546056
still don,-0.3063991965599952
enough but,-0.30644393248302065
favor and,-0.30662629684799025
word,-0.3069803064097739
dies,-0.3070341801183096
we have,-0.30721661478164025
make sense,-0.3074100427352926
in there,-0.30741398174254947
the 80s,-0.3075068769501867
period,-0.3075932575178075
inaccurate,-0.30765816371147375
what with,-0.30777998748048996
the number,-0.30781549444368783
consists of,-0.3078396583572758
accents,-0.3079816178776226
murdered,-0.3080954299641134
since she,-0.3083145043438841
45,-0.30845994465764714
but could,-0.3084679078103765
and mary,-0.30849001788344504
from other,-0.3084938171647826
this way,-0.3085139938899426
be much,-0.30853454656902046
of being,-0.30860146676768363
the military,-0.3088464764428931
shower,-0.3091419690876111
isn even,-0.30921037674852364
he should,-0.3092585601207199
term,-0.30954882565168673
to begin,-0.3096674150206
quite good,-0.3097829989304594
inexplicably,-0.3097944646635818
40 years,-0.3099108695117773
forget it,-0.3100003662566772
cartoon,-0.31014882063413907
arm,-0.3101518566112913
deserve,-0.31042913177653136
well he,-0.310530712504788
kidding,-0.3107173601767856
to mention,-0.3109191895783716
ugly and,-0.3110441224743445
book and,-0.3112301605025324
no chemistry,-0.3113096947396991
this script,-0.3116453779950856
lasted,-0.3116711093848297
the characters,-0.31168779391586376
not sure,-0.31211204518233937
the bottom,-0.3123546338993165
money in,-0.31264730456388984
call it,-0.31288494022148783
lines are,-0.31289020953237
relative,-0.313017517784855
prophecy,-0.31303132623660884
even less,-0.3131307102255521
angry,-0.31321534553449676
other reviewers,-0.3132270188953286
to rent,-0.3132958994285523
guns,-0.31334843607792723
disappointed in,-0.31342430442069347
lies,-0.31349585447354894
to shoot,-0.31352432398040847
by director,-0.3136058265267198
to produce,-0.3139278975161258
great idea,-0.3139302791526655
islam,-0.31408128180923844
with more,-0.3142432030918563
was poor,-0.3144311419465907
the exorcist,-0.31445087934958044
didn see,-0.31448546789384113
apart from,-0.31454630099289677
kirkland,-0.3146714078986266
most boring,-0.31470861168315606
nerd,-0.3147771904662492
brief,-0.3147998404515463
of people,-0.31486770977071715
yawn,-0.3150439153110181
first off,-0.31520176677395206
down in,-0.3152456100534041
but you,-0.31528307164148944
apparent,-0.3153167059824491
and fails,-0.31541994740289053
this being,-0.315571178631191
attract,-0.315819683986696
the climax,-0.31582702158093073
any real,-0.3159630195389402
populated,-0.3159806499986031
is that,-0.31601999892318094
an attempt,-0.31606531601094284
his first,-0.3162364742724285
did he,-0.31629612839499394
going,-0.3163012468231774
the start,-0.3163225485441712
assuming,-0.3163860511851147
abysmal,-0.31646849161540563
from there,-0.31648666071007653
means of,-0.31652762786021393
from an,-0.31693137879762584
suppose,-0.31702711504286346
tried to,-0.3170353795475638
answer,-0.3171059978142178
baron,-0.31719103887755035
flimsy,-0.31726111830457915
was looking,-0.317335341561225
don see,-0.31734606141285654
and directed,-0.317551592145285
never get,-0.3176665926683093
really just,-0.3179425448977909
ed,-0.31795209028757104
story line,-0.31803569327364656
the daughter,-0.3180525931833669
hopkins,-0.31811375989693536
can recommend,-0.31822086257786286
dysfunctional,-0.3183301947239486
surrounded by,-0.31835577292930317
debbie,-0.31836755606028305
suck,-0.3185030910535426
all for,-0.31855000738140726
national lampoon,-0.31858614012537245
feeble,-0.3185911668413536
worn,-0.31864371629025645
he the,-0.3187395150415751
what were,-0.3196341048954656
decided to,-0.31983676968620867
character is,-0.31988390651717913
was this,-0.3199274727486741
if there,-0.32006141710161856
plane,-0.32008833129979936
the sequel,-0.32011501069795245
hand held,-0.32021411217153967
shorts,-0.3204125810168993
muslims,-0.32041664692960964
entire film,-0.320565515430168
putting,-0.32058158873532894
secret,-0.32087813131843584
where is,-0.32100436991034786
50s,-0.321053982000793
to throw,-0.3213255685956493
my god,-0.32133673793035805
wayne,-0.32158100512341536
is complete,-0.32168723910168695
superficial,-0.3217182193037621
christians,-0.3218554342051583
alas,-0.3219258477372556
there nothing,-0.32196992662210366
like bad,-0.3220065741820422
bogdanovich,-0.32216831487405345
freak,-0.32241468569686343
after,-0.32255667329799464
jason,-0.3227338955292239
sense at,-0.32289953744660516
to warn,-0.32291673546793137
decided that,-0.3230477986096455
vehicle,-0.32305443414142243
sorry but,-0.3231845818156339
list of,-0.323186398325986
front,-0.3232049502931821
massive,-0.3232191486929088
talented,-0.32351296503373855
big fan,-0.32353705092330415
account,-0.32368663156882643
sitting,-0.3237229386593645
though and,-0.32373767460225855
20 minutes,-0.3237963431235463
films but,-0.3238149444938042
resembles,-0.32389004175936265
bela,-0.32392111988215
about,-0.3240630302722094
timberlake,-0.3241655190590761
only thing,-0.3242221053294217
character was,-0.32422808713110146
it wasn,-0.32442071827616376
morris,-0.3245811252661175
plot which,-0.3246155861952389
the women,-0.32483307831945235
his victims,-0.32490757509071977
batman,-0.3249601507843694
voice over,-0.3250209100872132
mary lou,-0.32557078950528845
leave,-0.3257095670373614
money and,-0.32572249516684904
proof,-0.32592790971803176
doing,-0.32604616055507746
melody,-0.326093171692493
whale,-0.3261113908038174
on it,-0.32615442097566144
jack black,-0.32629157261675434
shots,-0.32630796603041684
ridiculous the,-0.32639099323059656
to deliver,-0.32646242504775946
loser,-0.32647556592539534
awful film,-0.3265594514984919
so called,-0.32659322160464227
an old,-0.3266277297276151
his grave,-0.32676102577741056
button,-0.3268066174203055
and yes,-0.3268997672026875
see good,-0.327140794939498
dreary,-0.3272424606957428
karate,-0.32729075934491453
end credits,-0.327338044103538
is dull,-0.327517815416951
gram,-0.327640677161612
dukes,-0.3277174566990148
in this,-0.3278174707970212
running time,-0.3278501424745188
good but,-0.3279696222515119
have worked,-0.3282826441207147
this horrible,-0.3283116057094096
rental,-0.3283816956402188
self indulgent,-0.3286974933170874
severed,-0.3287181919426161
going for,-0.3287425642123827
connect,-0.32876236290032496
awful movie,-0.32904908504473573
the lines,-0.3290543789021543
there no,-0.3291154889085279
hype,-0.3291801863495101
the children,-0.32934905189432373
this film,-0.32973215569477515
terrible the,-0.32994617699692896
pointless and,-0.3300000878209975
even have,-0.330364509686765
time she,-0.3306197966785472
with bad,-0.33066323549990434
to waste,-0.33072368640497923
asking,-0.3309073923869977
manipulative,-0.3309557540377268
go and,-0.331133349122579
sex with,-0.3312189834886298
the vampire,-0.3312962386657193
incomprehensible,-0.3313855161300419
how could,-0.33153125886172247
false,-0.3315412019140937
rent this,-0.3315507317275885
tim,-0.33160423473941103
and save,-0.33162145278499006
manage,-0.3317813798087815
dean,-0.331802645534393
portion of,-0.3318138509883719
it starts,-0.33186371808236065
fortune,-0.3319149500780923
arty,-0.3320753886001216
movies ever,-0.3324521410215463
been good,-0.3325771277504787
middle,-0.3326372545292472
be about,-0.33266167125546403
dancers,-0.3331846134116169
was hoping,-0.33319672780228976
opera,-0.3332396578426374
marry,-0.3334002517127015
synopsis,-0.3338683594455003
oh yeah,-0.33392190717304365
doesn seem,-0.3339420910195979
clothes,-0.334092777008896
wonder how,-0.33431087612028076
wretched,-0.3346789672922028
grace,-0.3347265739562093
poorly acted,-0.33475252941554656
this the,-0.33477681895867806
the point,-0.3348596666041688
looking at,-0.3350276834127224
be worth,-0.33514687486321676
american pie,-0.3351755178651233
the filmmakers,-0.33535065231519195
worst the,-0.33554586177314033
raj,-0.335689220016588
hat,-0.3357438037336258
of interest,-0.33575268920976253
to marry,-0.33591258880341535
catholic,-0.33592223953951034
inappropriate,-0.33598661740728464
this junk,-0.336011513269529
appear to,-0.33611525211345655
daisy,-0.336146559493533
uwe,-0.3361565927326056
not make,-0.3364705607454213
up with,-0.3367509738541725
ed wood,-0.3367713823176261
than that,-0.33695537615308496
formulaic,-0.33697484911676406
so why,-0.33712312852669674
includes,-0.3372388255515384
and there,-0.33731509177438634
feels like,-0.3373583652100822
upon,-0.33747939606783767
overacting,-0.3375753941584254
asks the,-0.3377001493392007
are better,-0.3377100349488825
who made,-0.3380583122219723
is way,-0.3382552644549044
chorus,-0.3382642175539045
dialogues,-0.3384130762838834
noise,-0.3385175373377219
insipid,-0.33856331763851044
so badly,-0.3386161101035751
face,-0.3386399556760728
30,-0.3386841488132591
cutting,-0.3387132895082889
awkward,-0.33915030059556145
very poor,-0.3391980526455127
unfortunately this,-0.3392462144917806
ugh,-0.3394105687677989
since when,-0.3394453114694105
plot holes,-0.33945321656648386
screen,-0.3395986006857064
film had,-0.3397475673350321
surely,-0.3399779574646222
teen,-0.34028913653567894
lisa,-0.3403048823433649
photo,-0.340344550176985
this can,-0.3404316843645329
admittedly,-0.3405499014393125
question,-0.3406251707764755
the killer,-0.340948845034653
leave it,-0.34113107751225963
only way,-0.34129283203192634
do with,-0.3413106188344783
spoilers,-0.3413507972851534
amount of,-0.34186305356793045
and this,-0.34189887225247095
an ok,-0.3420838330227347
decides,-0.342221990525367
up and,-0.3422778001702013
13,-0.34229275962591427
film however,-0.34239396566189406
anthony,-0.34241625767054007
all they,-0.3424331540038043
horribly,-0.34245576720435056
generous,-0.3425202255229796
no good,-0.3425980617050403
opens with,-0.3426455215597392
wants,-0.3428135724069424
and she,-0.3428342361818317
minds,-0.34286627628767496
to convince,-0.3430128235133025
had high,-0.34344727539209935
coast,-0.3435260494647513
attractive,-0.34402746452554833
morgana,-0.3441829310932753
come on,-0.3442501753166456
not find,-0.34426830795328806
grendel,-0.34442518926954796
made this,-0.34455439186006315
religion,-0.34512283075485245
does his,-0.3454202017940286
which doesn,-0.3455535529204997
they had,-0.34593480129334614
to carry,-0.34643280242883806
been done,-0.3464496210977
and once,-0.3469623729410631
ghost,-0.34704438076156596
join,-0.3471821142428748
warning,-0.3471893496934193
seen and,-0.3473025599779466
why is,-0.34740935115207877
be one,-0.34779892478032837
is basically,-0.3478510535369304
what does,-0.3478890237916184
get,-0.34805730495508036
dragons,-0.3483414039597484
unappealing,-0.34842667485387724
script is,-0.3486917689282449
the screenwriter,-0.3491646916928486
least bit,-0.34921035668980854
and poorly,-0.3492921694024969
empty,-0.3493290689925009
exercise,-0.34982342495517155
hanging,-0.3500693718762894
humble,-0.3500976169336486
fulci,-0.3501359983804437
about an,-0.35025654857561306
up this,-0.3503772219249308
also in,-0.35040134279662083
unbelievably,-0.35089640955736395
hollow,-0.35096428574620525
avoid at,-0.35106163201153984
movie making,-0.3511760836319872
the films,-0.35142336605244107
originality,-0.35143752032121395
suffers from,-0.35155807947617046
ron,-0.3516738517246332
indulgent,-0.351846236939514
myself,-0.3520417491822551
chaplin,-0.35217458898438336
halfway through,-0.35222641789000636
warn,-0.3522690274418414
give me,-0.35227056849626354
first place,-0.3523663627564607
95,-0.3525860188116605
cgi,-0.3527123885608996
can see,-0.35287983573734827
given that,-0.3528984594450328
the actor,-0.35358338050568
embarrassment,-0.3539316541774451
translation,-0.35405563399424134
this garbage,-0.35406472910984044
bodies,-0.35410954590704924
stomach,-0.35461363134226664
is is,-0.3551997626333766
least it,-0.3552274926448651
talk,-0.35527350878268354
the worse,-0.35532092486201355
plummer,-0.3553619459824245
and half,-0.35546566853919764
mouth,-0.35584334630665
thing is,-0.35594233807255277
bad that,-0.35596349851806297
and money,-0.35613507944998657
less than,-0.3563476570106422
damage,-0.3563564930670072
truly awful,-0.35668118410946564
just to,-0.3567300238433229
turning,-0.3568623349501406
and screaming,-0.35702881803573433
spent on,-0.35714054646635923
is waste,-0.35743139122672934
non,-0.3576741794289486
yourself favor,-0.35778226106116034
this just,-0.35781791177590844
cannibal,-0.35790157066809175
and mean,-0.35810698160033955
her daughter,-0.35817000364384116
bin,-0.35819957892992377
bleed,-0.358409088233379
it could,-0.3587624488847423
the poor,-0.35877391703381617
like watching,-0.358976200948655
in films,-0.35915462048548463
parody,-0.35983276075026743
it did,-0.3598502735562196
to save,-0.36007638975896816
star,-0.360198957670029
character development,-0.360237874127257
the film,-0.36051974991103103
jews,-0.3607240800892971
to leave,-0.3607441822800828
the camera,-0.360840720760733
say about,-0.3608649884231328
sorry for,-0.3610139416099901
is obviously,-0.3618778582400063
springer,-0.3621936300414841
plot and,-0.3623106717957256
best and,-0.3624179079176929
one good,-0.362461857316845
lighting,-0.36249656478733194
bat,-0.36261577083676216
is going,-0.36265706688431304
episode of,-0.36298180294577354
and pointless,-0.36307889970050566
gross,-0.36308134723576263
hyped,-0.36330950187045113
meat,-0.363479135116245
to sit,-0.3635600434045792
review,-0.36360935371996383
unable,-0.3636532229446959
that includes,-0.3636550251717622
hepburn,-0.36371690583462013
wrong the,-0.36373720841037993
plot is,-0.3637942612817374
produced,-0.36390461795264695
boring movie,-0.3639534441150062
not recommended,-0.3639780622363154
saving grace,-0.364113690660577
billed,-0.3643581469568414
dumber,-0.36441402332779976
movie sucks,-0.3644889963814195
poor and,-0.3647365195994596
and too,-0.3648894050234097
writers,-0.3649485043329393
and apparently,-0.3652382447586294
wtf,-0.36534585854666257
thing in,-0.3653581424813345
money back,-0.36538683269766775
to fill,-0.36539615147588345
mistake,-0.36547469468624155
did was,-0.3655763139654052
trancers,-0.36604955062670713
to look,-0.3661614115486857
women and,-0.3664694517072805
costume,-0.36658725832547084
just awful,-0.36684023499986174
happens,-0.36698079689396723
it at,-0.36700343425774196
sarne,-0.3670852114566199
pitiful,-0.36736830804627835
outs,-0.3673721094262639
the side,-0.36745886006260237
vanessa,-0.367563946892473
amusing,-0.3677350443243268
doesn help,-0.36800729569616736
character in,-0.3681766781310056
unintentional,-0.36828619426042586
am not,-0.368736624061803
lets,-0.36953343717731396
figured,-0.3696541426579704
rochester,-0.36976670385137744
is neither,-0.36978091828843085
suffers,-0.3698432620099132
to act,-0.37027941142185433
then they,-0.370327277943996
weak and,-0.37051451977674504
horrified,-0.3705810088921296
amount,-0.3706105651585776
or even,-0.3708903811979745
there is,-0.370987108984623
title,-0.3710789908246958
channel,-0.3711215962841254
if the,-0.3711788905063216
lost in,-0.37176287398793684
stinks,-0.3717883048234666
jennifer,-0.3719238375004331
where,-0.3720019236959407
sean,-0.37223462399740875
polly,-0.3722645916569245
awful it,-0.3723864223677748
complete waste,-0.37240056255364323
kept,-0.3726795107500006
gave up,-0.3727636734801959
possible,-0.37326789840922264
surrounded,-0.37352483018439014
romero,-0.3739570505286401
failed to,-0.3739731210757656
by her,-0.3739993526669874
pretty bad,-0.37414065271416674
even get,-0.3741779916216044
rotten,-0.3747656127540309
besides,-0.3748386672587851
below average,-0.3749146979151014
segal,-0.3752729201454132
intelligence,-0.3755461182739881
not this,-0.3755884813387959
melinda,-0.37559834317170615
asks,-0.3756553469798738
no apparent,-0.3758543216998345
fast,-0.37595587828092375
great actors,-0.376012518117979
just isn,-0.37602260273103255
but even,-0.3763050387728246
very very,-0.37649830738924656
lampoon,-0.3771280590753276
concerns,-0.3772931189606427
artistic,-0.3773012742346694
the villain,-0.37733048952319115
do yourself,-0.3774201322083835
regarding,-0.3774899586191121
was over,-0.37761473866383743
jessica,-0.377622724921519
by this,-0.3776716596460423
scenario,-0.3778343572490237
filmmaker,-0.3781132210393228
bela lugosi,-0.3783502694171368
didn even,-0.37862389893376297
emperor,-0.37862604609631156
tolerable,-0.3786373099963058
up as,-0.37869774961110886
it basically,-0.37889114067217206
vera,-0.3789874463853895
choose,-0.3792140718611593
random,-0.37923806880037153
to put,-0.379639801518901
solely,-0.37981478700419674
thinks,-0.38035535743140864
watchable,-0.38043314253231525
silver,-0.3806844031706318
dollar,-0.3807063381288441
was even,-0.38074214083036856
was no,-0.38076515283140167
must be,-0.3807801446526611
sole,-0.3808637167736416
like he,-0.3809906189013413
akshay,-0.38119356950477856
be an,-0.3812646185542602
work with,-0.3814045627464508
shut,-0.38173133850784846
thin and,-0.3821048762839527
fill,-0.38213798788603087
miserable,-0.3822562111241973
reasonable,-0.38226571445990637
part is,-0.38229733553500045
than one,-0.3825559262227111
20,-0.38283369118452293
is completely,-0.38295708368061576
huston,-0.3831323913719095
wanted,-0.38317819311212603
early on,-0.38353938004678995
christ,-0.3839695473462347
version,-0.38404002997001485
affair,-0.3842109829930003
box,-0.3842820437259874
kramer,-0.3843635646930693
enough to,-0.3845484472964028
through the,-0.38463797495081486
it felt,-0.3847179429098949
is worse,-0.38477954854440777
computer,-0.3848530960565083
unimaginative,-0.38487486787262565
consists,-0.38493565320983586
fools,-0.3850637587971932
to turn,-0.38516851406270314
good idea,-0.38560447792764546
apollo,-0.3856353286481517
revealed,-0.38570548902962315
co,-0.3857114892907256
adequate,-0.3859881539293034
chandler,-0.38619855489807414
rating,-0.3862658011988227
stereotyped,-0.38630188561326056
avoid it,-0.3863242138191329
shark,-0.3865777729212497
1970,-0.3866713213390414
kill,-0.38676033394647075
cardboard,-0.3868164690638438
funny in,-0.38692664525337833
and instead,-0.3876896510164379
home alone,-0.3878177262946884
was too,-0.38794461705024913
that the,-0.3881141899143589
beowulf,-0.38826385644002187
ho,-0.38826791075663536
to think,-0.3887987662548486
wannabe,-0.3888113824288722
harold,-0.38883755427520045
protagonist,-0.3889401782602535
painful to,-0.3889468388753953
end,-0.3889503546359835
effort to,-0.3890321927752994
run,-0.38924918904204936
how,-0.3893269666769521
paying,-0.38942847255687
naked,-0.38951919734199647
ridiculous and,-0.389595842516847
hill,-0.38964017594176453
turned into,-0.3902070771801945
generic,-0.3902107219273134
be ashamed,-0.3902859486333623
produce,-0.39038531607461435
of clichés,-0.39045568433903305
lee,-0.3907028516540434
shame on,-0.3907341761256535
headache,-0.39118443988649665
omen,-0.39139008253469276
working with,-0.3916480570485682
take,-0.3917415517501532
confusing,-0.3917757856320786
the entire,-0.3917869178473126
unable to,-0.3918191695432038
has little,-0.39198704509655424
potentially,-0.3920003755077407
why would,-0.3924036524167588
purpose,-0.3928963010918234
script and,-0.39294981340165896
but don,-0.3931856335392726
confess,-0.3933840059994381
movie does,-0.3935335036129261
kay,-0.3940611249153367
can save,-0.39409930699357587
hospital,-0.3945298376890652
whole thing,-0.39477579977063415
absolutely,-0.3948623258244635
those people,-0.3949454629510991
really don,-0.3951591376393532
forward,-0.3953760888405037
you were,-0.3954379842093282
possibly,-0.3954900963159371
too much,-0.3962205953077927
exorcist,-0.39640816062742895
very boring,-0.3964203199961075
15 minutes,-0.3965008418359442
one would,-0.3965117618059222
ship,-0.3965964087489684
totally,-0.3968027746226757
rave,-0.396971945558027
is horrible,-0.3973214585709021
keaton,-0.39743607018122595
kid,-0.3974599619720854
to star,-0.3975358819031462
danger,-0.397636971291771
routine,-0.39793417281567556
the material,-0.39858114478195367
decided,-0.398638480858582
revenge,-0.39875442516703197
first movie,-0.39880381951058314
academic,-0.3991443330748371
total waste,-0.3995064728500188
desperate for,-0.399606984743481
the slightest,-0.40025746970049225
slightest,-0.40025746970049225
mom,-0.40065326728945044
dialog,-0.4007353378680421
rip,-0.4013240330347575
werewolf,-0.4014143112296591
of bad,-0.4014684528096524
and his,-0.4014687135619406
desperately,-0.4017688118604212
caricatures,-0.401786602064017
imdb,-0.40180547993836174
watch the,-0.401826851632747
vulgar,-0.4018714889000953
myra,-0.40228388221157957
end of,-0.4023402230587479
bla,-0.40246754449278066
sad that,-0.40281611134162615
the writer,-0.40337555157454635
dracula,-0.403379914679602
tell you,-0.4037541653556685
contain,-0.40416822213657067
talking,-0.4043911113128583
sucked,-0.40473005662698336
compelled to,-0.40484588236048247
sholay,-0.4050436662057668
entry,-0.40507105982273506
film when,-0.40518277336615927
killer,-0.40526537954919895
so they,-0.4055194318936315
no story,-0.40553020607817614
fbi,-0.40579178548016553
please don,-0.4060558097294382
would make,-0.40614467207876503
triangle,-0.4064522227310237
believe that,-0.40685898954655314
excitement,-0.40744918410431746
after this,-0.4074695650269006
rangers,-0.4076394077119233
thrown,-0.4076511312432156
paint,-0.4077846867667038
spike lee,-0.4078313364901026
were trying,-0.4081198237109715
way through,-0.4081575217132933
severely,-0.4082249468018408
old and,-0.4085715448641667
kornbluth,-0.40864967697087234
was ok,-0.4087347224781737
house of,-0.4087731523105205
money to,-0.40895217986132376
ms,-0.40908210446493304
have no,-0.4091723095178314
of good,-0.40917626560794745
slap,-0.4092244599020274
giant,-0.4092539223167256
robert,-0.40929618147527913
crocodile,-0.4094509241903861
army,-0.409543341150809
monsters,-0.40954668720326337
around with,-0.4095970698780721
mccarthy,-0.4095975457694479
belief,-0.40964237300556033
effects,-0.4098768042669745
pseudo,-0.40995414873902297
doesn even,-0.4100267074689703
stevens,-0.41005780395176944
sources,-0.4101867125960862
desperate,-0.4105117001014213
time on,-0.4105153336665832
interest,-0.4105320152626798
preposterous,-0.41065970125171497
global warming,-0.4111463274050116
coherent,-0.4112139156600587
is predictable,-0.41128309717863715
off to,-0.4121929642449686
fights,-0.41228670150949526
is simply,-0.4122947744027115
bad but,-0.41232144252619446
great but,-0.412934625407932
exist,-0.4131446499941942
no wonder,-0.4140582920023508
throwing,-0.414110749069229
as to,-0.4142072085403629
an episode,-0.41423188541290235
bbc,-0.41446995494288025
fat,-0.41471755118799863
was probably,-0.41539350808705056
just seemed,-0.4154965506815336
azumi,-0.4158430998458827
inspector gadget,-0.4159091255781292
where to,-0.4162574264377955
saif,-0.416615579200314
manage to,-0.4167155331317042
who will,-0.41698072809489306
her husband,-0.4174842090256018
express,-0.41755557804319227
arquette,-0.4177652558593063
more entertaining,-0.41800519264120944
awake,-0.41814313514850215
not much,-0.41814650495316597
talent,-0.41859230326772967
you have,-0.41874589559142783
after the,-0.4191260339266781
worthless,-0.41943703646591135
abuse,-0.4194473602713639
just didn,-0.4194636152301901
the dead,-0.41953256743881356
screenplay,-0.4196558244269951
poor the,-0.4197436882645665
phony,-0.41974718868937183
better movie,-0.41980280296322997
read the,-0.4200536643978797
with poor,-0.4204753399492774
the play,-0.4205740197387064
not watch,-0.42058456380019354
spending,-0.4207084977059478
in it,-0.4211094447631309
boring the,-0.4211360367600993
sabretooth,-0.4214440954494834
stay away,-0.4216692000470288
of money,-0.4218616033602343
curiosity,-0.4225649705810548
nope,-0.42289089571717087
the girl,-0.4229794325382603
what waste,-0.42298328707104466
having to,-0.4230166189519359
quality,-0.42328356161295394
aliens,-0.4238409545335587
is even,-0.4241660162243992
englund,-0.42434338469650656
if someone,-0.4248327799264617
gags,-0.4255817016068133
the dvd,-0.42578236702165284
mention,-0.4258794776292586
bored and,-0.42628939861214765
tedious and,-0.42649958900129115
how about,-0.42653579696561617
power rangers,-0.4266174290582779
disjointed,-0.42680606627409823
soap opera,-0.42683061412981776
portion,-0.4272867954804664
shoot,-0.4274609996620435
student,-0.42775934092715284
pia,-0.4278259751651661
does not,-0.42792884389165553
watch this,-0.4280126739897311
dad,-0.42843344111091397
appeal,-0.4285481792924306
but no,-0.4290805783021967
baby,-0.42924393061533106
and don,-0.4293493586077339
lordi,-0.4294044287443409
illogical,-0.42971590399442655
inane,-0.42991053178256566
attempts to,-0.4307868497389791
minutes into,-0.4311041171596882
getting,-0.43113614787225724
demon,-0.4314084752310978
don get,-0.43211856413303695
was terrible,-0.4321920963648073
be better,-0.43253131095142855
continuity,-0.4326929022802256
want to,-0.4328290147255555
the editing,-0.4328558205024995
much of,-0.4330411895800772
would have,-0.4333438118192811
credits,-0.43339222474010325
over,-0.4337099249464691
the weakest,-0.4341424878635095
interesting but,-0.4342961542392088
dreck,-0.434481386401061
very low,-0.43463100289082335
ego,-0.43469390828886423
set up,-0.43493066679905007
unoriginal,-0.4353107493727632
10 minutes,-0.4353256861864844
an hour,-0.43550064929503063
my grade,-0.43572935474319396
was some,-0.43630928810060143
miserably,-0.4363421344070997
compelled,-0.4366667703874932
scene,-0.4367346440788967
unintentionally funny,-0.43680115868394764
spent,-0.43693047979362015
mexican,-0.43729394890802287
the eye,-0.4379562626298194
and poor,-0.43800011189638977
largely,-0.4380268413174644
result of,-0.4380865229306994
talks,-0.438591203651498
yet another,-0.43883179355768814
you re,-0.438904120326373
was trying,-0.4389733621465812
very weak,-0.43902902821926537
torture,-0.4396614316503879
merely,-0.4400088789858208
main,-0.4400641728691566
offer,-0.4401125898380215
nasty,-0.4402176047967975
actors but,-0.44046982682349284
is laughable,-0.4405669518567352
rape,-0.44078310213092703
it didn,-0.44079137071101915
female,-0.4409892279600539
rick,-0.4409908423223455
why do,-0.44101658017233486
the zombies,-0.44108387914990815
this could,-0.44123944243536745
caine,-0.4414828422165175
save the,-0.4415332086505161
acceptable,-0.4416437872193519
of movie,-0.4417096802513574
favor,-0.4417974606741893
conspiracy,-0.44186159745579645
one time,-0.44251004804537675
blatant,-0.4430551905975593
film the,-0.4436510186294895
writer,-0.44371125676826584
god awful,-0.44376493932001726
he then,-0.4438357951119093
rambo,-0.44434581959536507
virus,-0.44455840802031626
90 minutes,-0.4450735948415528
the makers,-0.44526306592128356
already,-0.44529392929276523
film but,-0.44612030774982625
cult,-0.446276346545402
the least,-0.44627873384723504
senseless,-0.4464047473249193
robot,-0.4468127023831299
throw,-0.44714491039894144
first two,-0.4473711722898775
storyline,-0.44749318205259214
just seems,-0.4479188980868873
about this,-0.44799484137096846
set,-0.448668758516031
overrated,-0.44906345464401004
this project,-0.44911961886634844
one dimensional,-0.44917746441244544
simply not,-0.4500523641781728
scary movie,-0.45022393729866533
be comedy,-0.45089291010134847
is it,-0.4511343052535574
was bad,-0.45117275292713416
to sleep,-0.45129153089497687
all over,-0.4516051349664765
inept,-0.45170938597516
dubbed,-0.4518031055408071
the biggest,-0.452002367149029
quickly,-0.4520623060422325
film maker,-0.45235627430361247
the main,-0.4529254098020674
the us,-0.4530562605477335
turn,-0.4530619243569785
to work,-0.45333583581247955
corpse,-0.4533926894909128
huge fan,-0.45351564956725837
as long,-0.4538036390774157
downhill,-0.4540113636231533
movie was,-0.4548863040430011
kinda,-0.45491158365194045
all that,-0.4550760813595868
saturday,-0.4553085796501473
hideous,-0.4554725362401599
walked out,-0.4557387585039173
behave,-0.4558817920853826
thunderbirds,-0.4568085515794463
stick to,-0.4568903846970758
fan of,-0.4568972958925281
such,-0.45730015236347754
from one,-0.45737740599174526
time for,-0.45740474284140215
bother with,-0.4574412776342006
filmmakers,-0.4578501302828714
worst films,-0.45801902552029755
theater,-0.4587728204433463
the result,-0.4589774984406
one star,-0.459205424815911
stiff,-0.4592474176040605
book,-0.4594612821373852
seed,-0.45951429443759206
in film,-0.4601813462327867
has the,-0.46034606857259797
thing about,-0.46049681119419456
instead it,-0.4605216653157925
acts,-0.46071638035754175
advice,-0.46100539666933454
fell asleep,-0.4622632340494159
in space,-0.46280032768045914
prom night,-0.4629868979327643
unlikeable,-0.4630872663472105
difficult to,-0.46409357865014345
it simply,-0.46422825538866513
dying,-0.464260964204864
are we,-0.464471492764474
potential,-0.46447344406886704
aren,-0.464583713462725
for something,-0.46477331030921804
franco,-0.4648072263244973
shouting,-0.4652227656440708
ariel,-0.4660703371471776
mabel,-0.466470001502698
was all,-0.4666583785970963
hardly,-0.4677223602492337
the producers,-0.46805166128763487
on the,-0.46807258889819436
reason for,-0.46826954944432736
walked,-0.46829911505818067
weren,-0.4684086403542833
has no,-0.4684568039505999
idiotic,-0.4690206352298928
horrible movie,-0.4696591803495607
fail,-0.4696861996848016
budget,-0.4700884424342059
was the,-0.47034733968447057
been made,-0.47038196807065785
dialogue is,-0.4704295692425903
can believe,-0.4704599522018978
less,-0.4704961473266839
did they,-0.47086345730181506
program,-0.47138717052035606
purpose of,-0.4714057810468341
it up,-0.471817767130881
asylum,-0.47210122673236976
black,-0.4722141040042251
cheese,-0.4727290695778249
original film,-0.47287281656615593
me wrong,-0.4729179246386515
sounds like,-0.47311028471122785
sat through,-0.47311267822492525
rescue,-0.47319523389478385
son of,-0.47351752087131194
stock footage,-0.47370825859518784
bell,-0.4738393154385024
weakest,-0.4749542460609312
point of,-0.47505601668045716
promise,-0.47533614942218183
upper,-0.47537595721907433
vampires,-0.4757491645374264
stick,-0.475966297290119
little to,-0.4764338115524739
chase,-0.4764989991127
boll,-0.47675484920393757
ridiculously,-0.47688497966149374
movie the,-0.47700509779099337
and therefore,-0.4772075553278232
clichéd,-0.4776165499795761
acting was,-0.47763072521275524
stinker,-0.47788305957538324
corpses,-0.47805373555077507
tashan,-0.4784631675602552
jungle,-0.47865690258973104
monster,-0.478942595987029
they were,-0.4795121133388585
ideas,-0.48006768645244396
it looks,-0.48020466172094267
are too,-0.4807946751463383
movie if,-0.4809868508938247
puerto,-0.48196442730177963
tunnel,-0.48274532566397393
dillinger,-0.4828257352627387
ever seen,-0.482879415351
is this,-0.4831315098106888
it might,-0.48332526657242436
it because,-0.4833268209343834
huge,-0.48448106099856614
hopes,-0.4846853366206478
it looked,-0.48469159371157405
one scene,-0.4853274075035257
speak,-0.48583322488742425
sense,-0.48607569588680777
hated,-0.4862096238617825
went,-0.4874790712087187
flesh,-0.4876894488760026
tried,-0.4878100466729271
kareena,-0.488094870392112
names,-0.48943259808708706
in which,-0.48944967390949795
but then,-0.48992251686261346
hackneyed,-0.49030766771447504
leigh,-0.4905140422539979
half of,-0.49064544405711363
forest,-0.49140884862563394
something to,-0.4920743899584781
non existent,-0.4921345706486236
usually,-0.4921722685456059
welch,-0.49229429154599885
unfortunately it,-0.4934711832423904
could not,-0.49599423303097245
utterly,-0.4960921548697311
stock,-0.4964942858305776
it fails,-0.4965419851841894
jones,-0.4971768178205173
is boring,-0.4973620841806476
no reason,-0.49790439064269987
arab,-0.49790677087103036
me that,-0.4987896543284878
this turkey,-0.4989249273364605
right wing,-0.4991542205979027
ill,-0.49917107226063995
scooby doo,-0.49973814433126096
stereotypical,-0.4997715617915028
don bother,-0.49982143830682346
long as,-0.4999829007018724
incredibly,-0.5004420283639384
godzilla,-0.500597620816202
about as,-0.5012482686833944
than,-0.5014278615664645
dimensional,-0.5017098748406924
stilted,-0.5020006531312732
the wrong,-0.50209035205128
to recommend,-0.5021331431383673
awful and,-0.5022330517212924
try,-0.5024273971872841
problem with,-0.5025617316925268
existent,-0.5028666402674107
plot was,-0.502890044765851
just wasn,-0.5030289170190664
girl,-0.5032659794942447
maker,-0.5036813864982546
unintentionally,-0.5041089193383914
sit,-0.5042184875913724
for no,-0.5044171139885238
feels,-0.5046658082695957
utter,-0.5047490858847621
lifeless,-0.5051728023672822
motions,-0.5053512532103953
scary,-0.5055932367421204
dahmer,-0.5056301446555885
nose,-0.505678462693866
chick,-0.5061188048710847
is poor,-0.506264481904075
very poorly,-0.506885005292076
followed,-0.5070768567383248
sleeping,-0.5071326882690648
flop,-0.507667814611403
stupid and,-0.5080694592091614
that about,-0.5080998443738387
to even,-0.508315850186394
like an,-0.5083196147457029
for this,-0.5089228751749809
sound,-0.5091579957031471
semi,-0.5092161208670279
character,-0.50969333165161
dire,-0.5105631139784567
soldiers,-0.5105988222947033
act,-0.5111266118873665
and boring,-0.5112208273554826
have some,-0.5112342030155476
rip off,-0.5113942789037697
wife,-0.5121997396830247
lazy,-0.5122114640833902
lame and,-0.5126016651461753
clichés,-0.5127189968062802
these people,-0.5127441296693925
bottom,-0.5141736051575788
no plot,-0.5143486010553138
isn that,-0.515351603841571
muddled,-0.5164631370347185
two hours,-0.5172584675754271
estate,-0.5178428186021884
mother,-0.5180166877588607
don watch,-0.5182307905779424
proper,-0.5183162503140101
let,-0.5183281822282608
how not,-0.5187039712489809
ok but,-0.5197807205472766
sequel,-0.5198334501941468
bad this,-0.5205938216566023
to care,-0.5209089051061316
annie,-0.5216569205216569
an awful,-0.5217010781753572
development,-0.5218898072985878
but unfortunately,-0.5220229443868047
without any,-0.522829950994514
while she,-0.5231702109111824
naughty,-0.5235578628548073
decides to,-0.5245049280315479
cop,-0.5246241955038858
horrid,-0.5246816285974786
ripped,-0.5247841589153674
to do,-0.5256596435448094
alright,-0.5272327785658987
pile of,-0.5274343619155987
george,-0.5274425463952144
it in,-0.5276323270021372
insult to,-0.5278367306154608
had to,-0.5278673421412933
tv,-0.5286265757813244
so you,-0.5295440143742529
pass,-0.5297226237335729
does have,-0.5307891964726998
has nothing,-0.5312666815303511
east,-0.5318805045739239
seagal,-0.5320256247081455
dinosaur,-0.5320396282728609
becomes,-0.5325931006433005
screenwriter,-0.5327280335653265
started,-0.533446819285644
absolutely nothing,-0.5338302606312508
uninspired,-0.5343435149038529
all costs,-0.5346333109647372
be great,-0.5356035854466797
any sense,-0.5360673784855383
very disappointing,-0.5369151510249321
straight,-0.5371847396624105
slasher,-0.5383313305022203
but not,-0.5386459179784168
daughter,-0.5389205605952125
security,-0.5403052992168299
girlfriend,-0.5404314853543267
crappy,-0.540676450483803
oh and,-0.5407026148376339
or something,-0.5409521490570555
up on,-0.5415218155646202
sick,-0.5421753826091333
and use,-0.5421878932436213
spends,-0.5425471866910944
plastic,-0.5441055617760118
lacks the,-0.5441224895621559
action scenes,-0.5441554611363918
filming,-0.5445936416241396
half the,-0.5446827457343144
frankly,-0.5447914304181369
no sense,-0.5454740329077692
die,-0.5457518963508555
that they,-0.5458465274140065
good looking,-0.5461777692253168
husband,-0.5463471695910908
rather,-0.5466010971844926
however the,-0.546947184978966
gang,-0.5470752170109797
news,-0.5485313055294517
stupidity,-0.5489435710290965
santa,-0.5489534971926845
very disappointed,-0.5489657807892023
is terrible,-0.550001297709325
hunter,-0.5503565448613817
but in,-0.5505034951072766
just not,-0.5505861952239498
not that,-0.5506757077811122
jesus,-0.5509398456369236
ii,-0.551179411657135
wanted to,-0.5515477987709854
attempts,-0.5515622049036412
amateurish,-0.5517661291385033
should,-0.5518597001581356
predictable and,-0.5519052139115875
better to,-0.5521753603259799
junk,-0.5526095970610173
convince,-0.5528588546878961
prom,-0.5530026657286973
how did,-0.553826601761655
don go,-0.554038948185044
the cover,-0.5544603217161181
would not,-0.5546053835249892
would be,-0.555044446704977
tripe,-0.5553153177413513
enough of,-0.5563419333973915
should have,-0.5574268627234322
walking,-0.558444669946352
mansion,-0.5589662610085683
save your,-0.5596888731625075
it tries,-0.560183358977787
feel like,-0.5604274988987771
let down,-0.5613334725890953
gun,-0.5614708159894723
jewish,-0.5619496442092817
wood,-0.5632557277385242
fest,-0.5634180999450179
look,-0.5644556115466709
single,-0.5650630146721213
first half,-0.5658244684546339
money on,-0.5663006199416019
blah blah,-0.5667986100498065
cheap and,-0.5678398885372565
writing,-0.5679224997936231
whatever,-0.5681052657492827
maybe it,-0.5687863317987899
yeah,-0.5690956906076886
useless,-0.5699798003854195
sub,-0.5701282039348491
doesn,-0.5709272225435611
every,-0.5722158641322488
on its,-0.5722188711139337
the mummy,-0.572844444266708
watching this,-0.5728639219026689
fake,-0.5731207381166962
van damme,-0.5738189022899205
damme,-0.5738189022899205
doo,-0.5744090909712909
ashamed,-0.5748744951604501
in an,-0.5759859476630276
why did,-0.5762865069431717
this one,-0.5763568828984063
problem is,-0.5766829464345753
rest of,-0.5767637147983666
can only,-0.5769387316840574
good thing,-0.5770878971593747
substance,-0.5773888565799826
doctor,-0.5776400671514123
unbearable,-0.5777156847943541
sellers,-0.5779296038725454
eye candy,-0.5784051746641273
my time,-0.5793729516478944
sounds,-0.5797186710945889
at,-0.5797640556872549
really bad,-0.5799317228459183
is supposed,-0.5799747674192884
the good,-0.5799831596565506
this piece,-0.5804166039789823
everyone involved,-0.5805519185463494
whole movie,-0.5806584161462682
re,-0.5806957711669866
much better,-0.58148806409808
lindsay,-0.5816601604640824
them the,-0.5829095837478953
mildly,-0.5830013554939676
needed,-0.5831065951521288
appears to,-0.5831400308186426
not recommend,-0.5838654540545258
drug,-0.5846779625205001
only good,-0.5847353973687058
bad movies,-0.5849131334767629
no real,-0.5851888020083054
given,-0.585565246210403
want,-0.585628183316805
mean,-0.5857851595519299
year old,-0.5870704310969345
bad film,-0.5874775329555504
grave,-0.5876104828250283
villain,-0.5881771189890497
more like,-0.58929618373571
to have,-0.5894674050634063
have made,-0.5902106542613743
not very,-0.5907001752696184
it through,-0.5908376038012161
doesn make,-0.5910174904237371
up,-0.5929132895144188
hand,-0.5932255597553316
boyfriend,-0.5948085586677133
appears,-0.5949564966551786
sex,-0.5950923133029525
downright,-0.5951017962222018
alex,-0.5955867722208646
gadget,-0.5960733614357042
car,-0.5971610488696404
skip this,-0.5973007837564777
below,-0.6004733633778716
running,-0.6010687160963863
get me,-0.6017018251278574
irritating,-0.6029740312042136
whatsoever,-0.6047420645715041
painfully,-0.6053265439439498
costs,-0.6056206023134869
slow and,-0.6062671955499743
other than,-0.6065487995964928
is ridiculous,-0.6068339744088889
too many,-0.6074720242558026
dull and,-0.6080609374192081
poorly written,-0.6084529043393948
awful the,-0.6100247505302893
christmas,-0.6100807239625543
priest,-0.6110255246580715
baldwin,-0.6110714002396727
promising,-0.6137165215319186
turkey,-0.6138984301761659
insulting,-0.6142637521176578
comes off,-0.6147666204130505
video,-0.6154240643828313
bizarre,-0.6168664768370558
failure,-0.6183048859808363
obvious,-0.6183690274572424
elvis,-0.618369166329203
tiresome,-0.620199058498828
group,-0.6211258804361254
propaganda,-0.6220939157036234
unnecessary,-0.622796420258517
bomb,-0.62358996786725
completely,-0.6247893531609503
wasting,-0.6249909760677279
entire,-0.6259398953485488
name,-0.6269924523509944
group of,-0.6280419943158547
my money,-0.6282703783755764
excuse for,-0.6287782235441182
uninteresting,-0.6299267847100883
positive,-0.6303159376769641
extremely,-0.6305281520583169
whole film,-0.6327446485131574
flies,-0.6327688569290782
gore,-0.6328290422419824
must have,-0.6330510310894746
care,-0.6331983019358476
disgusting,-0.6333663358460458
don even,-0.6351732138366017
some sort,-0.635374388195402
that all,-0.6363419198742424
project,-0.6363839797020989
had been,-0.6379172995548434
does,-0.6383655018310189
zombie,-0.6384325279708088
seconds,-0.6390247428683322
bad the,-0.6401543044061806
value,-0.6404334775221653
offensive,-0.6412036001108694
and then,-0.6415339072853913
halfway,-0.6421704031304697
very little,-0.6424401143056265
the video,-0.6434407089970173
dr,-0.6435504149937342
unrealistic,-0.6437057148404678
walk,-0.6445777235192085
cover,-0.6451889214194585
anti,-0.6460634139464969
if it,-0.647831997443337
looked like,-0.6488594086243358
appalling,-0.6490286557497765
saying,-0.6490794990162435
simpson,-0.6492780671208265
your money,-0.650533200006334
worst film,-0.6509610553223578
left,-0.6513824798568304
goes,-0.6517501813194919
was awful,-0.6528966353193987
seemed,-0.6538801651615933
here,-0.6545146601092083
shallow,-0.6552759991830132
an insult,-0.6556555577859969
contrived,-0.656378348864089
skip,-0.6573382462124826
actor,-0.6581118692813104
killing,-0.6583335301357265
he just,-0.6586513082007774
sucks,-0.6596526605274988
pile,-0.6599019972648197
hours,-0.6605411602646648
sort,-0.6623882305386946
is okay,-0.6654357775643543
bad as,-0.6657405906553513
too,-0.666560176249589
vampire,-0.6670184612725252
hour,-0.6687884593808232
was to,-0.6690614189070706
ruined,-0.6706164896980885
horror,-0.6711392235150088
far,-0.6712586829184694
anderson,-0.67307793063817
mason,-0.6732935164220811
through this,-0.6749430995042593
don waste,-0.6752838382059484
this mess,-0.6752949969282869
major,-0.6753110728871139
murray,-0.6761531522318346
that bad,-0.6764978315311062
nonsense,-0.6772647578628799
boredom,-0.6794362305533429
that would,-0.6797701295416526
gets,-0.6800443317536674
through,-0.6808678558776182
sleep,-0.6818244554940174
then the,-0.6819295047134127
remotely,-0.6828796546448137
confused,-0.6832410557697532
not in,-0.6841060520722649
minute,-0.685443916699628
worst of,-0.6856511103178597
head,-0.6857869694080518
embarrassed,-0.6858674073637702
was so,-0.6860693203847733
paid,-0.6871257665059368
my life,-0.6871328077156844
screaming,-0.6882878955308767
this crap,-0.688570402586231
what was,-0.6906855039784988
doesn work,-0.6913191876109004
just plain,-0.6948674212830257
terribly,-0.6952848623728157
had,-0.6954449353751674
credibility,-0.6956085903383867
complete,-0.6957522902168791
that,-0.6977911717767442
save this,-0.700411057659718
shame,-0.7005849322395623
did not,-0.7014513964702425
not enough,-0.7019092237243525
the whole,-0.7023310937888122
starts,-0.702656937659697
problem,-0.7031202459314806
as bad,-0.704764912691077
even worse,-0.7055144408796101
the acting,-0.7104220564540781
unwatchable,-0.711058329011951
pretty,-0.7113157406795636
embarrassing,-0.7113841321594886
somebody,-0.712531711166575
is awful,-0.7138073969862223
zero,-0.7164546428211721
failed,-0.716804152163394
if this,-0.7176987499546164
look like,-0.7198565779549438
concept,-0.7213429952914457
slow,-0.7217635310418286
supposedly,-0.7227289634941296
the guy,-0.7234379496282686
blood,-0.7263535763971911
bunch of,-0.7263853887683617
to believe,-0.726675433710663
otherwise,-0.7283196629821698
scooby,-0.7293146118979436
not one,-0.7299963028480355
plain,-0.7301124827913615
tired,-0.7303916807151647
out,-0.7314349861414887
write,-0.7318164622879039
killed,-0.7319246440097659
just doesn,-0.7321897344951359
even the,-0.733128131861792
direction,-0.7342518574776686
context,-0.73425357169611
what is,-0.7362632438906178
the first,-0.7362775977270831
of this,-0.736532769084293
obnoxious,-0.7371918385402814
accent,-0.7372459663378077
mummy,-0.7377403817490783
blame,-0.7395434492884321
kills,-0.7406074020658927
excuse,-0.7407306783536795
sort of,-0.7416547437332613
seem to,-0.7421051889627087
and not,-0.7421660408032553
footage,-0.7435497038721889
to write,-0.7482066059825924
unbelievable,-0.7485382656400582
point,-0.750959829085394
some,-0.7519582738121593
atrocious,-0.7522425084946641
bad and,-0.7527333091696405
god,-0.7532092189296115
lack,-0.7539410678544409
there was,-0.7544967625336804
90,-0.7556047157144107
victims,-0.7556195152774212
endless,-0.7586525669997989
trite,-0.759688972047573
nowhere,-0.7598482246282917
honestly,-0.7604576451649376
college,-0.7617724168832821
ends,-0.7627247384325245
be funny,-0.7652204048775723
falls,-0.7657813173086795
cassie,-0.7664159804421357
lesbian,-0.7667471929796256
amateur,-0.7671076095935262
ludicrous,-0.7672563957976459
incoherent,-0.7681009219284375
interesting,-0.7692264604454321
fast forward,-0.7693279470549347
sit through,-0.7700764951197463
isn,-0.7718490216063418
thin,-0.7719413168691645
saving,-0.7732542745928693
on this,-0.7750163250344173
trash,-0.7762551573418369
with this,-0.7797002530223819
low budget,-0.7811992052345401
piece of,-0.7824845692479341
scott,-0.7827122987650433
this thing,-0.7846094267612526
drivel,-0.7858406769324439
attempt to,-0.7876954522283693
attempt at,-0.7887327336831139
avoid this,-0.7891791640387739
rest,-0.7907082220010481
bunch,-0.7931549758447344
looking,-0.7962483704124822
movie,-0.7964963053122152
bad acting,-0.7997674702673604
sat,-0.8020058518416733
result,-0.8022347829289384
miscast,-0.8034216158677552
do not,-0.8057654488690782
how bad,-0.8081355233239786
nothing more,-0.8083192101072568
absolutely no,-0.8090730669417912
seriously,-0.80924804648689
cannot,-0.8111168222947408
whole,-0.8114926721135717
to make,-0.8121441721225827
disappointed,-0.8126235052283503
scientist,-0.8203455008471612
scenes,-0.8213887137773273
of crap,-0.8221443465733689
down,-0.8223894847164093
could have,-0.8225322570249495
insult,-0.8241361299939564
asleep,-0.8243571647160448
christian,-0.8244464876961496
gay,-0.8248643282416991
is just,-0.8249163142285924
lousy,-0.8262351855408274
the rest,-0.8287474336117326
am,-0.828824995153496
nothing to,-0.8296895055360188
minutes of,-0.8312712300967763
absurd,-0.8351086297829616
as if,-0.8357407720419887
clue,-0.8358068627153642
stay,-0.8420216528435214
hard to,-0.8433473817677826
some kind,-0.8451806555266393
else,-0.8498361181487041
wouldn,-0.8500413500329613
animal,-0.8514095580392744
lines,-0.85156296872989
but the,-0.8519996650520322
island,-0.8539158571971218
but,-0.8543047127517313
disaster,-0.8602134042950457
worst movies,-0.8610422782397393
so,-0.8617427837311666
only reason,-0.8619440372853847
bother,-0.8636541914766546
dialogue,-0.8638896888753387
paper,-0.8652740828440618
effort,-0.8655837243471056
actors,-0.865617830769941
acting is,-0.8668446982185372
the problem,-0.8673194537110944
watching,-0.8682125131872666
bland,-0.8690785514826556
do,-0.8724342282086983
might have,-0.8729989757539208
looked,-0.8741194307166001
because the,-0.8781937954397139
unconvincing,-0.8820031085690949
maybe,-0.8855725076543921
obviously,-0.8860028696913997
way too,-0.8861684721718647
unfortunately the,-0.8866827913771047
premise,-0.8883704130603882
tries to,-0.8909357471804952
as an,-0.8964462392432764
is nothing,-0.8982361524607412
production,-0.8994172780828366
did,-0.9024391413032187
bad it,-0.9037010066299077
barely,-0.9042847859405415
in the,-0.9059165543541686
worse than,-0.9065171444687773
you want,-0.9085706636234454
brain,-0.9118566689278204
were,-0.9197937106586627
apparently,-0.9199230739636742
that was,-0.9247045674036499
is too,-0.9256056436785475
trying to,-0.9269554195806704
none of,-0.9276792596203611
editing,-0.9290802371704764
waste your,-0.9297048129825755
sadly,-0.9322552294360653
some good,-0.9378670188877423
is bad,-0.9402461856238462
none,-0.9413584679003545
didn,-0.9432446214376413
not funny,-0.945059888886481
wooden,-0.9469480677486902
rubbish,-0.9492101888918386
but this,-0.9557513825627346
with no,-0.9595559814332489
ugly,-0.9614003958197803
very bad,-0.961798281109688
guy,-0.9626317117013157
please,-0.9629556172127088
blah,-0.9659191493915087
hoping,-0.9752434287828509
seems to,-0.9827710564882708
however,-0.9872615274890056
mst3k,-0.9894626992660203
of time,-1.0009610585221727
either,-1.0015510183116318
zombies,-1.0026381427441284
much,-1.0103245412576474
any of,-1.012689472876369
simply,-1.01907311374896
pretentious,-1.0262553905283611
grade,-1.0343841515232757
neither,-1.0359465362353375
nudity,-1.039699256176844
camera,-1.040462540075248
wasn,-1.0408775060676039
the director,-1.0418457226110662
fails to,-1.0438175098704037
boring and,-1.044665972590726
redeeming,-1.045303540914524
idea,-1.046578099169368
guess,-1.0468889269734112
looks like,-1.0485873133378458
dead,-1.0522708260798936
have,-1.0567993445381252
enough,-1.0670681172774008
start,-1.0718617397050694
forgettable,-1.0728486615679782
could,-1.0753197395552898
might,-1.0811488112562204
cliché,-1.0835568714825254
garbage,-1.0842088518650406
lack of,-1.0865101208328356
wrong,-1.089867458597969
on,-1.089956617959696
the movie,-1.0966858074941666
dreadful,-1.0975012914737774
total,-1.0984142623850126
director,-1.098640923687827
material,-1.1030090164262414
rent,-1.1080284887573049
like,-1.1107919496411356
painful,-1.1114624193709348
be,-1.1122054825991698
make,-1.1145518392871916
bad movie,-1.1162728171874614
the book,-1.129434324189796
flat,-1.1313370910115195
mediocre,-1.1395166281777471
okay,-1.1406573672378526
women,-1.1417910814286552
wonder,-1.1424617589730477
tedious,-1.1447966293313534
not good,-1.1730785640215777
anything,-1.1857456174167968
joke,-1.186188683584744
worst movie,-1.2022178379296324
basically,-1.2163880972087824
is so,-1.2174999263061366
something,-1.2188432542920826
at best,-1.2190549489085112
than this,-1.2301540685588948
dumb,-1.250145045050524
the script,-1.261579306245974
original,-1.2720030562745397
ok,-1.288285991618163
it just,-1.2902853163416996
except,-1.2903604829583786
unfunny,-1.2919002534453554
not worth,-1.2952573411587616
they,-1.2979700455609033
tries,-1.2981069419529492
at least,-1.2992169601942603
thing,-1.3012574801169856
your time,-1.302701540502653
any,-1.3145904153699128
silly,-1.3306017005459199
not even,-1.3313581488049588
have been,-1.3338040980318215
someone,-1.354885406159603
been,-1.359001415528732
if,-1.3605367072598207
supposed to,-1.3737005194242597
unless you,-1.3780644961942738
would,-1.387715622250834
pathetic,-1.3939646541417934
trying,-1.3983953741915611
making,-1.3996896559339
decent,-1.4065322076114317
out of,-1.4070727175561373
acting,-1.4308175814933541
reason,-1.446417861504021
bored,-1.4471454525055156
seems,-1.4494826032938128
predictable,-1.45024859607879
sorry,-1.4600645222689648
laughable,-1.4664476399788668
attempt,-1.4756424906701058
low,-1.4988597956790526
so bad,-1.521098155219003
better,-1.52908527167908
off,-1.5315401459772806
weak,-1.5373393643200417
there,-1.5437430001101413
least,-1.545580040164133
unless,-1.5483049518204346
couldn,-1.5551963843012837
the original,-1.5614133810939481
lacks,-1.5721664405781022
disappointment,-1.5910861428073637
the only,-1.621661175115389
supposed,-1.6454852779354112
plot,-1.6510273784804517
cheap,-1.6552927145707832
to,-1.6716244974894665
to be,-1.674926638491461
instead,-1.6789952869284681
or,-1.689181175695706
save,-1.6897865147736677
wasted,-1.6982371597888741
pointless,-1.7247402194781103
this,-1.724778862652025
disappointing,-1.7498187618312173
don,-1.7789902072638069
badly,-1.7807945765709223
not,-1.7963411112093808
avoid,-1.8025117718967878
why,-1.8052942614607002
mess,-1.813671042082926
money,-1.8602702139152743
annoying,-1.8980952859711246
looks,-1.9000501723782883
half,-1.931942124163692
waste of,-1.9424943404794837
fails,-1.9957199531347767
only,-2.011760719374354
crap,-2.0617571869763522
at all,-2.074313779726009
then,-2.0929123301073544
was,-2.1092224319337918
dull,-2.122897719257924
lame,-2.1263770509697997
oh,-2.1279007139293924
ridiculous,-2.207883479771349
poorly,-2.2651871590762376
unfortunately,-2.275634317421614
just,-2.301436174819119
script,-2.3305179709281605
horrible,-2.3909065321147187
even,-2.5540456933905396
minutes,-2.5832353556451717
terrible,-2.766466617487512
stupid,-2.896399007362965
no,-2.9055234513022072
nothing,-2.9212519431302635
worse,-2.9431511850871765
poor,-2.960024048045987
waste,-3.1058362718689305
boring,-3.4413029862954967
the worst,-3.848679598004178
awful,-3.9706779140697646
worst,-4.510855657981264
bad,-6.129593819842219
